Trade_Number,Direction,Rule_Index,Rule_TP,Rule_SL,Symbol,Entry_Time,Entry_Index,Symbol_Bar_Index,Entry_Price,Release_Index,Close_Time,Exit_Reason,Price_Return_Pct,Equity_Before_Entry,Capital_Pct,Round_Trip_Fee_Rate,Target_Position_Notional,Position_Notional,Margin_Used,Open_Total_Exposure_Before,Open_Symbol_Exposure_Before,Remaining_Total_Capacity,Gross_PnL,Fee,Net_PnL,Equity_Before_Close,Equity_After,Account_Return_Pct,High_Water_Mark,Drawdown_Pct,Account_Status,Realized
1,short,85,2.0,1.0,10,2024-01-01 14:05:00,499,49,0.6203,3379,2024-01-02 14:05:00,SL,-1.0,1000.0,12.5,0.002,125.0,125.0,125.0,0.0,0.0,1000.0,-1.25,0.25,-1.5,1000.0,998.5,-0.14999999999999458,1000.0,0.15,ACTIVE,True
2,short,5,2.5,1.0,1,2024-01-02 01:05:00,1810,181,0.6357,4690,2024-01-03 01:05:00,TP,2.5,1000.0,12.5,0.002,125.0,125.0,125.0,125.0,0.0,875.0,3.125,0.25,2.875,998.5,1001.375,0.1374999999999904,1001.375,0.0,ACTIVE,True
3,short,5,2.5,1.0,1,2024-01-02 01:10:00,1820,182,0.6268,4700,2024-01-03 01:10:00,SL,-1.0,1000.0,12.5,0.002,125.0,125.0,125.0,250.0,125.0,750.0,-1.25,0.25,-1.5,1001.375,999.875,-0.012500000000004174,1001.375,0.149794033204344,ACTIVE,True
4,short,5,2.5,1.0,3,2024-01-02 18:30:00,3902,390,310.5,6782,2024-01-03 18:30:00,SL,-1.0,998.5,12.5,0.002,124.8125,124.8125,124.8125,250.0,0.0,748.5,-1.248125,0.249625,-1.49775,999.875,998.37725,-0.1622750000000006,1001.375,0.2993633753588812,ACTIVE,True
5,short,8,2.5,1.25,5,2024-01-02 22:35:00,4394,439,0.091,7274,2024-01-03 22:35:00,TP,2.5,998.5,12.5,0.002,124.8125,124.8125,124.8125,374.8125,0.0,623.6875,3.1203125000000003,0.249625,2.8706875000000003,998.37725,1001.2479375,0.12479375000000736,1001.375,0.012688802896014524,ACTIVE,True
6,short,8,2.5,1.25,5,2024-01-02 22:40:00,4404,440,0.09108,7284,2024-01-03 22:40:00,TP,2.5,998.5,12.5,0.002,124.8125,124.8125,124.8125,499.625,124.8125,498.875,3.1203125000000003,0.249625,2.8706875000000003,1001.2479375,1004.1186250000001,0.41186250000000424,1004.1186250000001,0.0,ACTIVE,True
7,short,19,3.5,1.25,7,2024-01-03 13:00:00,6126,612,2227.51,9006,2024-01-04 13:00:00,Time_288,-0.2953971025943734,999.875,12.5,0.002,124.984375,124.984375,124.984375,374.4375,0.0,625.4375,-0.3692002224456864,0.24996875000000002,-0.6191689724456864,1004.1186250000001,1003.4994560275544,0.3499456027554304,1004.1186250000001,0.061662930756379866,ACTIVE,True
8,short,45,3.0,1.0,1,2024-01-03 13:30:00,6180,618,0.5556,9060,2024-01-04 13:30:00,TP,3.0,999.875,12.5,0.002,124.984375,124.984375,124.984375,499.421875,0.0,500.453125,3.74953125,0.24996875000000002,3.4995625,1003.4994560275544,1006.9990185275544,0.6999018527554357,1006.9990185275544,0.0,ACTIVE,True
9,short,9,2.5,1.5,2,2024-01-03 13:35:00,6191,619,37.23,9071,2024-01-04 13:35:00,TP,2.5,999.875,12.5,0.002,124.984375,124.984375,124.984375,624.40625,0.0,375.46875,3.1246093750000004,0.24996875000000002,2.8746406250000005,1006.9990185275544,1009.8736591525544,0.9873659152554337,1009.8736591525544,0.0,ACTIVE,True
10,short,9,2.5,1.5,6,2024-01-03 13:35:00,6195,619,7.62,9075,2024-01-04 13:35:00,TP,2.5,999.875,12.5,0.002,124.984375,124.984375,124.984375,749.390625,0.0,250.484375,3.1246093750000004,0.24996875000000002,2.8746406250000005,1009.8736591525544,1012.7482997775544,1.2748299777554317,1012.7482997775544,0.0,ACTIVE,True
11,short,33,2.0,1.0,8,2024-01-03 13:35:00,6197,619,99.29,9077,2024-01-04 13:35:00,TP,2.0,999.875,12.5,0.002,124.984375,124.984375,124.984375,874.375,0.0,125.5,2.4996875,0.24996875000000002,2.24971875,1012.7482997775544,1014.9980185275544,1.4998018527554446,1014.9980185275544,0.0,ACTIVE,True
12,short,21,3.5,1.0,2,2024-01-03 19:35:00,6911,691,36.46,9791,2024-01-04 19:35:00,SL,-1.0,998.37725,12.5,0.002,124.79715625,123.830375,123.830375,874.546875,124.984375,123.830375,-1.23830375,0.24766075,-1.4859645000000001,1014.9980185275544,1013.5120540275544,1.3512054027554399,1014.9980185275544,0.14640072915173705,ACTIVE,True
13,short,66,3.5,1.0,2,2024-01-03 23:05:00,7331,733,36.46,10211,2024-01-04 23:05:00,SL,-1.0,1004.1186250000001,12.5,0.002,125.51482812500001,125.51482812500001,125.51482812500001,748.75225,248.81475,255.36637500000006,-1.25514828125,0.25102965625,-1.5061779375000002,1013.5120540275544,1012.0058760900545,1.2005876090054546,1014.9980185275544,0.29479293386608224,ACTIVE,True
14,short,66,3.5,1.0,2,2024-01-03 23:15:00,7351,735,36.59,10231,2024-01-04 23:15:00,SL,-1.0,1004.1186250000001,12.5,0.002,125.51482812500001,125.51482812500001,125.51482812500001,874.267078125,374.329578125,129.85154687500005,-1.25514828125,0.25102965625,-1.5061779375000002,1012.0058760900545,1010.4996981525545,1.049969815255447,1014.9980185275544,0.44318513858042746,ACTIVE,True
15,short,5,2.5,1.0,1,2024-01-04 15:45:00,9330,933,0.5752,12210,2024-01-05 15:45:00,TP,2.5,1014.9980185275544,12.5,0.002,126.8747523159443,126.8747523159443,126.8747523159443,374.86003125,0.0,640.1379872775544,3.171868807898608,0.2537495046318886,2.918119303266719,1010.4996981525545,1013.4178174558213,1.3417817455821268,1014.9980185275544,0.15568513858042585,ACTIVE,True
16,short,66,3.5,1.0,8,2024-01-05 00:30:00,10387,1038,103.99,13267,2024-01-06 00:30:00,TP,3.5,1010.4996981525545,12.5,0.002,126.31246226906931,126.31246226906931,126.31246226906931,126.8747523159443,0.0,883.6249458366102,4.420936179417426,0.2526249245381386,4.1683112548792876,1013.4178174558213,1017.5861287107006,1.7586128710700644,1017.5861287107006,0.0,ACTIVE,True
17,short,5,2.5,1.0,8,2024-01-05 00:35:00,10397,1039,103.4,13277,2024-01-06 00:35:00,SL,-1.0,1010.4996981525545,12.5,0.002,126.31246226906931,126.31246226906931,126.31246226906931,253.18721458501363,126.31246226906931,757.3124835675409,-1.2631246226906931,0.2526249245381386,-1.5157495472288318,1017.5861287107006,1016.0703791634718,1.607037916347176,1017.5861287107006,0.14895540578459537,ACTIVE,True
18,short,5,2.5,1.0,1,2024-01-05 01:10:00,10460,1046,0.5662,13340,2024-01-06 01:10:00,TP,2.5,1010.4996981525545,12.5,0.002,126.31246226906931,126.31246226906931,126.31246226906931,379.49967685408296,126.8747523159443,631.0000212984716,3.157811556726733,0.2526249245381386,2.9051866321885944,1016.0703791634718,1018.9755657956604,1.8975565795660287,1018.9755657956604,0.0,ACTIVE,True
19,short,9,2.5,1.5,1,2024-01-05 02:15:00,10590,1059,0.5545,13470,2024-01-06 02:15:00,TP,2.5,1010.4996981525545,12.5,0.002,126.31246226906931,126.31246226906931,126.31246226906931,505.8121391231523,253.18721458501363,504.6875590294022,3.157811556726733,0.2526249245381386,2.9051866321885944,1018.9755657956604,1021.880752427849,2.1880752427849037,1021.880752427849,0.0,ACTIVE,True
20,short,9,2.5,1.5,5,2024-01-05 02:15:00,10594,1059,0.08282,13474,2024-01-06 02:15:00,TP,2.5,1010.4996981525545,12.5,0.002,126.31246226906931,126.31246226906931,126.31246226906931,632.1246013922216,0.0,378.3750967603329,3.157811556726733,0.2526249245381386,2.9051866321885944,1021.880752427849,1024.7859390600377,2.4785939060037565,1024.7859390600377,0.0,ACTIVE,True
21,short,31,2.5,2.0,10,2024-01-05 02:15:00,10599,1059,0.5734,13479,2024-01-06 02:15:00,TP,2.5,1010.4996981525545,12.5,0.002,126.31246226906931,126.31246226906931,126.31246226906931,758.437063661291,0.0,252.06263449126357,3.157811556726733,0.2526249245381386,2.9051866321885944,1024.7859390600377,1027.6911256922263,2.7691125692226315,1027.6911256922263,0.0,ACTIVE,True
22,short,33,2.0,1.0,10,2024-01-05 02:45:00,10659,1065,0.575,13539,2024-01-06 02:45:00,TP,2.0,1010.4996981525545,12.5,0.002,126.31246226906931,125.75017222219424,125.75017222219424,884.7495259303603,126.31246226906931,125.75017222219424,2.515003444443885,0.25150034444438846,2.2635030999994963,1027.6911256922263,1029.9546287922258,2.995462879222588,1029.9546287922258,0.0,ACTIVE,True
23,short,30,2.5,2.0,4,2024-01-05 15:50:00,12223,1222,43437.39,15103,2024-01-06 15:50:00,SL,-2.0,1013.4178174558213,12.5,0.002,126.67722718197766,126.67722718197766,126.67722718197766,883.6249458366102,0.0,129.79287161921104,-2.5335445436395534,0.2533544543639553,-2.7868989980035086,1029.9546287922258,1027.1677297942222,2.7167729794222106,1029.9546287922258,0.27058463742928746,ACTIVE,True
24,short,8,2.5,1.25,10,2024-01-05 17:20:00,12409,1240,0.5614,15289,2024-01-06 17:20:00,SL,-1.25,1013.4178174558213,12.5,0.002,126.67722718197766,3.1156444372334136,3.1156444372334136,1010.3021730185878,252.06263449126357,3.1156444372334136,-0.03894555546541767,0.006231288874466827,-0.045176844339884496,1027.1677297942222,1027.1225529498822,2.7122552949882195,1029.9546287922258,0.2749709320365485,ACTIVE,True
25,short,53,2.5,1.5,8,2024-01-06 07:30:00,14107,1410,93.21,16987,2024-01-07 07:30:00,SL,-1.5,1029.9546287922258,12.5,0.002,128.74432859902822,128.74432859902822,128.74432859902822,129.79287161921104,0.0,900.1617571730147,-1.9311649289854234,0.25748865719805647,-2.18865358618348,1027.1225529498822,1024.9338993636986,2.493389936369872,1029.9546287922258,0.48747093203655933,ACTIVE,True
26,short,29,3.5,1.0,2,2024-01-06 07:35:00,14111,1411,34.06,16991,2024-01-07 07:35:00,SL,-1.0,1029.9546287922258,12.5,0.002,128.74432859902822,128.74432859902822,128.74432859902822,258.53720021823926,0.0,771.4174285739865,-1.2874432859902822,0.25748865719805647,-1.5449319431883386,1024.9338993636986,1023.3889674205103,2.338896742051033,1029.9546287922258,0.6374709320365571,ACTIVE,True
27,short,36,3.0,2.0,8,2024-01-06 07:40:00,14127,1412,94.07,17007,2024-01-07 07:40:00,SL,-2.0,1029.9546287922258,12.5,0.002,128.74432859902822,128.74432859902822,128.74432859902822,387.2815288172675,128.74432859902822,642.6730999749583,-2.5748865719805645,0.25748865719805647,-2.832375229178621,1023.3889674205103,1020.5565921913317,2.055659219133177,1029.9546287922258,0.9124709320365588,ACTIVE,True
28,short,67,2.0,1.25,1,2024-01-06 08:00:00,14160,1416,0.5165,17040,2024-01-07 08:00:00,SL,-1.25,1029.9546287922258,12.5,0.002,128.74432859902822,128.74432859902822,128.74432859902822,516.0258574162957,2.842170943040401e-14,513.9287713759301,-1.609304107487853,0.25748865719805647,-1.8667927646859095,1020.5565921913317,1018.6897994266458,1.8689799426645726,1029.9546287922258,1.0937209320365575,ACTIVE,True
29,short,67,2.0,1.25,5,2024-01-06 08:00:00,14164,1416,0.08001,17044,2024-01-07 08:00:00,SL,-1.25,1029.9546287922258,12.5,0.002,128.74432859902822,128.74432859902822,128.74432859902822,644.7701860153239,0.0,385.18444277690185,-1.609304107487853,0.25748865719805647,-1.8667927646859095,1018.6897994266458,1016.8230066619599,1.6823006661959905,1029.9546287922258,1.2749709320365563,ACTIVE,True
30,short,34,2.0,2.0,10,2024-01-06 08:30:00,14229,1422,0.5647,17109,2024-01-07 08:30:00,Time_288,-1.2218877279971698,1029.9546287922258,12.5,0.002,128.74432859902822,128.74432859902822,128.74432859902822,773.5145146143522,3.1156444372334136,256.4401141778736,-1.5731111516438765,0.25748865719805647,-1.8305998088419329,1016.8230066619599,1014.9924068531179,1.4992406853117979,1029.9546287922258,1.4527068980362046,ACTIVE,True
31,short,38,2.0,1.5,10,2024-01-06 08:40:00,14249,1424,0.5635,17129,2024-01-07 08:40:00,SL,-1.5,1029.9546287922258,12.5,0.002,128.74432859902822,127.6957855788454,127.6957855788454,902.2588432133804,131.85997303626164,127.6957855788454,-1.9154367836826809,0.2553915711576908,-2.1708283548403715,1014.9924068531179,1012.8215784982775,1.2821578498277475,1029.9546287922258,1.6634762168154238,ACTIVE,True
32,short,8,2.5,1.25,7,2024-01-06 20:55:00,15716,1571,2241.77,18596,2024-01-07 20:55:00,Time_288,0.12133269693143366,1027.1225529498822,12.5,0.002,128.39031911873528,126.96079577686749,126.96079577686749,900.1617571730147,0.0,126.96079577686749,0.15404495756168304,0.25392159155373495,-0.0998766339920519,1012.8215784982775,1012.7217018642855,1.2721701864285562,1029.9546287922258,1.673173404555544,ACTIVE,True
33,short,10,3.5,1.75,2,2024-01-07 08:00:00,17041,1704,35.17,19921,2024-01-08 08:00:00,TP,3.5,1018.6897994266458,12.5,0.002,127.33622492833072,127.33622492833072,127.33622492833072,512.1452385537693,0.0,506.54456087287645,4.456767872491576,0.25467244985666143,4.2020954226349145,1012.7217018642855,1016.9237972869204,1.6923797286920284,1029.9546287922258,1.2651850034001961,ACTIVE,True
34,short,85,2.0,1.0,5,2024-01-07 08:45:00,17134,1713,0.08048,20014,2024-01-08 08:45:00,TP,2.0,1012.8215784982775,12.5,0.002,126.60269731228469,126.60269731228469,126.60269731228469,254.29702070519818,0.0,758.5245577930793,2.5320539462456937,0.25320539462456937,2.2788485516211243,1016.9237972869204,1019.2026458385415,1.9202645838541477,1029.9546287922258,1.0439278248880353,ACTIVE,True
35,short,12,3.5,1.25,5,2024-01-07 10:30:00,17344,1734,0.07986,20224,2024-01-08 10:30:00,TP,3.5,1012.8215784982775,12.5,0.002,126.60269731228469,126.60269731228469,126.60269731228469,380.8997180174829,126.60269731228469,631.9218604807946,4.431094405929964,0.25320539462456937,4.177889011305394,1019.2026458385415,1023.3805348498469,2.3380534849846812,1029.9546287922258,0.6382896642823973,ACTIVE,True
36,short,29,3.5,1.0,5,2024-01-07 10:55:00,17394,1739,0.0799,20274,2024-01-08 10:55:00,SL,-1.0,1012.8215784982775,12.5,0.002,126.60269731228469,126.60269731228469,126.60269731228469,507.5024153297676,253.20539462456938,505.31916316850993,-1.2660269731228468,0.25320539462456937,-1.5192323677474162,1023.3805348498469,1021.8613024820994,2.18613024820995,1029.9546287922258,0.7857944499571787,ACTIVE,True
37,short,4,2.0,1.5,5,2024-01-07 11:00:00,17404,1740,0.08001,20284,2024-01-08 11:00:00,TP,2.0,1012.8215784982775,12.5,0.002,126.60269731228469,126.60269731228469,126.60269731228469,634.1051126420523,379.80809193685405,378.7164658562252,2.5320539462456937,0.25320539462456937,2.2788485516211243,1021.8613024820994,1024.1401510337205,2.414015103372047,1029.9546287922258,0.5645372714450175,ACTIVE,True
38,short,4,2.0,1.5,5,2024-01-07 11:10:00,17424,1742,0.0798,20304,2024-01-08 11:10:00,TP,2.0,1012.8215784982775,12.5,0.002,126.60269731228469,126.60269731228469,126.60269731228469,760.707809954337,506.41078924913876,252.11376854394052,2.5320539462456937,0.25320539462456937,2.2788485516211243,1024.1401510337205,1026.4189995853417,2.6418999585341663,1029.9546287922258,0.34328009293284545,ACTIVE,True
39,short,5,2.5,1.0,2,2024-01-07 13:45:00,17731,1773,35.54,20611,2024-01-08 13:45:00,TP,2.5,1012.8215784982775,12.5,0.002,126.60269731228469,125.51107123165582,125.51107123165582,887.3105072666217,127.33622492833072,125.51107123165582,3.1377767807913957,0.25102214246331167,2.886754638328084,1026.4189995853417,1029.3057542236697,2.9305754223669656,1029.9546287922258,0.06300030607337921,ACTIVE,True
40,short,49,3.5,1.0,1,2024-01-07 21:40:00,18680,1868,0.5097,21560,2024-01-08 21:40:00,TP,3.5,1012.7217018642855,12.5,0.002,126.59021273303568,126.59021273303568,126.59021273303568,885.86078272141,2.842170943040401e-14,126.86091914287545,4.43065744565625,0.2531804254660714,4.177477020190178,1029.3057542236697,1033.48323124386,3.348323124385999,1033.48323124386,0.0,ACTIVE,True
41,short,5,2.5,1.0,6,2024-01-08 11:35:00,20355,2035,7.011,23235,2024-01-09 11:35:00,SL,-1.0,1026.4189995853417,12.5,0.002,128.3023749481677,128.3023749481677,128.3023749481677,252.10128396469156,0.0,774.3177156206501,-1.2830237494816772,0.2566047498963354,-1.5396284993780127,1033.48323124386,1031.943602744482,3.1943602744481936,1033.48323124386,0.14897469575050884,ACTIVE,True
42,short,91,2.0,1.25,8,2024-01-08 17:00:00,21007,2100,94.98,23887,2024-01-09 17:00:00,SL,-1.25,1029.3057542236697,12.5,0.002,128.66321927795872,128.66321927795872,128.66321927795872,254.89258768120345,0.0,774.4131665424663,-1.6082902409744841,0.2573264385559174,-1.8656166795304014,1031.943602744482,1030.0779860649516,3.00779860649516,1033.48323124386,0.32949205908353485,ACTIVE,True
43,short,82,3.5,1.5,6,2024-01-08 20:15:00,21395,2139,7.446,24275,2024-01-09 20:15:00,TP,3.5,1029.3057542236697,12.5,0.002,128.66321927795872,128.66321927795872,128.66321927795872,383.55580695916217,128.3023749481677,645.7499472645076,4.503212674728555,0.2573264385559174,4.2458862361726375,1030.0779860649516,1034.3238723011243,3.4323872301124325,1034.3238723011243,0.0,ACTIVE,True
44,short,29,3.5,1.0,7,2024-01-09 02:15:00,22116,2211,2311.23,24996,2024-01-10 02:15:00,TP,3.5,1033.48323124386,12.5,0.002,129.1854039054825,129.1854039054825,129.1854039054825,385.62881350408526,0.0,647.8544177397748,4.521489136691888,0.258370807810965,4.263118328880923,1034.3238723011243,1038.5869906300052,3.8586990630005147,1038.5869906300052,0.0,ACTIVE,True
45,short,29,3.5,1.0,3,2024-01-09 02:25:00,22132,2213,300.0,25012,2024-01-10 02:25:00,SL,-1.0,1033.48323124386,12.5,0.002,129.1854039054825,129.1854039054825,129.1854039054825,514.8142174095677,0.0,518.6690138342923,-1.291854039054825,0.258370807810965,-1.55022484686579,1038.5869906300052,1037.0367657831393,3.7036765783139414,1038.5869906300052,0.14926287935933677,ACTIVE,True
46,short,29,3.5,1.0,3,2024-01-09 02:30:00,22142,2214,299.7,25022,2024-01-10 02:30:00,SL,-1.0,1033.48323124386,12.5,0.002,129.1854039054825,129.1854039054825,129.1854039054825,643.9996213150503,129.1854039054825,389.48360992880976,-1.291854039054825,0.258370807810965,-1.55022484686579,1037.0367657831393,1035.4865409362735,3.548654093627346,1038.5869906300052,0.29852575871867354,ACTIVE,True
47,short,13,3.0,1.5,3,2024-01-09 03:00:00,22202,2220,299.1,25082,2024-01-10 03:00:00,SL,-1.5,1033.48323124386,12.5,0.002,129.1854039054825,129.1854039054825,129.1854039054825,773.1850252205328,258.370807810965,260.2982060233272,-1.9377810585822375,0.258370807810965,-2.1961518663932025,1035.4865409362735,1033.2903890698803,3.3290389069880355,1038.5869906300052,0.5099815044777248,ACTIVE,True
48,short,74,2.5,1.75,2,2024-01-09 05:55:00,22551,2255,37.14,25431,2024-01-10 05:55:00,TP,2.5,1033.48323124386,12.5,0.002,129.1854039054825,129.1854039054825,129.1854039054825,902.3704291260153,0.0,131.1128021178447,3.229635097637063,0.258370807810965,2.971264289826098,1033.2903890698803,1036.2616533597065,3.6261653359706436,1038.5869906300052,0.22389431903899418,ACTIVE,True
49,short,5,2.5,1.0,2,2024-01-09 08:10:00,22821,2282,37.4,25701,2024-01-10 08:10:00,TP,2.5,1033.48323124386,12.5,0.002,129.1854039054825,1.9273982123622773,1.9273982123622773,1031.5558330314977,129.1854039054825,1.9273982123622773,0.048184955309056934,0.0038547964247245547,0.04433015888433238,1036.2616533597065,1036.305983518591,3.6305983518590823,1038.5869906300052,0.2196260045613153,ACTIVE,True
50,short,31,2.5,2.0,3,2024-01-09 11:40:00,23242,2324,303.9,26122,2024-01-10 11:40:00,TP,2.5,1031.943602744482,12.5,0.002,128.99295034306024,126.76274644878958,126.76274644878958,905.1808562956924,387.5562117164475,126.76274644878958,3.1690686612197396,0.2535254928975792,2.91554316832216,1036.305983518591,1039.221526686913,3.922152668691292,1039.221526686913,0.0,ACTIVE,True
51,short,5,2.5,1.0,3,2024-01-09 18:15:00,24032,2403,300.3,26912,2024-01-10 18:15:00,TP,2.5,1030.0779860649516,12.5,0.002,128.75974825811895,126.79760259842828,126.79760259842828,903.2803834665233,514.3189581652371,126.79760259842828,3.1699400649607075,0.2535952051968566,2.916344859763851,1039.221526686913,1042.1378715466767,4.21378715466767,1042.1378715466767,0.0,ACTIVE,True
52,short,5,2.5,1.0,1,2024-01-10 02:00:00,24960,2496,0.5162,27840,2024-01-11 02:00:00,TP,2.5,1034.3238723011243,12.5,0.002,129.29048403764054,129.29048403764054,129.29048403764054,901.4147667869929,2.842170943040401e-14,132.9091055141314,3.2322621009410137,0.2585809680752811,2.9736811328657327,1042.1378715466767,1045.1115526795425,4.511155267954248,1045.1115526795425,0.0,ACTIVE,True
53,short,5,2.5,1.0,1,2024-01-10 02:05:00,24970,2497,0.5158,27850,2024-01-11 02:05:00,TP,2.5,1034.3238723011243,12.5,0.002,129.29048403764054,3.6186214764909437,3.6186214764909437,1030.7052508246334,129.29048403764057,3.6186214764909437,0.0904655369122736,0.0072372429529818875,0.08322829395929171,1045.1115526795425,1045.1947809735018,4.5194780973501825,1045.1947809735018,0.0,ACTIVE,True
54,short,16,3.0,1.0,7,2024-01-10 10:55:00,26036,2603,2400.58,28916,2024-01-11 10:55:00,SL,-1.0,1036.305983518591,12.5,0.002,129.53824793982386,129.53824793982386,129.53824793982386,386.4694545613494,0.0,649.8365289572415,-1.2953824793982387,0.2590764958796477,-1.5544589752778863,1045.1947809735018,1043.640321998224,4.3640321998223985,1045.1947809735018,0.14872433383469494,ACTIVE,True
55,short,43,2.5,1.0,5,2024-01-10 12:10:00,26184,2618,0.07897,29064,2024-01-11 12:10:00,TP,2.5,1039.221526686913,12.5,0.002,129.90269083586412,129.90269083586412,129.90269083586412,389.2449560523837,0.0,649.9765706345293,3.247567270896603,0.25980538167172823,2.987761889224875,1043.640321998224,1046.6280838874488,4.662808388744888,1046.6280838874488,0.0,ACTIVE,True
56,short,66,3.5,1.0,10,2024-01-10 12:25:00,26219,2621,0.5583,29099,2024-01-11 12:25:00,SL,-1.0,1039.221526686913,12.5,0.002,129.90269083586412,129.90269083586412,129.90269083586412,519.1476468882479,0.0,520.0738797986651,-1.2990269083586412,0.25980538167172823,-1.5588322900303695,1046.6280838874488,1045.0692515974185,4.506925159741848,1046.6280838874488,0.14893851159051524,ACTIVE,True
57,short,5,2.5,1.0,5,2024-01-10 12:30:00,26224,2622,0.078,29104,2024-01-11 12:30:00,TP,2.5,1039.221526686913,12.5,0.002,129.90269083586412,129.90269083586412,129.90269083586412,649.0503377241121,129.90269083586412,390.1711889628009,3.247567270896603,0.25980538167172823,2.987761889224875,1045.0692515974185,1048.0570134866434,4.805701348664337,1048.0570134866434,0.0,ACTIVE,True
58,short,5,2.5,1.0,10,2024-01-10 12:30:00,26229,2622,0.5582,29109,2024-01-11 12:30:00,SL,-1.0,1039.221526686913,12.5,0.002,129.90269083586412,129.90269083586412,129.90269083586412,778.9530285599762,129.90269083586412,260.2684981269367,-1.2990269083586412,0.25980538167172823,-1.5588322900303695,1048.0570134866434,1046.4981811966131,4.64981811966132,1048.0570134866434,0.14873544759215157,ACTIVE,True
59,short,5,2.5,1.0,5,2024-01-10 12:35:00,26234,2623,0.07799,29114,2024-01-11 12:35:00,TP,2.5,1039.221526686913,12.5,0.002,129.90269083586412,129.90269083586412,129.90269083586412,908.8557193958404,259.80538167172824,130.36580729107254,3.247567270896603,0.25980538167172823,2.987761889224875,1046.4981811966131,1049.485943085838,4.948594308583809,1049.485943085838,0.0,ACTIVE,True
60,short,98,2.5,1.0,5,2024-01-10 20:50:00,27224,2722,0.07852,30104,2024-01-11 20:50:00,SL,-1.0,1042.1378715466767,12.5,0.002,130.2672339433346,130.1770639134004,130.1770639134004,911.9608076332763,389.70807250759236,130.1770639134004,-1.3017706391340038,0.2603541278268008,-1.5621247669608045,1049.485943085838,1047.9238183188772,4.7923818318877265,1049.485943085838,0.14884665938141214,ACTIVE,True
61,short,5,2.5,1.0,8,2024-01-11 07:55:00,28557,2855,99.71,31437,2024-01-12 07:55:00,SL,-1.0,1045.1947809735018,12.5,0.002,130.64934762168772,130.64934762168772,130.64934762168772,909.2287660325452,0.0,135.9660149409566,-1.3064934762168772,0.26129869524337546,-1.5677921714602525,1047.9238183188772,1046.356026147417,4.635602614741696,1049.485943085838,0.29823333595284274,ACTIVE,True
62,short,85,2.0,1.0,2,2024-01-11 15:20:00,29441,2944,40.29,32321,2024-01-12 15:20:00,TP,2.0,1049.485943085838,12.5,0.002,131.18574288572975,131.18574288572975,131.18574288572975,260.82641153508837,0.0,788.6595315507496,2.623714857714595,0.2623714857714595,2.3613433719431356,1046.356026147417,1048.71736951936,4.871736951936012,1049.485943085838,0.07323333595284409,ACTIVE,True
63,short,5,2.5,1.0,1,2024-01-11 22:20:00,30280,3028,0.5779,33160,2024-01-12 22:20:00,SL,-1.0,1047.9238183188772,12.5,0.002,130.99047728985965,130.99047728985965,130.99047728985965,261.8350905074177,2.842170943040401e-14,786.0887278114595,-1.3099047728985966,0.2619809545797193,-1.571885727478316,1048.71736951936,1047.1454837918818,4.714548379188188,1049.485943085838,0.2230100659637681,ACTIVE,True
64,short,5,2.5,1.0,1,2024-01-11 22:35:00,30310,3031,0.5769,33190,2024-01-12 22:35:00,SL,-1.0,1047.9238183188772,12.5,0.002,130.99047728985965,130.99047728985965,130.99047728985965,392.82556779727736,130.99047728985968,655.0982505215999,-1.3099047728985966,0.2619809545797193,-1.571885727478316,1047.1454837918818,1045.5735980644035,4.557359806440364,1049.485943085838,0.37278679597469205,ACTIVE,True
65,short,5,2.5,1.0,1,2024-01-11 22:40:00,30320,3032,0.576,33200,2024-01-12 22:40:00,SL,-1.0,1047.9238183188772,12.5,0.002,130.99047728985965,130.99047728985965,130.99047728985965,523.816045087137,261.9809545797193,524.1077732317402,-1.3099047728985966,0.2619809545797193,-1.571885727478316,1045.5735980644035,1044.0017123369253,4.400171233692518,1049.485943085838,0.5225635259856161,ACTIVE,True
66,short,5,2.5,1.0,1,2024-01-11 22:45:00,30330,3033,0.5763,33210,2024-01-12 22:45:00,SL,-1.0,1047.9238183188772,12.5,0.002,130.99047728985965,130.99047728985965,130.99047728985965,654.8065223769967,392.97143186957896,393.11729594188057,-1.3099047728985966,0.2619809545797193,-1.571885727478316,1044.0017123369253,1042.429826609447,4.242982660944694,1049.485943085838,0.67234025599654,ACTIVE,True
67,short,5,2.5,1.0,1,2024-01-11 22:50:00,30340,3034,0.5788,33220,2024-01-12 22:50:00,SL,-1.0,1047.9238183188772,12.5,0.002,130.99047728985965,130.99047728985965,130.99047728985965,785.7969996668563,523.9619091594386,262.1268186520209,-1.3099047728985966,0.2619809545797193,-1.571885727478316,1042.429826609447,1040.8579408819687,4.08579408819687,1049.485943085838,0.8221169860074641,ACTIVE,True
68,short,5,2.5,1.0,8,2024-01-12 09:40:00,31647,3164,98.6,34527,2024-01-13 09:40:00,TP,2.5,1046.356026147417,12.5,0.002,130.79450326842712,130.79450326842712,130.79450326842712,786.1381293350282,0.0,260.21789681238874,3.269862581710678,0.26158900653685424,3.008273575173824,1040.8579408819687,1043.8662144571426,4.386621445714267,1049.485943085838,0.5354744068483196,ACTIVE,True
69,short,5,2.5,1.0,8,2024-01-12 09:45:00,31657,3165,98.72,34537,2024-01-13 09:45:00,TP,2.5,1046.356026147417,12.5,0.002,130.79450326842712,129.42339354396165,129.42339354396165,916.9326326034553,130.79450326842712,129.42339354396165,3.2355848385990416,0.2588467870879233,2.976738051511118,1043.8662144571426,1046.8429525086538,4.684295250865378,1049.485943085838,0.2518366820057629,ACTIVE,True
70,short,36,3.0,2.0,4,2024-01-12 18:10:00,32663,3266,43687.79,35543,2024-01-13 18:10:00,TP,3.0,1048.71736951936,12.5,0.002,131.08967118992,131.08967118992,131.08967118992,915.1702832616872,0.0,133.54708625767285,3.9326901356976003,0.26217934237984003,3.67051079331776,1046.8429525086538,1050.5134633019716,5.051346330197148,1050.5134633019716,0.0,ACTIVE,True
71,short,62,3.5,1.75,5,2024-01-12 18:35:00,32714,3271,0.08102,35594,2024-01-13 18:35:00,TP,3.5,1048.71736951936,12.5,0.002,131.08967118992,2.4574150677528905,2.4574150677528905,1046.2599544516072,0.0,2.4574150677528905,0.08600952737135117,0.004914830135505781,0.08109469723584539,1050.5134633019716,1050.5945579992074,5.059455799920731,1050.5945579992074,0.0,ACTIVE,True
72,short,8,2.5,1.25,2,2024-01-12 22:55:00,33231,3323,35.71,36111,2024-01-13 22:55:00,TP,2.5,1040.8579408819687,12.5,0.002,130.1072426102461,130.1072426102461,130.1072426102461,393.7649830700618,0.0,647.0929578119069,3.2526810652561524,0.2602144852204922,2.9924665800356602,1050.5945579992074,1053.587024579243,5.3587024579242915,1053.587024579243,0.0,ACTIVE,True
73,short,5,2.5,1.0,6,2024-01-13 00:15:00,33395,3339,7.575,36275,2024-01-14 00:15:00,TP,2.5,1040.8579408819687,12.5,0.002,130.1072426102461,130.1072426102461,130.1072426102461,523.8722256803079,0.0,516.9857152016608,3.2526810652561524,0.2602144852204922,2.9924665800356602,1053.587024579243,1056.5794911592786,5.657949115927874,1056.5794911592786,0.0,ACTIVE,True
74,short,5,2.5,1.0,6,2024-01-13 00:20:00,33405,3340,7.543,36285,2024-01-14 00:20:00,SL,-1.0,1040.8579408819687,12.5,0.002,130.1072426102461,130.1072426102461,130.1072426102461,653.979468290554,130.1072426102461,386.8784725914147,-1.3010724261024609,0.2602144852204922,-1.561286911322953,1056.5794911592786,1055.0182042479557,5.501820424795567,1056.5794911592786,0.14776805005081556,ACTIVE,True
75,short,31,2.5,2.0,2,2024-01-13 00:20:00,33401,3340,35.62,36281,2024-01-14 00:20:00,TP,2.5,1040.8579408819687,12.5,0.002,130.1072426102461,130.1072426102461,130.1072426102461,784.0867109008001,130.1072426102461,256.77122998116863,3.2526810652561524,0.2602144852204922,2.9924665800356602,1055.0182042479557,1058.0106708279914,5.801067082799127,1058.0106708279914,0.0,ACTIVE,True
76,short,8,2.5,1.25,2,2024-01-13 03:05:00,33731,3373,35.19,36611,2024-01-14 03:05:00,SL,-1.25,1040.8579408819687,12.5,0.002,130.1072426102461,126.66398737092254,126.66398737092254,914.1939535110462,260.2144852204922,126.66398737092254,-1.5832998421365319,0.2533279747418451,-1.836627816878377,1058.0106708279914,1056.1740430111129,5.617404301111284,1058.0106708279914,0.17359256078590954,ACTIVE,True
77,short,65,2.5,1.25,5,2024-01-13 12:05:00,34814,3481,0.08039,37694,2024-01-14 12:05:00,SL,-1.25,1046.8429525086538,12.5,0.002,130.85536906358172,130.85536906358172,130.85536906358172,780.64004406958,2.4574150677528905,266.2029084390738,-1.6356921132947715,0.26171073812716344,-1.897402851421935,1056.1740430111129,1054.276640159691,5.4276640159691025,1058.0106708279914,0.3529293958234084,ACTIVE,True
78,short,21,3.5,1.0,5,2024-01-13 12:40:00,34884,3488,0.08035,37764,2024-01-14 12:40:00,SL,-1.0,1046.8429525086538,12.5,0.002,130.85536906358172,130.85536906358172,130.85536906358172,911.4954131331617,133.3127841313346,135.34753937549203,-1.3085536906358173,0.26171073812716344,-1.5702644287629808,1054.276640159691,1052.706375730928,5.270637573092785,1058.0106708279914,0.5013460868889306,ACTIVE,True
79,short,85,2.0,1.0,5,2024-01-13 20:05:00,35774,3577,0.08078,38654,2024-01-14 20:05:00,SL,-1.0,1050.5945579992074,12.5,0.002,131.32431974990092,131.32431974990092,131.32431974990092,908.8036959390706,261.71073812716344,141.79086206013676,-1.3132431974990093,0.26264863949980183,-1.575891836998811,1052.706375730928,1051.130483893929,5.113048389392905,1058.0106708279914,0.6502946637275322,ACTIVE,True
80,short,22,3.5,1.25,2,2024-01-14 18:20:00,38441,3844,36.71,41321,2024-01-15 18:20:00,TP,3.5,1052.706375730928,12.5,0.002,131.588296966366,131.588296966366,131.588296966366,131.3243197499012,0.0,921.3820559810267,4.60559039382281,0.26317659393273196,4.342413799890078,1051.130483893929,1055.472897693819,5.547289769381902,1058.0106708279914,0.23986271633595807,ACTIVE,True
81,short,22,3.5,1.25,2,2024-01-14 18:25:00,38451,3845,36.58,41331,2024-01-15 18:25:00,TP,3.5,1052.706375730928,12.5,0.002,131.588296966366,131.588296966366,131.588296966366,262.91261671626717,131.588296966366,789.7937590146607,4.60559039382281,0.26317659393273196,4.342413799890078,1055.472897693819,1059.815311493709,5.9815311493709,1059.815311493709,0.0,ACTIVE,True
82,short,5,2.5,1.0,2,2024-01-14 20:50:00,38741,3874,36.01,41621,2024-01-15 20:50:00,SL,-1.0,1051.130483893929,12.5,0.002,131.39131048674113,131.39131048674113,131.39131048674113,263.1765939327322,263.176593932732,787.9538899611969,-1.3139131048674113,0.26278262097348226,-1.5766957258408936,1059.815311493709,1058.2386157678682,5.823861576786826,1059.815311493709,0.1487708007934572,ACTIVE,True
83,short,9,2.5,1.5,5,2024-01-14 20:55:00,38754,3875,0.08082,41634,2024-01-15 20:55:00,Time_288,-0.2969561989606412,1051.130483893929,12.5,0.002,131.39131048674113,131.39131048674113,131.39131048674113,394.56790441947334,0.0,656.5625794744558,-0.39017464138600083,0.26278262097348226,-0.652957262359483,1058.2386157678682,1057.5856585055087,5.7585658505508786,1059.815311493709,0.21038127719232796,ACTIVE,True
84,short,42,3.0,2.0,7,2024-01-14 21:00:00,38766,3876,2516.55,41646,2024-01-15 21:00:00,Time_288,-0.460948520792351,1051.130483893929,12.5,0.002,131.39131048674113,131.39131048674113,131.39131048674113,525.9592149062145,0.0,525.1712689877146,-0.6056463021383184,0.26278262097348226,-0.8684289231118006,1057.5856585055087,1056.7172295823968,5.671722958239678,1059.815311493709,0.2923228111269444,ACTIVE,True
85,short,8,2.5,1.25,5,2024-01-14 21:05:00,38774,3877,0.08101,41654,2024-01-15 21:05:00,Time_288,-0.148129860511042,1051.130483893929,12.5,0.002,131.39131048674113,131.39131048674113,131.39131048674113,657.3505253929557,131.39131048674113,393.7799585009734,-0.19462976494763973,0.26278262097348226,-0.457412385921122,1056.7172295823968,1056.2598171964758,5.625981719647566,1059.815311493709,0.3354824429005606,ACTIVE,True
86,short,9,2.5,1.5,1,2024-01-14 21:05:00,38770,3877,0.5369,41650,2024-01-15 21:05:00,TP,2.5,1051.130483893929,12.5,0.002,131.39131048674113,131.39131048674113,131.39131048674113,788.7418358796967,0.0,262.38864801423233,3.2847827621685286,0.26278262097348226,3.022000141195046,1056.2598171964758,1059.2818173376709,5.9281817337670795,1059.815311493709,0.05033840804642179,ACTIVE,True
87,short,9,2.5,1.5,6,2024-01-14 21:10:00,38785,3878,7.487,41665,2024-01-15 21:10:00,SL,-1.5,1051.130483893929,12.5,0.002,131.39131048674113,130.99733752749125,130.99733752749125,920.1331463664378,0.0,130.99733752749125,-1.9649600629123687,0.26199467505498253,-2.2269547379673513,1059.2818173376709,1057.0548625997035,5.705486259970338,1059.815311493709,0.2604650889705451,ACTIVE,True
88,short,44,3.0,1.0,8,2024-01-15 22:00:00,41767,4176,94.61,44647,2024-01-16 22:00:00,SL,-1.0,1057.0548625997035,12.5,0.002,132.13185782496294,132.13185782496294,132.13185782496294,2.8421709430404007e-13,0.0,1057.0548625997033,-1.3213185782496293,0.2642637156499259,-1.5855822938995552,1057.0548625997035,1055.469280305804,5.546928030580389,1059.815311493709,0.4100743913370846,ACTIVE,True
89,short,28,1.5,2.0,8,2024-01-15 23:00:00,41887,4188,94.16,44767,2024-01-16 23:00:00,SL,-2.0,1057.0548625997035,12.5,0.002,132.13185782496294,132.13185782496294,132.13185782496294,132.13185782496322,132.13185782496294,924.9230047747403,-2.6426371564992586,0.2642637156499259,-2.9069008721491842,1055.469280305804,1052.5623794336548,5.256237943365472,1059.815311493709,0.6843581123424178,ACTIVE,True
90,short,52,2.5,2.0,9,2024-01-15 23:20:00,41928,4192,0.10878,44808,2024-01-16 23:20:00,Time_288,0.4780290494576269,1057.0548625997035,12.5,0.002,132.13185782496294,132.13185782496294,132.13185782496294,264.26371564992616,0.0,792.7911469497774,0.6316286639913734,0.2642637156499259,0.3673649483414475,1052.5623794336548,1052.9297443819962,5.292974438199627,1059.815311493709,0.6496950022365938,ACTIVE,True
91,short,52,2.5,2.0,9,2024-01-15 23:30:00,41948,4194,0.10889,44828,2024-01-16 23:30:00,Time_288,0.6979520617136531,1057.0548625997035,12.5,0.002,132.13185782496294,132.13185782496294,132.13185782496294,396.3955734748891,132.13185782496294,660.6592891248144,0.9222170258698816,0.2642637156499259,0.6579533102199557,1052.9297443819962,1053.5876976922161,5.358769769221605,1059.815311493709,0.5876131184324632,ACTIVE,True
92,short,42,3.0,2.0,7,2024-01-15 23:50:00,41986,4198,2516.88,44866,2024-01-16 23:50:00,SL,-2.0,1057.0548625997035,12.5,0.002,132.13185782496294,132.13185782496294,132.13185782496294,528.527431299852,0.0,528.5274312998515,-2.6426371564992586,0.2642637156499259,-2.9069008721491842,1053.5876976922161,1050.680796820067,5.068079682006688,1059.815311493709,0.8618968394377964,ACTIVE,True
93,short,4,2.0,1.5,7,2024-01-17 09:40:00,46046,4604,2546.8,48926,2024-01-18 09:40:00,Time_288,0.12525522223967545,1050.680796820067,12.5,0.002,131.33509960250836,131.33509960250836,131.33509960250836,2.2737367544323206e-13,0.0,1050.6807968200667,0.16450407088582097,0.2626701992050167,-0.09816612831919574,1050.680796820067,1050.5826306917477,5.058263069174762,1059.815311493709,0.8711594087981956,ACTIVE,True
94,short,42,3.0,2.0,7,2024-01-17 09:45:00,46056,4605,2545.57,48936,2024-01-18 09:45:00,Time_288,0.07031823913700914,1050.680796820067,12.5,0.002,131.33509960250836,131.33509960250836,131.33509960250836,131.3350996025086,131.33509960250836,919.3456972175584,0.09235252940932097,0.2626701992050167,-0.17031766979569574,1050.5826306917477,1050.412313021952,5.041231302195204,1059.815311493709,0.8872299135312869,ACTIVE,True
95,short,34,2.0,2.0,10,2024-01-17 11:10:00,46229,4622,0.5707,49109,2024-01-18 11:10:00,Time_288,1.3141755738566587,1050.680796820067,12.5,0.002,131.33509960250836,131.33509960250836,131.33509960250836,262.67019920501696,0.0,788.01059761505,1.7259737988764787,0.2626701992050167,1.463303599671462,1050.412313021952,1051.8756166216235,5.187561662162343,1059.815311493709,0.7491583473063118,ACTIVE,True
96,short,38,2.0,1.5,10,2024-01-17 15:15:00,46719,4671,0.5701,49599,2024-01-18 15:15:00,Time_288,1.1927731976846216,1050.680796820067,12.5,0.002,131.33509960250836,131.33509960250836,131.33509960250836,394.0052988075253,131.33509960250836,656.6754980125415,1.5665298672111219,0.2626701992050167,1.3038596680061052,1051.8756166216235,1053.1794762896295,5.31794762896296,1059.815311493709,0.6261312826974478,ACTIVE,True
97,short,38,2.0,1.5,10,2024-01-17 15:25:00,46739,4673,0.5702,49619,2024-01-18 15:25:00,Time_288,1.3328656611715277,1050.680796820067,12.5,0.002,131.33509960250836,131.33509960250836,131.33509960250836,525.3403984100337,262.67019920501673,525.3403984100332,1.7505204436672575,0.2626701992050167,1.4878502444622408,1053.1794762896295,1054.6673265340917,5.4667326534091565,1059.815311493709,0.4857435917171044,ACTIVE,True
98,short,8,2.5,1.25,10,2024-01-17 17:30:00,46989,4698,0.567,49869,2024-01-18 17:30:00,TP,2.5,1050.680796820067,12.5,0.002,131.33509960250836,131.33509960250836,131.33509960250836,656.675498012542,394.0052988075251,394.0052988075249,3.2833774900627093,0.2626701992050167,3.0207072908576924,1054.6673265340917,1057.6880338249493,5.768803382494925,1059.815311493709,0.20072154513049004,ACTIVE,True
99,short,28,1.5,2.0,6,2024-01-17 17:40:00,47005,4700,7.32,49885,2024-01-18 17:40:00,TP,1.5,1050.680796820067,12.5,0.002,131.33509960250836,131.33509960250836,131.33509960250836,788.0105976150503,0.0,262.6701992050166,1.9700264940376253,0.2626701992050167,1.7073562948326086,1057.6880338249493,1059.395390119782,5.93953901197819,1059.815311493709,0.039622127494576616,ACTIVE,True
100,short,9,2.5,1.5,6,2024-01-17 17:45:00,47015,4701,7.335,49895,2024-01-18 17:45:00,TP,2.5,1050.680796820067,12.5,0.002,131.33509960250836,131.3350996025083,131.3350996025083,919.3456972175586,131.33509960250836,131.3350996025083,3.283377490062708,0.2626701992050166,3.0207072908576915,1059.395390119782,1062.4160974106396,6.241609741063958,1062.4160974106396,0.0,ACTIVE,True
101,short,4,2.0,1.5,8,2024-01-18 12:30:00,49267,4926,98.45,52147,2024-01-19 12:30:00,TP,2.0,1051.8756166216235,12.5,0.002,131.48445207770294,131.48445207770294,131.48445207770294,656.675498012542,0.0,395.2001186090815,2.629689041554059,0.26296890415540586,2.366720137398653,1062.4160974106396,1064.7828175480383,6.478281754803827,1064.7828175480383,0.0,ACTIVE,True
102,short,4,2.0,1.5,8,2024-01-18 12:55:00,49317,4931,98.58,52197,2024-01-19 12:55:00,TP,2.0,1051.8756166216235,12.5,0.002,131.48445207770294,131.48445207770294,131.48445207770294,788.1599500902449,131.48445207770294,263.7156665313786,2.629689041554059,0.26296890415540586,2.366720137398653,1064.7828175480383,1067.149537685437,6.714953768543697,1067.149537685437,0.0,ACTIVE,True
103,short,4,2.0,1.5,8,2024-01-18 13:00:00,49327,4932,98.4,52207,2024-01-19 13:00:00,TP,2.0,1051.8756166216235,12.5,0.002,131.48445207770294,131.48445207770294,131.48445207770294,919.6444021679479,262.9689041554059,132.23121445367565,2.629689041554059,0.26296890415540586,2.366720137398653,1067.149537685437,1069.5162578228358,6.951625782283566,1069.5162578228358,0.0,ACTIVE,True
104,short,5,2.5,1.0,6,2024-01-18 16:45:00,49775,4977,7.051,52655,2024-01-19 16:45:00,TP,2.5,1054.6673265340917,12.5,0.002,131.83341581676146,131.83341581676146,131.83341581676146,788.4586550406343,262.6701992050167,266.20867149345736,3.2958353954190365,0.26366683163352295,3.0321685637855134,1069.5162578228358,1072.5484263866213,7.254842638662118,1072.5484263866213,0.0,ACTIVE,True
105,short,9,2.5,1.5,5,2024-01-18 20:10:00,50184,5018,0.07789,53064,2024-01-19 20:10:00,TP,2.5,1062.4160974106396,12.5,0.002,132.80201217632995,132.80201217632995,132.80201217632995,526.2867720498707,0.0,536.1293253607689,3.320050304408249,0.2656040243526599,3.054446280055589,1072.5484263866213,1075.6028726666768,7.560287266667687,1075.6028726666768,0.0,ACTIVE,True
106,short,9,2.5,1.5,5,2024-01-18 20:15:00,50194,5019,0.07801,53074,2024-01-19 20:15:00,TP,2.5,1062.4160974106396,12.5,0.002,132.80201217632995,132.80201217632995,132.80201217632995,659.0887842262007,132.80201217632995,403.32731318443894,3.320050304408249,0.2656040243526599,3.054446280055589,1075.6028726666768,1078.6573189467324,7.8657318946732335,1078.6573189467324,0.0,ACTIVE,True
107,short,8,2.5,1.25,10,2024-01-18 20:25:00,50219,5021,0.5479,53099,2024-01-19 20:25:00,TP,2.5,1062.4160974106396,12.5,0.002,132.80201217632995,132.80201217632995,132.80201217632995,791.8907964025307,0.0,270.52530100810895,3.320050304408249,0.2656040243526599,3.054446280055589,1078.6573189467324,1081.711765226788,8.171176522678802,1081.711765226788,0.0,ACTIVE,True
108,short,43,2.5,1.0,5,2024-01-18 20:25:00,50214,5021,0.07757,53094,2024-01-19 20:25:00,TP,2.5,1062.4160974106396,12.5,0.002,132.80201217632995,132.80201217632995,132.80201217632995,924.6928085788606,265.6040243526599,137.72328883177897,3.320050304408249,0.2656040243526599,3.054446280055589,1081.711765226788,1084.7662115068435,8.476621150684348,1084.7662115068435,0.0,ACTIVE,True
109,short,8,2.5,1.25,10,2024-01-18 21:20:00,50329,5032,0.5486,53209,2024-01-19 21:20:00,TP,2.5,1062.4160974106396,12.5,0.002,132.80201217632995,4.921276655448992,4.921276655448992,1057.4948207551906,132.80201217632995,4.921276655448992,0.1230319163862248,0.009842553310897983,0.11318936307532682,1084.7662115068435,1084.879400869919,8.487940086991896,1084.879400869919,0.0,ACTIVE,True
110,short,62,3.5,1.75,2,2024-01-19 18:20:00,52841,5284,31.74,55721,2024-01-20 18:20:00,SL,-1.75,1072.5484263866213,12.5,0.002,134.06855329832766,134.06855329832766,134.06855329832766,536.1293253607694,0.0,536.4191010258519,-2.346199682720734,0.2681371065966553,-2.6143367893173894,1084.879400869919,1082.2650640806016,8.226506408060153,1084.879400869919,0.24097948465248972,ACTIVE,True
111,short,29,3.5,1.0,2,2024-01-20 11:20:00,54881,5488,32.25,57761,2024-01-21 11:20:00,SL,-1.0,1084.879400869919,12.5,0.002,135.60992510873987,135.60992510873987,135.60992510873987,134.0685532983281,134.06855329832766,950.8108475715909,-1.3560992510873988,0.27121985021747974,-1.6273191013048787,1082.2650640806016,1080.6377449792967,8.063774497929677,1084.879400869919,0.39097948465249355,ACTIVE,True
112,short,4,2.0,1.5,8,2024-01-21 17:20:00,58487,5848,92.4,61367,2024-01-22 17:20:00,TP,2.0,1080.6377449792967,12.5,0.002,135.0797181224121,135.0797181224121,135.0797181224121,4.547473508864641e-13,0.0,1080.6377449792963,2.7015943624482417,0.2701594362448242,2.4314349262034174,1080.6377449792967,1083.0691799055,8.306917990550012,1084.879400869919,0.16685918849296905,ACTIVE,True
113,short,28,1.5,2.0,1,2024-01-21 18:10:00,58580,5858,0.5127,61460,2024-01-22 18:10:00,TP,1.5,1080.6377449792967,12.5,0.002,135.0797181224121,135.0797181224121,135.0797181224121,135.07971812241254,0.0,945.5580268568842,2.026195771836181,0.2701594362448242,1.7560363355913569,1083.0691799055,1084.8252162410913,8.48252162410914,1084.879400869919,0.004994530155538192,ACTIVE,True
114,short,42,3.0,2.0,5,2024-01-21 18:10:00,58584,5858,0.08661,61464,2024-01-22 18:10:00,TP,3.0,1080.6377449792967,12.5,0.002,135.0797181224121,135.0797181224121,135.0797181224121,270.15943624482463,0.0,810.4783087344721,4.052391543672362,0.2701594362448242,3.782232107427538,1084.8252162410913,1088.6074483485188,8.860744834851886,1088.6074483485188,0.0,ACTIVE,True
115,short,19,3.5,1.25,5,2024-01-22 03:10:00,59664,5966,0.08336,62544,2024-01-23 03:10:00,SL,-1.25,1080.6377449792967,12.5,0.002,135.0797181224121,135.0797181224121,135.0797181224121,405.2391543672367,135.0797181224121,675.3985906120599,-1.6884964765301511,0.2701594362448242,-1.9586559127749754,1088.6074483485188,1086.6487924357439,8.664879243574397,1088.6074483485188,0.17992306737808245,ACTIVE,True
116,short,38,2.0,1.5,1,2024-01-22 05:25:00,59930,5993,0.4971,62810,2024-01-23 05:25:00,TP,2.0,1080.6377449792967,12.5,0.002,135.0797181224121,135.0797181224121,135.0797181224121,540.3188724896488,135.0797181224121,540.3188724896479,2.7015943624482417,0.2701594362448242,2.4314349262034174,1086.6487924357439,1089.0802273619472,8.90802273619473,1089.0802273619472,0.0,ACTIVE,True
117,short,6,3.5,1.75,7,2024-01-22 08:40:00,60326,6032,2398.48,63206,2024-01-23 08:40:00,TP,3.5,1080.6377449792967,12.5,0.002,135.0797181224121,135.0797181224121,135.0797181224121,675.3985906120608,0.0,405.23915436723587,4.727790134284423,0.2701594362448242,4.457630698039599,1089.0802273619472,1093.5378580599868,9.353785805998683,1093.5378580599868,0.0,ACTIVE,True
118,short,6,3.5,1.75,7,2024-01-22 08:45:00,60336,6033,2403.98,63216,2024-01-23 08:45:00,TP,3.5,1080.6377449792967,12.5,0.002,135.0797181224121,135.0797181224121,135.0797181224121,810.4783087344729,135.0797181224121,270.15943624482384,4.727790134284423,0.2701594362448242,4.457630698039599,1093.5378580599868,1097.9954887580263,9.799548875802632,1097.9954887580263,0.0,ACTIVE,True
119,short,30,2.5,2.0,7,2024-01-22 11:45:00,60696,6069,2386.53,63576,2024-01-23 11:45:00,TP,2.5,1080.6377449792967,12.5,0.002,135.0797181224121,135.0797181224118,135.0797181224118,945.5580268568849,270.1594362448242,135.0797181224118,3.376992953060295,0.27015943624482364,3.1068335168154713,1097.9954887580263,1101.1023222748418,10.110232227484172,1101.1023222748418,0.0,ACTIVE,True
120,short,29,3.5,1.0,7,2024-01-22 20:55:00,61796,6179,2340.48,64676,2024-01-23 20:55:00,TP,3.5,1088.6074483485188,12.5,0.002,136.07593104356485,136.07593104356485,136.07593104356485,675.3985906120606,405.239154367236,413.2088577364582,4.76265758652477,0.2721518620871297,4.49050572443764,1101.1023222748418,1105.5928279992795,10.55928279992795,1105.5928279992795,0.0,ACTIVE,True
121,short,42,3.0,2.0,5,2024-01-22 21:00:00,61804,6180,0.08174,64684,2024-01-23 21:00:00,TP,3.0,1088.6074483485188,12.5,0.002,136.07593104356485,136.07593104356485,136.07593104356485,811.4745216556255,135.0797181224121,277.1329266928933,4.082277931306946,0.2721518620871297,3.810126069219816,1105.5928279992795,1109.4029540684994,10.94029540684993,1109.4029540684994,0.0,ACTIVE,True
122,short,74,2.5,1.75,2,2024-01-23 04:10:00,62661,6266,30.07,65541,2024-01-24 04:10:00,TP,2.5,1086.6487924357439,12.5,0.002,135.83109905446798,135.83109905446798,135.83109905446798,812.4707345767783,0.0,274.17805785896553,3.3957774763616997,0.271662198108936,3.1241152782527637,1109.4029540684994,1112.5270693467521,11.252706934675217,1112.5270693467521,0.0,ACTIVE,True
123,short,5,2.5,1.0,6,2024-01-23 11:45:00,63575,6357,6.081,66455,2024-01-24 11:45:00,SL,-1.0,1097.9954887580263,12.5,0.002,137.2494360947533,137.2494360947533,137.2494360947533,543.0626792640103,2.842170943040401e-14,554.932809494016,-1.3724943609475329,0.2744988721895066,-1.6469932331370394,1112.5270693467521,1110.8800761136151,11.088007611361505,1112.5270693467521,0.148040733436181,ACTIVE,True
124,short,5,2.5,1.0,6,2024-01-23 11:50:00,63585,6358,6.077,66465,2024-01-24 11:50:00,SL,-1.0,1101.1023222748418,12.5,0.002,137.63779028435522,137.63779028435522,137.63779028435522,545.2323972363517,137.24943609475332,555.86992503849,-1.3763779028435523,0.27527558056871043,-1.6516534834122627,1110.8800761136151,1109.2284226302029,10.922842263020293,1112.5270693467521,0.2965003555811106,ACTIVE,True
125,short,5,2.5,1.0,6,2024-01-23 11:55:00,63595,6359,6.098,66475,2024-01-24 11:55:00,SL,-1.0,1101.1023222748418,12.5,0.002,137.63779028435522,137.63779028435522,137.63779028435522,682.870187520707,274.88722637910854,418.2321347541348,-1.3763779028435523,0.27527558056871043,-1.6516534834122627,1109.2284226302029,1107.5767691467906,10.75767691467906,1112.5270693467521,0.4449599777260401,ACTIVE,True
126,short,5,2.5,1.0,6,2024-01-23 12:00:00,63605,6360,6.135,66485,2024-01-24 12:00:00,TP,2.5,1101.1023222748418,12.5,0.002,137.63779028435522,137.63779028435522,137.63779028435522,820.5079778050622,412.52501666346376,280.59434446977957,3.4409447571088805,0.27527558056871043,3.16566917654017,1107.5767691467906,1110.7424383233308,11.074243832333085,1112.5270693467521,0.16041236861492172,ACTIVE,True
127,short,32,2.5,1.25,7,2024-01-23 12:10:00,63626,6362,2214.88,66506,2024-01-24 12:10:00,SL,-1.25,1101.1023222748418,12.5,0.002,137.63779028435522,137.63779028435522,137.63779028435522,958.1457680894174,136.07593104356488,142.95655418542435,-1.7204723785544402,0.27527558056871043,-1.9957479591231506,1110.7424383233308,1108.7466903642076,10.874669036420759,1112.5270693467521,0.33980107870672355,ACTIVE,True
128,short,74,2.5,1.75,2,2024-01-23 16:45:00,64171,6417,28.89,67051,2024-01-24 16:45:00,SL,-1.75,1101.1023222748418,12.5,0.002,137.63779028435522,5.318763901069133,5.318763901069133,1095.7835583737726,135.83109905446798,5.318763901069133,-0.09307836826870983,0.010637527802138266,-0.1037158960708481,1108.7466903642076,1108.6429744681368,10.864297446813676,1112.5270693467521,0.34912362904535504,ACTIVE,True
129,short,43,2.5,1.0,5,2024-01-24 08:00:00,66004,6600,0.0799,68884,2024-01-25 08:00:00,TP,2.5,1112.5270693467521,12.5,0.002,139.06588366834401,139.06588366834401,139.06588366834401,693.119361133244,0.0,419.40770821350816,3.4766470917086005,0.27813176733668804,3.1985153243719124,1108.6429744681368,1111.8414897925088,11.184148979250885,1112.5270693467521,0.06162362904534623,ACTIVE,True
130,short,87,3.0,2.0,1,2024-01-25 08:30:00,68940,6894,0.4735,71820,2024-01-26 08:30:00,SL,-2.0,1111.8414897925088,12.5,0.002,138.9801862240636,138.9801862240636,138.9801862240636,6.536993168992922e-13,0.0,1111.8414897925081,-2.779603724481272,0.2779603724481272,-3.0575640969293993,1111.8414897925088,1108.7839256955795,10.878392569557938,1112.5270693467521,0.3364541640654675,ACTIVE,True
131,short,5,2.5,1.0,2,2024-01-25 16:20:00,69881,6988,29.87,72761,2024-01-26 16:20:00,SL,-1.0,1111.8414897925088,12.5,0.002,138.9801862240636,138.9801862240636,138.9801862240636,138.98018622406425,0.0,972.8613035684446,-1.389801862240636,0.2779603724481272,-1.6677622346887633,1108.7839256955795,1107.1161634608907,10.711616346089059,1112.5270693467521,0.486361728621901,ACTIVE,True
132,short,5,2.5,1.0,6,2024-01-25 16:20:00,69885,6988,6.402,72765,2024-01-26 16:20:00,SL,-1.0,1111.8414897925088,12.5,0.002,138.9801862240636,138.9801862240636,138.9801862240636,277.9603724481278,1.1368683772161603e-13,833.881117344381,-1.389801862240636,0.2779603724481272,-1.6677622346887633,1107.1161634608907,1105.448401226202,10.54484012262018,1112.5270693467521,0.6362692931783346,ACTIVE,True
133,short,73,3.5,1.0,1,2024-01-25 17:00:00,69960,6996,0.4607,72840,2024-01-26 17:00:00,SL,-1.0,1111.8414897925088,12.5,0.002,138.9801862240636,138.9801862240636,138.9801862240636,416.9405586721914,138.9801862240636,694.9009311203174,-1.389801862240636,0.2779603724481272,-1.6677622346887633,1105.448401226202,1103.7806389915131,10.378063899151302,1112.5270693467521,0.786176857734768,ACTIVE,True
134,short,73,3.5,1.0,1,2024-01-25 17:10:00,69980,6998,0.4603,72860,2024-01-26 17:10:00,SL,-1.0,1111.8414897925088,12.5,0.002,138.9801862240636,138.9801862240636,138.9801862240636,555.920744896255,277.9603724481272,555.9207448962538,-1.389801862240636,0.2779603724481272,-1.6677622346887633,1103.7806389915131,1102.1128767568243,10.211287675682424,1112.5270693467521,0.9360844222912015,ACTIVE,True
135,short,5,2.5,1.0,1,2024-01-25 17:20:00,70000,7000,0.4628,72880,2024-01-26 17:20:00,SL,-1.0,1111.8414897925088,12.5,0.002,138.9801862240636,138.9801862240636,138.9801862240636,694.9009311203185,416.94055867219083,416.94055867219026,-1.389801862240636,0.2779603724481272,-1.6677622346887633,1102.1128767568243,1100.4451145221356,10.044511452213545,1112.5270693467521,1.085991986847635,ACTIVE,True
136,short,5,2.5,1.0,1,2024-01-25 17:25:00,70010,7001,0.463,72890,2024-01-26 17:25:00,SL,-1.0,1111.8414897925088,12.5,0.002,138.9801862240636,138.9801862240636,138.9801862240636,833.8811173443821,555.9207448962544,277.9603724481267,-1.389801862240636,0.2779603724481272,-1.6677622346887633,1100.4451145221356,1098.7773522874468,9.877735228744688,1112.5270693467521,1.2358995514040685,ACTIVE,True
137,short,5,2.5,1.0,1,2024-01-25 17:30:00,70020,7002,0.464,72900,2024-01-26 17:30:00,SL,-1.0,1111.8414897925088,12.5,0.002,138.9801862240636,138.98018622406312,138.98018622406312,972.8613035684457,694.900931120318,138.98018622406312,-1.3898018622406312,0.27796037244812627,-1.6677622346887575,1098.7773522874468,1097.109590052758,9.71095900527581,1112.5270693467521,1.3858071159605019,ACTIVE,True
138,short,91,2.0,1.25,2,2024-01-26 10:40:00,72081,7208,31.49,74961,2024-01-27 10:40:00,SL,-1.25,1108.7839256955795,12.5,0.002,138.59799071194743,135.92262212713422,135.92262212713422,972.8613035684452,138.9801862240636,135.92262212713422,-1.6990327765891777,0.2718452442542684,-1.9708780208434462,1097.109590052758,1095.1387120319146,9.51387120319145,1112.5270693467521,1.5629603803750642,ACTIVE,True
139,short,74,2.5,1.75,10,2024-01-26 20:10:00,73229,7322,0.5336,76109,2024-01-27 20:10:00,Time_288,0.6559220389805,1097.109590052758,12.5,0.002,137.13869875659475,137.13869875659475,137.13869875659475,135.9226221271349,0.0,961.1869679256231,0.8995229491155821,0.2742773975131895,0.6252455516023925,1095.1387120319146,1095.763957583517,9.576395758351698,1112.5270693467521,1.5067599005099335,ACTIVE,True
140,short,14,3.0,1.75,2,2024-01-26 22:40:00,73521,7352,32.24,76401,2024-01-27 22:40:00,SL,-1.75,1097.109590052758,12.5,0.002,137.13869875659475,137.13869875659475,137.13869875659475,273.06132088372965,135.9226221271342,824.0482691690283,-2.3999272282404083,0.2742773975131895,-2.674204625753598,1095.763957583517,1093.0897529577633,9.308975295776323,1112.5270693467521,1.747131995664784,ACTIVE,True
141,short,29,3.5,1.0,7,2024-01-27 07:10:00,74546,7454,2263.67,77426,2024-01-28 07:10:00,SL,-1.0,1097.109590052758,12.5,0.002,137.13869875659475,137.13869875659475,137.13869875659475,410.2000196403244,2.842170943040401e-14,686.9095704124336,-1.3713869875659475,0.2742773975131895,-1.645664385079137,1093.0897529577633,1091.4440885726842,9.144408857268417,1112.5270693467521,1.895053284990835,ACTIVE,True
142,short,32,2.5,1.25,10,2024-01-27 08:50:00,74749,7474,0.5283,77629,2024-01-28 08:50:00,SL,-1.25,1097.109590052758,12.5,0.002,137.13869875659475,137.13869875659475,137.13869875659475,547.3387183969191,137.13869875659475,549.7708716558388,-1.7142337344574345,0.2742773975131895,-1.9885111319706241,1091.4440885726842,1089.4555774407136,8.945557744071353,1112.5270693467521,2.0737915095931596,ACTIVE,True
143,short,52,2.5,2.0,9,2024-01-27 15:35:00,75558,7555,0.11338,78438,2024-01-28 15:35:00,Time_288,1.0231081319456645,1095.1387120319146,12.5,0.002,136.89233900398932,136.89233900398932,136.89233900398932,548.5547950263797,0.0,546.5839170055349,1.4005566523604414,0.2737846780079786,1.1267719743524627,1089.4555774407136,1090.5823494150661,9.058234941506615,1112.5270693467521,1.972511099848688,ACTIVE,True
144,short,85,2.0,1.0,10,2024-01-27 15:55:00,75599,7559,0.5299,78479,2024-01-28 15:55:00,SL,-1.0,1095.1387120319146,12.5,0.002,136.89233900398932,136.89233900398932,136.89233900398932,685.4471340303689,274.2773975131895,409.6915780015456,-1.3689233900398932,0.2737846780079786,-1.6427080680478718,1090.5823494150661,1088.9396413470183,8.893964134701825,1112.5270693467521,2.1201666592781185,ACTIVE,True
145,short,85,2.0,1.0,10,2024-01-27 22:50:00,76429,7642,0.5306,79309,2024-01-28 22:50:00,Time_288,1.413494157557473,1093.0897529577633,12.5,0.002,136.6362191197204,136.6362191197204,136.6362191197204,548.0620755211687,274.03103776058407,545.0276774365946,1.9313449743646751,0.2732724382394408,1.6580725361252342,1088.9396413470183,1090.5977138831436,9.059771388314353,1112.5270693467521,1.9711300576699595,ACTIVE,True
146,short,52,2.5,2.0,5,2024-01-28 13:55:00,78234,7823,0.07975,81114,2024-01-29 13:55:00,SL,-2.0,1089.4555774407136,12.5,0.002,136.1819471800892,136.1819471800892,136.1819471800892,410.4208971276996,0.0,679.034680313014,-2.723638943601784,0.2723638943601784,-2.9960028379619623,1090.5977138831436,1087.6017110451817,8.760171104518166,1112.5270693467521,2.2404271310185724,ACTIVE,True
147,short,34,2.0,2.0,10,2024-01-28 14:15:00,78279,7827,0.5309,81159,2024-01-29 14:15:00,Time_288,1.337351666980598,1089.4555774407136,12.5,0.002,136.1819471800892,136.1819471800892,136.1819471800892,546.6028443077888,273.52855812370973,542.8527331329248,1.8212315407395603,0.2723638943601784,1.548867646379382,1087.6017110451817,1089.1505786915611,8.915057869156119,1112.5270693467521,2.1012064604339993,ACTIVE,True
148,short,49,3.5,1.0,8,2024-01-28 18:25:00,78777,7877,95.46,81657,2024-01-29 18:25:00,SL,-1.0,1088.9396413470183,12.5,0.002,136.1174551683773,136.1174551683773,136.1174551683773,409.0001134798994,0.0,679.9395278671188,-1.361174551683773,0.27223491033675457,-1.6334094620205275,1089.1505786915611,1087.5171692295405,8.751716922954046,1112.5270693467521,2.2480262104450888,ACTIVE,True
149,short,44,3.0,1.0,8,2024-01-28 18:35:00,78797,7879,95.79,81677,2024-01-29 18:35:00,SL,-1.0,1088.9396413470183,12.5,0.002,136.1174551683773,136.1174551683773,136.1174551683773,545.1175686482767,136.1174551683773,543.8220726987416,-1.361174551683773,0.27223491033675457,-1.6334094620205275,1087.5171692295405,1085.88375976752,8.588375976751994,1112.5270693467521,2.394845960456179,ACTIVE,True
150,short,87,3.0,2.0,6,2024-01-29 20:00:00,81845,8184,7.114,84725,2024-01-30 20:00:00,SL,-2.0,1085.88375976752,12.5,0.002,135.73546997094,135.73546997094,135.73546997094,6.252776074688882e-13,1.1368683772161603e-13,1085.8837597675192,-2.7147093994188,0.27147093994188,-2.98618033936068,1085.88375976752,1082.8975794281591,8.289757942815923,1112.5270693467521,2.663260134064933,ACTIVE,True
151,short,62,3.5,1.75,2,2024-01-30 14:50:00,84101,8410,35.93,86981,2024-01-31 14:50:00,TP,3.5,1085.88375976752,12.5,0.002,135.73546997094,135.73546997094,135.73546997094,135.7354699709406,0.0,950.1482897965793,4.7507414489829,0.27147093994188,4.4792705090410205,1082.8975794281591,1087.3768499372002,8.737684993720007,1112.5270693467521,2.2606388736518124,ACTIVE,True
152,short,7,3.0,1.75,9,2024-01-30 14:55:00,84118,8411,0.11202,86998,2024-01-31 14:55:00,Time_288,-0.32137118371719264,1085.88375976752,12.5,0.002,135.73546997094,135.73546997094,135.73546997094,271.4709399418806,0.0,814.4128198256393,-0.4362146865697044,0.27147093994188,-0.7076856265115844,1087.3768499372002,1086.6691643106885,8.666916431068849,1112.5270693467521,2.3242495170249384,ACTIVE,True
153,short,31,2.5,2.0,10,2024-01-31 00:35:00,85279,8527,0.5089,88159,2024-02-01 00:35:00,TP,2.5,1082.8975794281591,12.5,0.002,135.3621974285199,135.3621974285199,135.3621974285199,271.4709399418806,0.0,811.4266394862785,3.3840549357129976,0.2707243948570398,3.1133305408559577,1086.6691643106885,1089.7824948515445,8.978249485154443,1112.5270693467521,2.0444063899103764,ACTIVE,True
154,short,46,3.0,1.75,4,2024-01-31 01:05:00,85333,8533,42914.6,88213,2024-02-01 01:05:00,SL,-1.75,1082.8975794281591,12.5,0.002,135.3621974285199,135.3621974285199,135.3621974285199,406.8331373704005,0.0,676.0644420577587,-2.368838454999098,0.2707243948570398,-2.639562849856138,1089.7824948515445,1087.1429320016882,8.714293200168832,1112.5270693467521,2.281664693333603,ACTIVE,True
155,short,4,2.0,1.5,7,2024-01-31 11:55:00,86636,8663,2300.18,89516,2024-02-01 11:55:00,SL,-1.5,1082.8975794281591,12.5,0.002,135.3621974285199,135.3621974285199,135.3621974285199,542.1953347989204,2.842170943040401e-14,540.7022446292387,-2.0304329614277985,0.2707243948570398,-2.3011573562848384,1087.1429320016882,1084.8417746454033,8.484177464540332,1112.5270693467521,2.488505265548718,ACTIVE,True
156,short,7,3.0,1.75,3,2024-01-31 12:20:00,86682,8668,303.3,89562,2024-02-01 12:20:00,Time_288,1.3517969007583326,1082.8975794281591,12.5,0.002,135.3621974285199,135.3621974285199,135.3621974285199,677.5575322274403,0.0,405.3400472007188,1.8298219896371073,0.2707243948570398,1.5590975947800674,1084.8417746454033,1086.4008722401834,8.640087224018345,1112.5270693467521,2.3483650714143405,ACTIVE,True
157,short,38,2.0,1.5,3,2024-01-31 12:25:00,86692,8669,303.8,89572,2024-02-01 12:25:00,TP,2.0,1082.8975794281591,12.5,0.002,135.3621974285199,135.3621974285199,135.3621974285199,812.9197296559603,135.3621974285199,269.97784977219885,2.707243948570398,0.2707243948570398,2.436519553713358,1086.4008722401834,1088.8373917938968,8.883739179389671,1112.5270693467521,2.1293574067159806,ACTIVE,True
158,short,29,3.5,1.0,7,2024-01-31 22:35:00,87916,8791,2282.61,90796,2024-02-01 22:35:00,SL,-1.0,1086.6691643106885,12.5,0.002,135.83364553883607,135.83364553883607,135.83364553883607,676.8109871426002,135.36219742851992,409.85817716808833,-1.3583364553883608,0.2716672910776721,-1.6300037464660329,1088.8373917938968,1087.2073880474309,8.720738804743089,1112.5270693467521,2.2758710324404356,ACTIVE,True
159,short,23,2.5,2.0,2,2024-01-31 23:05:00,87971,8797,33.48,90851,2024-02-01 23:05:00,TP,2.5,1086.6691643106885,12.5,0.002,135.83364553883607,135.83364553883607,135.83364553883607,812.6446326814363,0.0,274.02453162925224,3.3958411384709017,0.2716672910776721,3.1241738473932297,1087.2073880474309,1090.331561894824,9.033156189482415,1112.5270693467521,1.9950532498018851,ACTIVE,True
160,short,63,3.5,1.5,6,2024-01-31 23:15:00,87995,8799,6.665,90875,2024-02-01 23:15:00,SL,-1.5,1086.6691643106885,12.5,0.002,135.83364553883607,135.83364553883607,135.83364553883607,948.4782782202724,1.1368683772161603e-13,138.19088609041614,-2.037504683082541,0.2716672910776721,-2.309171974160213,1090.331561894824,1088.022389920664,8.802238992066403,1112.5270693467521,2.202614219578198,ACTIVE,True
161,short,43,2.5,1.0,7,2024-02-01 00:50:00,88186,8818,2282.36,91066,2024-02-02 00:50:00,SL,-1.0,1089.7824948515445,12.5,0.002,136.22281185644306,136.22281185644306,136.22281185644306,948.9497263305884,271.195842967356,140.83276852095605,-1.3622281185644307,0.2724456237128861,-1.6346737422773168,1088.022389920664,1086.3877161783867,8.638771617838659,1112.5270693467521,2.349547609993331,ACTIVE,True
162,short,29,3.5,1.0,3,2024-02-01 02:50:00,88422,8842,298.1,91302,2024-02-02 02:50:00,SL,-1.0,1087.1429320016882,12.5,0.002,135.89286650021103,135.89286650021103,135.89286650021103,949.8103407585115,270.7243948570398,137.3325912431767,-1.3589286650021104,0.2717857330004221,-1.6307143980025325,1086.3877161783867,1084.7570017803841,8.475700178038403,1112.5270693467521,2.496125112953328,ACTIVE,True
163,short,29,3.5,1.0,3,2024-02-01 02:55:00,88432,8843,298.3,91312,2024-02-02 02:55:00,SL,-1.0,1087.1429320016882,12.5,0.002,135.89286650021103,1.439724742965609,1.439724742965609,1085.7032072587226,406.6172613572508,1.439724742965609,-0.01439724742965609,0.002879449485931218,-0.01727669691558731,1084.7570017803841,1084.7397250834686,8.47397250834685,1112.5270693467521,2.497678036688095,ACTIVE,True
164,short,87,3.0,2.0,6,2024-02-02 08:20:00,91965,9196,6.875,94845,2024-02-03 08:20:00,SL,-2.0,1084.7397250834686,12.5,0.002,135.59246563543357,135.59246563543357,135.59246563543357,3.979039320256561e-13,1.1368683772161603e-13,1084.739725083468,-2.7118493127086714,0.2711849312708671,-2.9830342439795383,1084.7397250834686,1081.756690839489,8.175669083948911,1112.5270693467521,2.7658094220872034,ACTIVE,True
165,short,98,2.5,1.0,8,2024-02-03 08:05:00,94817,9481,99.23,97697,2024-02-04 08:05:00,TP,2.5,1084.7397250834686,12.5,0.002,135.59246563543357,135.59246563543357,135.59246563543357,135.59246563543397,0.0,949.1472594480346,3.3898116408858394,0.2711849312708671,3.1186267096149725,1081.756690839489,1084.875317549104,8.487531754910393,1112.5270693467521,2.485490246442679,ACTIVE,True
166,short,28,1.5,2.0,8,2024-02-03 08:10:00,94827,9482,99.3,97707,2024-02-04 08:10:00,TP,1.5,1084.7397250834686,12.5,0.002,135.59246563543357,135.59246563543357,135.59246563543357,271.18493127086754,135.59246563543357,813.554793812601,2.0338869845315033,0.2711849312708671,1.7627020532606361,1084.875317549104,1086.6380196023647,8.663801960236462,1112.5270693467521,2.327048973252293,ACTIVE,True
167,short,98,2.5,1.0,8,2024-02-03 08:15:00,94837,9483,99.17,97717,2024-02-04 08:15:00,TP,2.5,1084.7397250834686,12.5,0.002,135.59246563543357,135.59246563543357,135.59246563543357,406.7773969063011,271.18493127086714,677.9623281771675,3.3898116408858394,0.2711849312708671,3.1186267096149725,1086.6380196023647,1089.7566463119797,8.975664631197965,1112.5270693467521,2.0467297976077687,ACTIVE,True
168,short,65,2.5,1.25,7,2024-02-03 09:55:00,95036,9503,2315.11,97916,2024-02-04 09:55:00,Time_288,0.5062394443460679,1081.756690839489,12.5,0.002,135.21958635493613,135.21958635493613,135.21958635493613,406.7773969063011,2.842170943040401e-14,674.9792939331879,0.6845348826102802,0.2704391727098723,0.4140957099004079,1089.7566463119797,1090.1707420218802,9.017074202188024,1112.5270693467521,2.0095086169902365,ACTIVE,True
169,short,74,2.5,1.75,2,2024-02-03 19:30:00,96181,9618,36.4,99061,2024-02-04 19:30:00,TP,2.5,1081.756690839489,12.5,0.002,135.21958635493613,135.21958635493613,135.21958635493613,541.9969832612372,0.0,539.7597075782518,3.3804896588734032,0.2704391727098723,3.110050486163531,1090.1707420218802,1093.2807925080438,9.328079250804366,1112.5270693467521,1.7299603190787334,ACTIVE,True
170,short,63,3.5,1.5,7,2024-02-04 08:25:00,97736,9773,2291.1,100616,2024-02-05 08:25:00,Time_288,-1.078084762777717,1089.7566463119797,12.5,0.002,136.21958078899746,136.21958078899746,136.21958078899746,270.43917270987276,135.21958635493615,819.3174736021069,-1.4685625444058639,0.2724391615779949,-1.7410017059838587,1093.2807925080438,1091.53979080206,9.15397908020601,1112.5270693467521,1.8864510467161324,ACTIVE,True
171,short,29,3.5,1.0,7,2024-02-04 08:30:00,97746,9774,2292.18,100626,2024-02-05 08:30:00,SL,-1.0,1089.7566463119797,12.5,0.002,136.21958078899746,136.21958078899746,136.21958078899746,406.6587534988702,271.4391671439336,683.0978928131094,-1.3621958078899747,0.2724391615779949,-1.6346349694679696,1091.53979080206,1089.905155832592,8.990515583259207,1112.5270693467521,2.0333809520197166,ACTIVE,True
172,short,8,2.5,1.25,1,2024-02-04 08:55:00,97790,9779,0.5035,100670,2024-02-05 08:55:00,TP,2.5,1089.7566463119797,12.5,0.002,136.21958078899746,136.21958078899746,136.21958078899746,542.8783342878677,8.526512829121202e-14,546.878312024112,3.4054895197249366,0.2724391615779949,3.1330503581469418,1089.905155832592,1093.038206190739,9.303820619073889,1112.5270693467521,1.751765300187845,ACTIVE,True
173,short,8,2.5,1.25,1,2024-02-04 09:00:00,97800,9780,0.5035,100680,2024-02-05 09:00:00,TP,2.5,1089.7566463119797,12.5,0.002,136.21958078899746,136.21958078899746,136.21958078899746,679.0979150768651,136.21958078899755,410.6587312351146,3.4054895197249366,0.2724391615779949,3.1330503581469418,1093.038206190739,1096.1712565488858,9.617125654888593,1112.5270693467521,1.4701496483559733,ACTIVE,True
174,short,85,2.0,1.0,10,2024-02-04 09:10:00,97829,9782,0.5107,100709,2024-02-05 09:10:00,TP,2.0,1089.7566463119797,12.5,0.002,136.21958078899746,136.21958078899746,136.21958078899746,815.3174958658626,0.0,274.4391504461171,2.7243916157799495,0.2724391615779949,2.4519524542019546,1096.1712565488858,1098.6232090030878,9.862320900308784,1112.5270693467521,1.2497547904005866,ACTIVE,True
175,short,21,3.5,1.0,5,2024-02-04 15:30:00,98584,9858,0.07916,101464,2024-02-05 15:30:00,SL,-1.0,1090.1707420218802,12.5,0.002,136.27134275273502,136.27134275273502,136.27134275273502,816.317490299924,0.0,273.8532517219562,-1.3627134275273503,0.27254268550547006,-1.6352561130328203,1098.6232090030878,1096.987952890055,9.698795289005503,1112.5270693467521,1.3967405274750915,ACTIVE,True
176,short,52,2.5,2.0,4,2024-02-04 20:45:00,99213,9921,42738.72,102093,2024-02-05 20:45:00,Time_288,0.7662138688290178,1093.2807925080438,12.5,0.002,136.66009906350547,136.66009906350547,136.66009906350547,817.3692466977228,0.0,275.91154581032094,1.0471086321800536,0.27332019812701097,0.7737884340530425,1096.987952890055,1097.7617413241082,9.77617413241083,1112.5270693467521,1.3271882032779392,ACTIVE,True
177,short,29,3.5,1.0,5,2024-02-05 00:10:00,99624,9962,0.07849,102504,2024-02-06 00:10:00,SL,-1.0,1093.2807925080438,12.5,0.002,136.66009906350547,136.66009906350547,136.66009906350547,954.0293457612283,136.27134275273502,139.25144674681542,-1.3666009906350547,0.27332019812701097,-1.6399211887620657,1097.7617413241082,1096.121820135346,9.612182013534598,1112.5270693467521,1.4745932627993306,ACTIVE,True
178,short,38,2.0,1.5,10,2024-02-05 00:25:00,99659,9965,0.504,102539,2024-02-06 00:25:00,SL,-1.5,1093.2807925080438,12.5,0.002,136.66009906350547,2.591347683310005,2.591347683310005,1090.6894448247338,136.21958078899746,2.591347683310005,-0.03887021524965007,0.00518269536662001,-0.04405291061627008,1096.121820135346,1096.0777672247298,9.607776722472972,1112.5270693467521,1.4785529786417657,ACTIVE,True
179,short,59,3.0,1.75,2,2024-02-05 16:50:00,101621,10162,34.77,104501,2024-02-06 16:50:00,TP,3.0,1096.987952890055,12.5,0.002,137.1234941112569,137.1234941112569,137.1234941112569,275.9115458103212,0.0,821.0764070797339,4.113704823337707,0.2742469882225138,3.839457835115193,1096.0777672247298,1099.917225059845,9.99172250598448,1112.5270693467521,1.1334415704879344,ACTIVE,True
180,short,29,3.5,1.0,2,2024-02-05 16:55:00,101631,10163,34.77,104511,2024-02-06 16:55:00,Time_288,1.8406672418751813,1096.987952890055,12.5,0.002,137.1234941112569,137.1234941112569,137.1234941112569,413.03503992157806,137.1234941112569,683.952912968477,2.523987237020549,0.2742469882225138,2.249740248798035,1099.917225059845,1102.1669653086428,10.216696530864278,1112.5270693467521,0.9312226482895807,ACTIVE,True
181,short,29,3.5,1.0,2,2024-02-05 17:00:00,101641,10164,34.7,104521,2024-02-06 17:00:00,Time_288,1.5561959654178854,1096.987952890055,12.5,0.002,137.1234941112569,137.1234941112569,137.1234941112569,550.158534032835,274.2469882225138,546.8294188572202,2.133910282999411,0.2742469882225138,1.8596632947768974,1102.1669653086428,1104.0266286034198,10.402662860341971,1112.5270693467521,0.7640659699474606,ACTIVE,True
182,short,64,3.5,2.0,2,2024-02-05 17:25:00,101691,10169,34.74,104571,2024-02-06 17:25:00,Time_288,1.6407599309153722,1096.987952890055,12.5,0.002,137.1234941112569,137.1234941112569,137.1234941112569,687.2820281440918,411.37048233377067,409.70592474596333,2.249867347248603,0.2742469882225138,1.975620359026089,1104.0266286034198,1106.002248962446,10.600224896244592,1112.5270693467521,0.5864864383153731,ACTIVE,True
183,short,4,2.0,1.5,6,2024-02-05 17:30:00,101705,10170,6.798,104585,2024-02-06 17:30:00,TP,2.0,1096.987952890055,12.5,0.002,137.1234941112569,137.1234941112569,137.1234941112569,824.4055222553486,1.1368683772161603e-13,272.5824306347065,2.7424698822251377,0.2742469882225138,2.468222894002624,1106.002248962446,1108.4704718564485,10.847047185644843,1112.5270693467521,0.3646291045021973,ACTIVE,True
184,short,29,3.5,1.0,5,2024-02-05 17:30:00,101704,10170,0.07881,104584,2024-02-06 17:30:00,Time_288,-0.05075498033244304,1096.987952890055,12.5,0.002,137.1234941112569,135.45893652344967,135.45893652344967,961.5290163666054,136.6600990635055,135.45893652344967,-0.06875215659101339,0.27091787304689935,-0.3396700296379127,1108.4704718564485,1108.1308018268105,10.813080182681055,1112.5270693467521,0.39516049910794354,ACTIVE,True
185,short,9,2.5,1.5,5,2024-02-05 22:50:00,102344,10234,0.07812,105224,2024-02-06 22:50:00,Time_288,-0.7808499743983608,1097.7617413241082,12.5,0.002,137.22021766551353,137.22021766551353,137.22021766551353,960.3278538265497,272.1190355869552,137.43388749755854,-1.0714840345105374,0.2744404353310271,-1.3459244698415644,1108.1308018268105,1106.784877356969,10.678487735696907,1112.5270693467521,0.5161395302637259,ACTIVE,True
186,short,85,2.0,1.0,10,2024-02-06 03:35:00,102919,10291,0.5064,105799,2024-02-07 03:35:00,Time_288,0.375197472353873,1096.0777672247298,12.5,0.002,137.00972090309122,137.00972090309122,137.00972090309122,958.2966247452478,0.0,137.781142479482,0.5140570097074942,0.27401944180618243,0.2400375679013118,1106.784877356969,1107.0249149248702,10.702491492487031,1112.5270693467521,0.49456364465024616,ACTIVE,True
187,short,36,3.0,2.0,1,2024-02-07 05:30:00,106020,10602,0.4882,108900,2024-02-08 05:30:00,TP,3.0,1107.0249149248702,12.5,0.002,138.37811436560878,138.37811436560878,138.37811436560878,3.126388037344441e-13,1.1368683772161603e-13,1107.02491492487,4.1513434309682635,0.2767562287312176,3.874587202237046,1107.0249149248702,1110.8995021271073,11.08995021271073,1112.5270693467521,0.14629461740651892,ACTIVE,True
188,short,52,2.5,2.0,1,2024-02-07 05:35:00,106030,10603,0.489,108910,2024-02-08 05:35:00,TP,2.5,1107.0249149248702,12.5,0.002,138.37811436560878,138.37811436560878,138.37811436560878,138.3781143656091,138.3781143656089,968.6468005592611,3.4594528591402196,0.2767562287312176,3.182696630409002,1110.8995021271073,1114.0821987575164,11.408219875751646,1114.0821987575164,0.0,ACTIVE,True
189,short,67,2.0,1.25,1,2024-02-07 05:45:00,106050,10605,0.4909,108930,2024-02-08 05:45:00,TP,2.0,1107.0249149248702,12.5,0.002,138.37811436560878,138.37811436560878,138.37811436560878,276.7562287312179,276.7562287312177,830.2686861936523,2.7675622873121757,0.2767562287312176,2.490806058580958,1114.0821987575164,1116.5730048160974,11.657300481609735,1116.5730048160974,0.0,ACTIVE,True
190,short,8,2.5,1.25,7,2024-02-07 06:40:00,106166,10616,2362.89,109046,2024-02-08 06:40:00,SL,-1.25,1107.0249149248702,12.5,0.002,138.37811436560878,138.37811436560878,138.37811436560878,415.1343430968267,0.0,691.8905718280436,-1.7297264295701098,0.2767562287312176,-2.0064826583013273,1116.5730048160974,1114.566522157796,11.456652215779606,1116.5730048160974,0.1797000867517694,ACTIVE,True
191,short,9,2.5,1.5,1,2024-02-07 09:30:00,106500,10650,0.4826,109380,2024-02-08 09:30:00,SL,-1.5,1107.0249149248702,12.5,0.002,138.37811436560878,138.37811436560878,138.37811436560878,553.5124574624355,415.13434309682646,553.5124574624348,-2.0756717154841318,0.2767562287312176,-2.3524279442153495,1114.566522157796,1112.2140942135807,11.221409421358075,1116.5730048160974,0.3903829470814287,ACTIVE,True
192,short,88,2.5,1.25,7,2024-02-07 18:40:00,107606,10760,2411.38,110486,2024-02-08 18:40:00,SL,-1.25,1107.0249149248702,12.5,0.002,138.37811436560878,138.37811436560878,138.37811436560878,691.8905718280442,138.37811436560878,415.134343096826,-1.7297264295701098,0.2767562287312176,-2.0064826583013273,1112.2140942135807,1110.2076115552793,11.020761155527925,1116.5730048160974,0.5700830338331981,ACTIVE,True
193,short,52,2.5,2.0,9,2024-02-08 09:30:00,109388,10938,0.12198,112268,2024-02-09 09:30:00,Time_288,-0.5328742416789619,1112.2140942135807,12.5,0.002,139.02676177669758,139.02676177669758,139.02676177669758,138.37811436560912,0.0,973.8359798479715,-0.7408378025483942,0.2780535235533952,-1.0188913261017893,1110.2076115552793,1109.1887202291775,10.918872022917746,1116.5730048160974,0.6613346870351828,ACTIVE,True
194,short,7,3.0,1.75,9,2024-02-08 09:40:00,109408,10940,0.1222,112288,2024-02-09 09:40:00,Time_288,-0.441898527004909,1112.2140942135807,12.5,0.002,139.02676177669758,139.02676177669758,139.02676177669758,277.4048761423067,139.02676177669758,834.809218071274,-0.6143572124338504,0.2780535235533952,-0.8924107359872456,1109.1887202291775,1108.2963094931904,10.829630949319036,1116.5730048160974,0.7412587701124129,ACTIVE,True
195,short,7,3.0,1.75,9,2024-02-08 09:50:00,109428,10942,0.12211,112308,2024-02-09 09:50:00,Time_288,-0.4258455490950836,1112.2140942135807,12.5,0.002,139.02676177669758,139.02676177669758,139.02676177669758,416.4316379190043,278.05352355339517,695.7824562945764,-0.5920392770770916,0.2780535235533952,-0.8700928006304868,1108.2963094931904,1107.4262166925598,10.742621669255993,1116.5730048160974,0.8191840644619641,ACTIVE,True
196,short,9,2.5,1.5,5,2024-02-08 11:45:00,109654,10965,0.07987,112534,2024-02-09 11:45:00,SL,-1.5,1112.2140942135807,12.5,0.002,139.02676177669758,139.02676177669758,139.02676177669758,555.4583996957019,5.684341886080802e-14,556.7556945178787,-2.0854014266504635,0.2780535235533952,-2.3634549502038587,1107.4262166925598,1105.0627617423559,10.506276174235584,1116.5730048160974,1.0308545006994252,ACTIVE,True
197,short,80,2.0,1.75,5,2024-02-08 12:05:00,109694,10969,0.07996,112574,2024-02-09 12:05:00,SL,-1.75,1112.2140942135807,12.5,0.002,139.02676177669758,139.02676177669758,139.02676177669758,694.4851614723996,139.02676177669764,417.7289327411811,-2.432968331092208,0.2780535235533952,-2.7110218546456033,1105.0627617423559,1102.3517398877102,10.23517398877103,1116.5730048160974,1.2736529422659184,ACTIVE,True
198,short,9,2.5,1.5,5,2024-02-08 12:30:00,109744,10974,0.07988,112624,2024-02-09 12:30:00,SL,-1.5,1112.2140942135807,12.5,0.002,139.02676177669758,139.02676177669758,139.02676177669758,833.5119232490972,278.0535235533952,278.70217096448346,-2.0854014266504635,0.2780535235533952,-2.3634549502038587,1102.3517398877102,1099.9882849375063,9.998828493750622,1116.5730048160974,1.4853233785033793,ACTIVE,True
199,short,9,2.5,1.5,5,2024-02-08 12:50:00,109784,10978,0.07979,112664,2024-02-09 12:50:00,SL,-1.5,1112.2140942135807,12.5,0.002,139.02676177669758,139.02676177669758,139.02676177669758,972.5386850257948,417.0802853300928,139.67540918778582,-2.0854014266504635,0.2780535235533952,-2.3634549502038587,1099.9882849375063,1097.6248299873023,9.762482998730238,1116.5730048160974,1.69699381474084,ACTIVE,True
200,short,8,2.5,1.25,8,2024-02-08 19:25:00,110577,11057,102.34,113457,2024-02-09 19:25:00,SL,-1.25,1110.2076115552793,12.5,0.002,138.7759514444099,137.0202791183956,137.0202791183956,973.1873324368837,5.684341886080802e-14,137.0202791183956,-1.712753488979945,0.2740405582367912,-1.986794047216736,1097.6248299873023,1095.6380359400855,9.563803594008547,1116.5730048160974,1.8749305943913588,ACTIVE,True
201,short,5,2.5,1.0,3,2024-02-09 12:15:00,112592,11259,324.7,115472,2024-02-10 12:15:00,Time_288,1.201108715737597,1102.3517398877102,12.5,0.002,137.79396748596378,137.79396748596378,137.79396748596378,415.07380267179116,0.0,687.2779372159191,1.6550553532345416,0.2755879349719276,1.3794674182626139,1095.6380359400855,1097.0175033583482,9.701750335834824,1116.5730048160974,1.7513858362508086,ACTIVE,True
202,short,5,2.5,1.0,3,2024-02-09 12:20:00,112602,11260,324.1,115482,2024-02-10 12:20:00,Time_288,0.9564949089787173,1102.3517398877102,12.5,0.002,137.79396748596378,137.79396748596378,137.79396748596378,552.8677701577549,137.79396748596378,549.4839697299553,1.3179922838830325,0.2755879349719276,1.0424043489111048,1097.0175033583482,1098.0599077072593,9.805990770725925,1116.5730048160974,1.658028362586759,ACTIVE,True
203,short,5,2.5,1.0,3,2024-02-09 12:25:00,112612,11261,324.2,115492,2024-02-10 12:25:00,Time_288,0.9561998766193602,1102.3517398877102,12.5,0.002,137.79396748596378,137.79396748596378,137.79396748596378,690.6617376437187,275.58793497192755,411.69000224399156,1.317585747089707,0.2755879349719276,1.0419978121177795,1098.0599077072593,1099.1019055193772,9.910190551937713,1116.5730048160974,1.5647072982565773,ACTIVE,True
204,short,5,2.5,1.0,3,2024-02-09 12:30:00,112622,11262,324.1,115502,2024-02-10 12:30:00,Time_288,1.0490589324282733,1102.3517398877102,12.5,0.002,137.79396748596378,137.79396748596378,137.79396748596378,828.4557051296824,413.38190245789133,273.8960347580278,1.4455399242588136,0.2755879349719276,1.169951989286886,1099.1019055193772,1100.271857508664,10.027185750866408,1116.5730048160974,1.4599266897123562,ACTIVE,True
205,short,5,2.5,1.0,3,2024-02-09 12:35:00,112632,11263,324.9,115512,2024-02-10 12:35:00,Time_288,1.2619267466912791,1099.9882849375063,12.5,0.002,137.49853561718828,137.49853561718828,137.49853561718828,827.2229108389486,551.1758699438551,272.7653740985577,1.7351307972621337,0.27499707123437656,1.4601337260277572,1100.271857508664,1101.7319912346918,10.173199123469189,1116.5730048160974,1.3291574771548378,ACTIVE,True
206,short,6,3.5,1.75,6,2024-02-10 11:00:00,115325,11532,7.099,118205,2024-02-11 11:00:00,SL,-1.75,1095.6380359400855,12.5,0.002,136.9547544925107,136.9547544925107,136.9547544925107,688.6744055610436,1.1368683772161603e-13,406.9636303790419,-2.396708203618937,0.27390950898502137,-2.6706177126039585,1101.7319912346918,1099.061373522088,9.906137352208798,1116.5730048160974,1.568337333831001,ACTIVE,True
207,short,8,2.5,1.25,2,2024-02-10 11:10:00,115341,11534,38.68,118221,2024-02-11 11:10:00,SL,-1.25,1095.6380359400855,12.5,0.002,136.9547544925107,136.9547544925107,136.9547544925107,825.6291600535543,0.0,270.0088758865312,-1.7119344311563838,0.27390950898502137,-1.9858439401414052,1099.061373522088,1097.0755295819465,9.707552958194654,1116.5730048160974,1.746189022128668,ACTIVE,True
208,short,4,2.0,1.5,2,2024-02-10 12:20:00,115481,11548,38.67,118361,2024-02-11 12:20:00,SL,-1.5,1097.0175033583482,12.5,0.002,137.12718791979353,137.12718791979353,137.12718791979353,824.7899470601012,136.9547544925107,272.227556298247,-2.056907818796903,0.27425437583958706,-2.33116219463649,1097.0755295819465,1094.74436738731,9.474436738730985,1116.5730048160974,1.9549673272266441,ACTIVE,True
209,short,4,2.0,1.5,2,2024-02-10 12:30:00,115501,11550,38.54,118381,2024-02-11 12:30:00,SL,-1.5,1099.1019055193772,12.5,0.002,137.38773818992215,137.38773818992215,137.38773818992215,686.3292000079672,274.0819424123042,412.77270551141,-2.0608160728488323,0.2747754763798443,-2.3355915492286767,1094.74436738731,1092.4087758380813,9.240877583808139,1116.5730048160974,2.1641423242178455,ACTIVE,True
210,short,74,2.5,1.75,2,2024-02-10 23:05:00,116771,11677,40.67,119651,2024-02-11 23:05:00,TP,2.5,1101.7319912346918,12.5,0.002,137.71649890433648,137.71649890433648,137.71649890433648,548.4244350947373,411.4696806022264,553.3075561399545,3.442912472608412,0.275432997808673,3.1674794747997392,1092.4087758380813,1095.5762553128811,9.557625531288117,1116.5730048160974,1.8804636519646558,ACTIVE,True
211,short,87,3.0,2.0,10,2024-02-11 10:40:00,118169,11816,0.5322,121049,2024-02-12 10:40:00,TP,3.0,1101.7319912346918,12.5,0.002,137.71649890433648,137.71649890433648,137.71649890433648,686.1409339990738,0.0,415.591057235618,4.131494967130094,0.275432997808673,3.8560619693214213,1095.5762553128811,1099.4323172822026,9.943231728220248,1116.5730048160974,1.5351157031346956,ACTIVE,True
212,short,74,2.5,1.75,10,2024-02-11 11:00:00,118209,11820,0.534,121089,2024-02-12 11:00:00,TP,2.5,1099.061373522088,12.5,0.002,137.382671690261,137.382671690261,137.382671690261,686.9026784108996,137.71649890433648,412.1586951111883,3.434566792256525,0.274765343380522,3.159801448876003,1099.4323172822026,1102.5921187310785,10.259211873107855,1116.5730048160974,1.2521246729694693,ACTIVE,True
213,short,8,2.5,1.25,1,2024-02-11 11:35:00,118270,11827,0.5536,121150,2024-02-12 11:35:00,TP,2.5,1097.0755295819465,12.5,0.002,137.1344411977433,137.1344411977433,137.1344411977433,687.3305956086499,1.1368683772161603e-13,409.7449339732966,3.428361029943583,0.27426888239548664,3.1540921475480963,1102.5921187310785,1105.7462108786265,10.574621087862646,1116.5730048160974,0.969644966408098,ACTIVE,True
214,short,8,2.5,1.25,1,2024-02-11 11:40:00,118280,11828,0.553,121160,2024-02-12 11:40:00,TP,2.5,1097.0755295819465,12.5,0.002,137.1344411977433,137.1344411977433,137.1344411977433,824.4650368063932,137.13444119774343,272.6104927755533,3.428361029943583,0.27426888239548664,3.1540921475480963,1105.7462108786265,1108.9003030261745,10.890030302617436,1116.5730048160974,0.6871652598467267,ACTIVE,True
215,short,9,2.5,1.5,1,2024-02-11 12:10:00,118340,11834,0.5532,121220,2024-02-12 12:10:00,TP,2.5,1097.0755295819465,12.5,0.002,137.1344411977433,135.47605157781004,135.47605157781004,961.5994780041365,274.26888239548674,135.47605157781004,3.3869012894452513,0.27095210315562007,3.1159491862896314,1108.9003030261745,1112.016252212464,11.201625221246392,1116.5730048160974,0.40810162738834277,ACTIVE,True
216,short,4,2.0,1.5,10,2024-02-11 15:15:00,118719,11871,0.529,121599,2024-02-12 15:15:00,TP,2.0,1092.4087758380813,12.5,0.002,136.55109697976016,136.55109697976016,136.55109697976016,822.5606034722308,275.09917059459747,269.8481723658505,2.731021939595203,0.27310219395952035,2.457919745635683,1112.016252212464,1114.4741719580998,11.447417195809972,1116.5730048160974,0.18797094761782576,ACTIVE,True
217,short,42,3.0,2.0,5,2024-02-11 15:15:00,118714,11871,0.08176,121594,2024-02-12 15:15:00,Time_288,1.4921722113502922,1092.4087758380813,12.5,0.002,136.55109697976016,133.29707538609034,133.29707538609034,959.1117004519909,0.0,133.29707538609034,1.9890219174538903,0.2665941507721807,1.7224277666817096,1114.4741719580998,1116.1965997247814,11.619659972478136,1116.5730048160974,0.03371074615743272,ACTIVE,True
218,short,5,2.5,1.0,2,2024-02-12 02:45:00,120091,12009,38.69,122971,2024-02-13 02:45:00,SL,-1.0,1095.5762553128811,12.5,0.002,136.94703191411014,136.94703191411014,136.94703191411014,954.6922769337448,5.684341886080802e-14,140.88397837913635,-1.3694703191411015,0.2738940638282203,-1.6433643829693219,1116.1965997247814,1114.553235341812,11.455323534181217,1116.5730048160974,0.18089005067948974,ACTIVE,True
219,short,24,3.5,1.0,8,2024-02-12 04:05:00,120257,12025,105.91,123137,2024-02-13 04:05:00,SL,-1.0,1095.5762553128811,12.5,0.002,136.94703191411014,3.936946465026267,3.936946465026267,1091.6393088478549,5.684341886080802e-14,3.936946465026267,-0.03936946465026267,0.007873892930052534,-0.047243357580315205,1114.553235341812,1114.5059919842317,11.450599198423173,1116.5730048160974,0.185121154008744,ACTIVE,True
220,short,5,2.5,1.0,1,2024-02-12 16:00:00,121680,12168,0.5555,124560,2024-02-13 16:00:00,SL,-1.0,1116.1965997247814,12.5,0.002,139.52457496559768,139.52457496559768,139.52457496559768,140.88397837913658,8.526512829121202e-14,975.3126213456449,-1.395245749655977,0.27904914993119534,-1.6742948995871723,1114.5059919842317,1112.8316970846445,11.283169708464458,1116.5730048160974,0.3350705878895163,ACTIVE,True
221,short,91,2.0,1.25,8,2024-02-12 18:25:00,121977,12197,110.5,124857,2024-02-13 18:25:00,SL,-1.25,1116.1965997247814,12.5,0.002,139.52457496559768,139.52457496559768,139.52457496559768,280.4085533447343,3.936946465026324,835.7880463800471,-1.744057187069971,0.27904914993119534,-2.0231063370011664,1112.8316970846445,1110.8085907476434,11.080859074764348,1116.5730048160974,0.5162594871620984,ACTIVE,True
222,short,38,2.0,1.5,10,2024-02-13 00:05:00,122659,12265,0.5328,125539,2024-02-14 00:05:00,TP,2.0,1116.1965997247814,12.5,0.002,139.52457496559768,139.52457496559768,139.52457496559768,419.933128310332,0.0,696.2634714144494,2.790491499311954,0.27904914993119534,2.5114423493807587,1110.8085907476434,1113.3200330970242,11.33200330970241,1116.5730048160974,0.29133533634095005,ACTIVE,True
223,short,13,3.0,1.5,3,2024-02-13 05:05:00,123252,12325,327.0,126132,2024-02-14 05:05:00,Time_288,0.3975535168195753,1114.5059919842317,12.5,0.002,139.31324899802897,139.31324899802897,139.31324899802897,418.5737248967933,0.0,695.9322670874385,0.5538447207872759,0.27862649799605793,0.27521822279121794,1113.3200330970242,1113.5952513198154,11.35952513198153,1116.5730048160974,0.26668686090727156,ACTIVE,True
224,short,4,2.0,1.5,4,2024-02-13 12:25:00,124133,12413,49902.01,127013,2024-02-14 12:25:00,TP,2.0,1114.5059919842317,12.5,0.002,139.31324899802897,139.31324899802897,139.31324899802897,557.8869738948223,0.0,556.6190180894095,2.7862649799605794,0.27862649799605793,2.5076384819645217,1113.5952513198154,1116.1028898017798,11.610288980177973,1116.5730048160974,0.04210338350379518,ACTIVE,True
225,short,29,3.5,1.0,1,2024-02-13 12:30:00,124140,12414,0.5537,127020,2024-02-14 12:30:00,TP,3.5,1114.5059919842317,12.5,0.002,139.31324899802897,139.31324899802897,139.31324899802897,697.2002228928512,139.52457496559776,417.3057690913805,4.875963714931014,0.27862649799605793,4.597337216934957,1116.1028898017798,1120.7002270187147,12.070022701871475,1120.7002270187147,0.0,ACTIVE,True
226,short,29,3.5,1.0,1,2024-02-13 12:35:00,124150,12415,0.5533,127030,2024-02-14 12:35:00,TP,3.5,1114.5059919842317,12.5,0.002,139.31324899802897,139.31324899802897,139.31324899802897,836.5134718908802,278.83782396362676,277.9925200933516,4.875963714931014,0.27862649799605793,4.597337216934957,1120.7002270187147,1125.2975642356496,12.529756423564953,1125.2975642356496,0.0,ACTIVE,True
227,short,8,2.5,1.25,8,2024-02-13 12:50:00,124187,12418,113.47,127067,2024-02-14 12:50:00,TP,2.5,1114.5059919842317,12.5,0.002,139.31324899802897,138.67927109532263,138.67927109532263,975.8267208889091,139.52457496559774,138.67927109532263,3.466981777383066,0.27735854219064526,3.1896232351924207,1125.2975642356496,1128.487187470842,12.848718747084199,1128.487187470842,0.0,ACTIVE,True
228,short,7,3.0,1.75,10,2024-02-13 16:00:00,124569,12456,0.5203,127449,2024-02-14 16:00:00,SL,-1.75,1112.8316970846445,12.5,0.002,139.10396213558056,137.85028006601044,137.85028006601044,974.981417018634,139.52457496559768,137.85028006601044,-2.412379901155183,0.2757005601320209,-2.688080461287204,1128.487187470842,1125.7991070095547,12.579910700955477,1128.487187470842,0.23820212503357774,ACTIVE,True
229,short,87,3.0,2.0,6,2024-02-14 06:05:00,126255,12625,7.567,129135,2024-02-15 06:05:00,SL,-2.0,1113.5952513198154,12.5,0.002,139.19940641497692,139.19940641497692,139.19940641497692,694.4692981554201,1.1368683772161603e-13,419.12595316439524,-2.7839881282995385,0.2783988128299538,-3.062386941129492,1125.7991070095547,1122.7367200684253,12.273672006842528,1128.487187470842,0.5095731228729853,ACTIVE,True
230,short,37,2.5,1.5,2,2024-02-14 10:55:00,126831,12683,41.4,129711,2024-02-15 10:55:00,SL,-1.5,1113.5952513198154,12.5,0.002,139.19940641497692,139.19940641497692,139.19940641497692,833.668704570397,5.684341886080802e-14,279.9265467494183,-2.0879910962246537,0.2783988128299538,-2.3663899090546074,1122.7367200684253,1120.3703301593707,12.037033015937082,1128.487187470842,0.7192688939307028,ACTIVE,True
231,short,5,2.5,1.0,1,2024-02-14 16:40:00,127520,12752,0.5729,130400,2024-02-15 16:40:00,SL,-1.0,1125.7991070095547,12.5,0.002,140.72488837619434,140.72488837619434,140.72488837619434,278.39881282995407,5.684341886080802e-14,847.4002941796007,-1.4072488837619435,0.2814497767523887,-1.6886986605143322,1120.3703301593707,1118.6816314988564,11.868163149885635,1128.487187470842,0.8689115907431513,ACTIVE,True
232,short,29,3.5,1.0,5,2024-02-15 07:25:00,129294,12929,0.0858,132174,2024-02-16 07:25:00,SL,-1.0,1122.7367200684253,12.5,0.002,140.34209000855316,140.34209000855316,140.34209000855316,279.9242947911715,0.0,842.8124252772537,-1.4034209000855316,0.2806841800171063,-1.6841050801026378,1118.6816314988564,1116.9975264187538,11.69975264187537,1128.487187470842,1.0181472310588433,ACTIVE,True
233,short,9,2.5,1.5,5,2024-02-15 08:00:00,129364,12936,0.08526,132244,2024-02-16 08:00:00,SL,-1.5,1122.7367200684253,12.5,0.002,140.34209000855316,140.34209000855316,140.34209000855316,420.2663847997247,140.34209000855316,702.4703352687006,-2.105131350128297,0.2806841800171063,-2.3858155301454036,1116.9975264187538,1114.6117108886083,11.461171088860823,1128.487187470842,1.2295643881727436,ACTIVE,True
234,short,22,3.5,1.25,2,2024-02-16 08:30:00,132301,13230,40.74,135181,2024-02-17 08:30:00,SL,-1.25,1114.6117108886083,12.5,0.002,139.32646386107604,139.32646386107604,139.32646386107604,2.2737367544323206e-13,5.684341886080802e-14,1114.611710888608,-1.7415807982634506,0.27865292772215206,-2.0202337259856025,1114.6117108886083,1112.5914771626226,11.259147716262262,1128.487187470842,1.4085858027191882,ACTIVE,True
235,short,45,3.0,1.0,8,2024-02-16 16:40:00,133287,13328,109.43,136167,2024-02-17 16:40:00,SL,-1.0,1114.6117108886083,12.5,0.002,139.32646386107604,139.32646386107604,139.32646386107604,139.32646386107626,2.842170943040401e-14,975.285247027532,-1.3932646386107603,0.27865292772215206,-1.6719175663329124,1112.5914771626226,1110.9195595962897,11.091955959628974,1128.487187470842,1.55674145613693,ACTIVE,True
236,short,6,3.5,1.75,6,2024-02-17 02:05:00,134415,13441,7.525,137295,2024-02-18 02:05:00,SL,-1.75,1114.6117108886083,12.5,0.002,139.32646386107604,139.32646386107604,139.32646386107604,278.6529277221523,1.1368683772161603e-13,835.958783166456,-2.438213117568831,0.27865292772215206,-2.716866045290983,1110.9195595962897,1108.2026935509987,10.820269355099876,1128.487187470842,1.7974943929407603,ACTIVE,True
237,short,34,2.0,2.0,7,2024-02-17 07:25:00,135056,13505,2792.27,137936,2024-02-18 07:25:00,TP,2.0,1114.6117108886083,12.5,0.002,139.32646386107604,139.32646386107604,139.32646386107604,417.97939158322833,0.0,696.63231930538,2.7865292772215207,0.27865292772215206,2.5078763494993686,1108.2026935509987,1110.710569900498,11.071056990049799,1128.487187470842,1.5752609128141477,ACTIVE,True
238,short,85,2.0,1.0,1,2024-02-17 12:05:00,135610,13561,0.585,138490,2024-02-18 12:05:00,TP,2.0,1112.5914771626226,12.5,0.002,139.07393464532782,139.07393464532782,139.07393464532782,417.97939158322833,5.684341886080802e-14,694.6120855793943,2.7814786929065565,0.27814786929065566,2.503330823615901,1110.710569900498,1113.213900724114,11.321390072411397,1128.487187470842,1.3534302308702661,ACTIVE,True
239,short,5,2.5,1.0,2,2024-02-17 14:35:00,135911,13591,38.65,138791,2024-02-18 14:35:00,SL,-1.0,1112.5914771626226,12.5,0.002,139.07393464532782,139.07393464532782,139.07393464532782,557.0533262285562,5.684341886080802e-14,555.5381509340664,-1.3907393464532782,0.27814786929065566,-1.6688872157439338,1113.213900724114,1111.54501350837,11.154501350836998,1128.487187470842,1.5013173521661938,ACTIVE,True
240,short,5,2.5,1.0,2,2024-02-17 14:40:00,135921,13592,38.66,138801,2024-02-18 14:40:00,SL,-1.0,1112.5914771626226,12.5,0.002,139.07393464532782,139.07393464532782,139.07393464532782,696.1272608738841,139.07393464532788,416.4642162887385,-1.3907393464532782,0.27814786929065566,-1.6688872157439338,1111.54501350837,1109.876126292626,10.9876126292626,1128.487187470842,1.6492044734621216,ACTIVE,True
241,short,28,1.5,2.0,8,2024-02-17 15:20:00,136007,13600,106.83,138887,2024-02-18 15:20:00,SL,-2.0,1112.5914771626226,12.5,0.002,139.07393464532782,139.07393464532782,139.07393464532782,835.201195519212,139.32646386107606,277.3902816434106,-2.7814786929065565,0.27814786929065566,-3.059626562197212,1109.876126292626,1106.8164997304286,10.681649973042862,1128.487187470842,1.9203308625046525,ACTIVE,True
242,short,21,3.5,1.0,2,2024-02-17 16:00:00,136081,13608,39.01,138961,2024-02-18 16:00:00,SL,-1.0,1112.5914771626226,12.5,0.002,139.07393464532782,138.31634699808274,138.31634699808274,974.2751301645399,278.1478692906557,138.31634699808274,-1.3831634699808273,0.27663269399616547,-1.6597961639769927,1106.8164997304286,1105.1567035664516,10.515670356645156,1128.487187470842,2.0674123874351182,ACTIVE,True
243,short,98,2.5,1.0,8,2024-02-19 10:45:00,141217,14121,111.9,144097,2024-02-20 10:45:00,SL,-1.0,1105.1567035664516,12.5,0.002,138.14458794580645,138.14458794580645,138.14458794580645,3.979039320256561e-13,5.684341886080802e-14,1105.1567035664511,-1.3814458794580646,0.2762891758916129,-1.6577350553496775,1105.1567035664516,1103.498968511102,10.349896851110207,1128.487187470842,2.2143112688539563,ACTIVE,True
244,short,28,1.5,2.0,7,2024-02-19 11:15:00,141276,14127,2905.9,144156,2024-02-20 11:15:00,SL,-2.0,1105.1567035664516,12.5,0.002,138.14458794580645,138.14458794580645,138.14458794580645,138.14458794580685,0.0,967.0121156206447,-2.7628917589161293,0.2762891758916129,-3.0391809348077423,1103.498968511102,1100.4597875762943,10.045978757629426,1128.487187470842,2.4836258847885104,ACTIVE,True
245,short,8,2.5,1.25,5,2024-02-19 14:35:00,141674,14167,0.0862,144554,2024-02-20 14:35:00,SL,-1.25,1105.1567035664516,12.5,0.002,138.14458794580645,138.14458794580645,138.14458794580645,276.2891758916133,0.0,828.8675276748384,-1.7268073493225806,0.2762891758916129,-2.0030965252141937,1100.4597875762943,1098.45669105108,9.845669105108001,1128.487187470842,2.6611286998362873,ACTIVE,True
246,short,87,3.0,2.0,1,2024-02-19 22:50:00,142660,14266,0.633,145540,2024-02-20 22:50:00,TP,3.0,1105.1567035664516,12.5,0.002,138.14458794580645,138.14458794580645,138.14458794580645,414.43376383741975,5.684341886080802e-14,690.7229397290319,4.144337638374194,0.2762891758916129,3.8680484624825806,1098.45669105108,1102.3247395135627,10.232473951356269,1128.487187470842,2.3183646431923046,ACTIVE,True
247,short,63,3.5,1.5,8,2024-02-20 03:25:00,143217,14321,110.13,146097,2024-02-21 03:25:00,TP,3.5,1105.1567035664516,12.5,0.002,138.14458794580645,138.14458794580645,138.14458794580645,552.5783517832263,138.1445879458065,552.5783517832253,4.835060578103226,0.2762891758916129,4.5587714022116135,1102.3247395135627,1106.8835109157742,10.68835109157742,1128.487187470842,1.9143927192904835,ACTIVE,True
248,short,73,3.5,1.0,8,2024-02-20 07:20:00,143687,14368,110.52,146567,2024-02-21 07:20:00,TP,3.5,1105.1567035664516,12.5,0.002,138.14458794580645,138.14458794580645,138.14458794580645,690.7229397290328,276.28917589161296,414.43376383741884,4.835060578103226,0.2762891758916129,4.5587714022116135,1106.8835109157742,1111.4422823179857,11.14422823179857,1128.487187470842,1.510420795388663,ACTIVE,True
249,short,73,3.5,1.0,8,2024-02-20 07:25:00,143697,14369,110.54,146577,2024-02-21 07:25:00,TP,3.5,1105.1567035664516,12.5,0.002,138.14458794580645,138.14458794580645,138.14458794580645,828.8675276748393,414.4337638374194,276.28917589161233,4.835060578103226,0.2762891758916129,4.5587714022116135,1111.4422823179857,1116.0010537201972,11.60010537201972,1128.487187470842,1.1064488714868426,ACTIVE,True
250,short,73,3.5,1.0,8,2024-02-20 07:35:00,143717,14371,110.38,146597,2024-02-21 07:35:00,TP,3.5,1105.1567035664516,12.5,0.002,138.14458794580645,138.14458794580582,138.14458794580582,967.0121156206458,552.5783517832258,138.14458794580582,4.835060578103204,0.27628917589161167,4.558771402211592,1116.0010537201972,1120.5598251224087,12.05598251224087,1128.487187470842,0.702476947585022,ACTIVE,True
251,short,66,3.5,1.0,8,2024-02-20 12:45:00,144337,14433,109.26,147217,2024-02-21 12:45:00,SL,-1.0,1100.4597875762943,12.5,0.002,137.55747344703678,137.55747344703678,137.55747344703678,828.8675276748386,552.5783517832251,271.5922599014557,-1.375574734470368,0.27511494689407356,-1.6506896813644416,1120.5598251224087,1118.9091354410443,11.890913544104432,1128.487187470842,0.848751508757834,ACTIVE,True
252,short,66,3.5,1.0,8,2024-02-20 12:50:00,144347,14434,109.42,147227,2024-02-21 12:50:00,SL,-1.0,1100.4597875762943,12.5,0.002,137.55747344703678,134.03478645441896,134.03478645441896,966.4250011218753,690.1358252302618,134.03478645441896,-1.3403478645441897,0.2680695729088379,-1.6084174374530278,1118.9091354410443,1117.3007180035913,11.730071800359143,1128.487187470842,0.9912801484544684,ACTIVE,True
253,short,9,2.5,1.5,2,2024-02-20 16:35:00,144791,14479,37.63,147671,2024-02-21 16:35:00,SL,-1.5,1098.45669105108,12.5,0.002,137.307086381385,136.14149142059227,136.14149142059227,962.3151996304878,5.684341886080802e-14,136.14149142059227,-2.042122371308884,0.2722829828411846,-2.3144053541500686,1117.3007180035913,1114.9863126494413,11.498631264944127,1128.487187470842,1.1963693492753542,ACTIVE,True
254,short,49,3.5,1.0,1,2024-02-21 02:00:00,145920,14592,0.6104,148800,2024-02-22 02:00:00,TP,3.5,1102.3247395135627,12.5,0.002,137.79059243919534,137.79059243919534,137.79059243919534,960.3121031052735,5.684341886080802e-14,142.01263640828915,4.822670735371838,0.2755811848783907,4.547089550493447,1114.9863126494413,1119.5334021999347,11.95334021999348,1128.487187470842,0.7934326034285255,ACTIVE,True
255,short,63,3.5,1.5,4,2024-02-21 11:20:00,147043,14704,51162.23,149923,2024-02-22 11:20:00,SL,-1.5,1120.5598251224087,12.5,0.002,140.0699781403011,140.0699781403011,140.0699781403011,545.5243437612435,0.0,575.0354813611652,-2.101049672104516,0.2801399562806022,-2.381189628385118,1119.5334021999347,1117.1522125715496,11.715221257154962,1128.487187470842,1.0044398399149033,ACTIVE,True
256,short,4,2.0,1.5,5,2024-02-21 11:45:00,147094,14709,0.08312,149974,2024-02-22 11:45:00,SL,-1.5,1120.5598251224087,12.5,0.002,140.0699781403011,140.0699781403011,140.0699781403011,685.5943219015446,0.0,434.9655032208641,-2.101049672104516,0.2801399562806022,-2.381189628385118,1117.1522125715496,1114.7710229431646,11.477102294316467,1128.487187470842,1.215447076401281,ACTIVE,True
257,short,31,2.5,2.0,10,2024-02-21 11:45:00,147099,14709,0.539,149979,2024-02-22 11:45:00,SL,-2.0,1120.5598251224087,12.5,0.002,140.0699781403011,140.0699781403011,140.0699781403011,825.6643000418458,2.842170943040401e-14,294.89552508056295,-2.8013995628060218,0.2801399562806022,-3.0815395190866237,1114.7710229431646,1111.689483424078,11.168948342407802,1128.487187470842,1.4885152647954218,ACTIVE,True
258,short,4,2.0,1.5,5,2024-02-21 11:50:00,147104,14710,0.08306,149984,2024-02-22 11:50:00,SL,-1.5,1120.5598251224087,12.5,0.002,140.0699781403011,140.0699781403011,140.0699781403011,965.7342781821469,140.0699781403011,154.8255469402618,-2.101049672104516,0.2801399562806022,-2.381189628385118,1111.689483424078,1109.3082937956929,10.930829379569285,1128.487187470842,1.6995225012817996,ACTIVE,True
259,short,5,2.5,1.0,3,2024-02-21 12:05:00,147132,14713,362.7,150012,2024-02-22 12:05:00,SL,-1.0,1120.5598251224087,12.5,0.002,140.0699781403011,14.755568799960656,14.755568799960656,1105.804256322448,0.0,14.755568799960656,-0.14755568799960656,0.029511137599921314,-0.17706682559952786,1109.3082937956929,1109.1312269700934,10.913122697009348,1128.487187470842,1.715213138053344,ACTIVE,True
260,short,34,2.0,2.0,10,2024-02-21 12:55:00,147239,14723,0.5426,150119,2024-02-22 12:55:00,Time_288,-0.2948765204570671,1117.3007180035913,12.5,0.002,139.66258975044892,139.66258975044892,139.66258975044892,848.967565220953,140.06997814030112,268.3331527826383,-0.41183218503635216,0.27932517950089786,-0.69115736453725,1109.1312269700934,1108.4400696055561,10.844006960555607,1128.487187470842,1.776459501522148,ACTIVE,True
261,short,38,2.0,1.5,8,2024-02-21 13:00:00,147247,14724,103.93,150127,2024-02-22 13:00:00,TP,2.0,1117.3007180035913,12.5,0.002,139.66258975044892,128.67056303218942,128.67056303218942,988.6301549714019,0.0,128.67056303218942,2.5734112606437884,0.25734112606437887,2.3160701345794097,1108.4400696055561,1110.7561397401355,11.075613974013553,1128.487187470842,1.5712227774995973,ACTIVE,True
262,short,5,2.5,1.0,3,2024-02-21 17:30:00,147782,14778,369.7,150662,2024-02-22 17:30:00,SL,-1.0,1114.9863126494413,12.5,0.002,139.37328908118016,133.82708606644223,133.82708606644223,981.159226582999,14.755568799960656,133.82708606644223,-1.3382708606644225,0.26765417213288445,-1.605925032797307,1110.7561397401355,1109.1502147073381,10.915021470733821,1128.487187470842,1.7135305547280253,ACTIVE,True
263,short,65,2.5,1.25,5,2024-02-22 12:10:00,150024,15002,0.08491,152904,2024-02-23 12:10:00,Time_288,1.6016959133199862,1109.1312269700934,12.5,0.002,138.64140337126167,138.64140337126167,138.64140337126167,402.1602388490808,0.0,706.9709881210126,2.220613691966976,0.27728280674252337,1.9433308852244524,1109.1502147073381,1111.0935455925626,11.109354559256257,1128.487187470842,1.5413238246206307,ACTIVE,True
264,short,5,2.5,1.0,3,2024-02-22 15:30:00,150422,15042,381.3,153302,2024-02-23 15:30:00,SL,-1.0,1110.7561397401355,12.5,0.002,138.84451746751694,138.84451746751694,138.84451746751694,272.4684894377042,133.82708606644223,838.2876503024313,-1.3884451746751694,0.2776890349350339,-1.6661342096102032,1111.0935455925626,1109.4274113829524,10.942741138295231,1128.487187470842,1.6889669904543776,ACTIVE,True
265,short,4,2.0,1.5,7,2024-02-23 04:45:00,152016,15201,2954.59,154896,2024-02-24 04:45:00,Time_288,0.1726127821457584,1109.1502147073381,12.5,0.002,138.64377683841727,138.64377683841727,138.64377683841727,277.4859208387789,0.0,831.6642938685593,0.23931688047274866,0.27728755367683455,-0.0379706732040859,1109.4274113829524,1109.3894407097482,10.93894407097482,1128.487187470842,1.6923317316429154,ACTIVE,True
266,short,59,3.0,1.75,3,2024-02-23 04:45:00,152012,15201,379.0,154892,2024-02-24 04:45:00,Time_288,-0.026385224274412332,1109.1502147073381,12.5,0.002,138.64377683841727,138.64377683841727,138.64377683841727,416.1296976771962,138.84451746751694,693.020517030142,-0.036581471461332137,0.27728755367683455,-0.31386902513816667,1109.3894407097482,1109.07557168461,10.90755716846099,1128.487187470842,1.72014498717856,ACTIVE,True
267,short,4,2.0,1.5,10,2024-02-24 00:15:00,154359,15435,0.5343,157239,2024-02-25 00:15:00,SL,-1.5,1109.4274113829524,12.5,0.002,138.67842642286905,138.67842642286905,138.67842642286905,277.2875536768348,2.842170943040401e-14,832.1398577061176,-2.0801763963430355,0.27735685284573813,-2.3575332491887737,1109.07557168461,1106.7180384354212,10.671803843542115,1128.487187470842,1.929055932323837,ACTIVE,True
268,short,4,2.0,1.5,4,2024-02-24 00:20:00,154363,15436,50805.88,157243,2024-02-25 00:20:00,SL,-1.5,1109.4274113829524,12.5,0.002,138.67842642286905,138.67842642286905,138.67842642286905,415.96598009970387,0.0,693.4614312832485,-2.0801763963430355,0.27735685284573813,-2.3575332491887737,1106.7180384354212,1104.3605051862326,10.436050518623263,1128.487187470842,2.1379668774691143,ACTIVE,True
269,short,4,2.0,1.5,8,2024-02-24 00:20:00,154367,15436,100.0,157247,2024-02-25 00:20:00,SL,-1.5,1109.4274113829524,12.5,0.002,138.67842642286905,138.67842642286905,138.67842642286905,554.6444065225729,0.0,554.7830048603795,-2.0801763963430355,0.27735685284573813,-2.3575332491887737,1104.3605051862326,1102.0029719370439,10.200297193704388,1128.487187470842,2.3468778226143914,ACTIVE,True
270,short,85,2.0,1.0,5,2024-02-24 12:45:00,155854,15585,0.08524,158734,2024-02-25 12:45:00,SL,-1.0,1109.07557168461,12.5,0.002,138.63444646057624,138.63444646057624,138.63444646057624,416.0352792686075,0.0,693.0402924160024,-1.3863444646057625,0.2772688929211525,-1.663613357526915,1102.0029719370439,1100.339358579517,10.033935857951693,1128.487187470842,2.494297605133618,ACTIVE,True
271,short,8,2.5,1.25,5,2024-02-24 21:05:00,156854,15685,0.08574,159734,2024-02-25 21:05:00,SL,-1.25,1109.07557168461,12.5,0.002,138.63444646057624,138.63444646057624,138.63444646057624,554.6697257291837,138.63444646057624,554.4058459554262,-1.732930580757203,0.2772688929211525,-2.0101994736783557,1100.339358579517,1098.3291591058387,9.83291591058386,1128.487187470842,2.672429842344353,ACTIVE,True
272,short,38,2.0,1.5,3,2024-02-25 02:15:00,157472,15747,380.7,160352,2024-02-26 02:15:00,SL,-1.5,1102.0029719370439,12.5,0.002,137.75037149213048,137.75037149213048,137.75037149213048,277.26889292115277,2.842170943040401e-14,824.7340790158911,-2.0662555723819573,0.27550074298426097,-2.341756315366218,1098.3291591058387,1095.9874027904725,9.598740279047258,1128.487187470842,2.8799427269712945,ACTIVE,True
273,short,8,2.5,1.25,3,2024-02-25 02:50:00,157542,15754,379.9,160422,2024-02-26 02:50:00,SL,-1.25,1102.0029719370439,12.5,0.002,137.75037149213048,137.75037149213048,137.75037149213048,415.0192644132833,137.7503714921305,686.9837075237606,-1.721879643651631,0.27550074298426097,-1.997380386635892,1095.9874027904725,1093.9900224038365,9.399002240383659,1128.487187470842,3.056939010917815,ACTIVE,True
274,short,8,2.5,1.25,3,2024-02-25 03:00:00,157562,15756,379.8,160442,2024-02-26 03:00:00,SL,-1.25,1102.0029719370439,12.5,0.002,137.75037149213048,137.75037149213048,137.75037149213048,552.7696359054138,275.500742984261,549.2333360316301,-1.721879643651631,0.27550074298426097,-1.997380386635892,1093.9900224038365,1091.9926420172005,9.199264201720059,1128.487187470842,3.233935294864336,ACTIVE,True
275,short,63,3.5,1.5,4,2024-02-25 10:25:00,158453,15845,51573.93,161333,2024-02-26 10:25:00,Time_288,0.7066942542482242,1102.0029719370439,12.5,0.002,137.75037149213048,137.75037149213048,137.75037149213048,690.5200073975443,0.0,411.48296453949956,0.97347396054047,0.27550074298426097,0.697973217556209,1091.9926420172005,1092.6906152347567,9.269061523475663,1128.487187470842,3.1720849499684864,ACTIVE,True
276,short,85,2.0,1.0,10,2024-02-25 18:20:00,159409,15940,0.5433,162289,2024-02-26 18:20:00,TP,2.0,1100.339358579517,12.5,0.002,137.54241982243963,137.54241982243963,137.54241982243963,689.6359324290986,2.842170943040401e-14,410.7034261504184,2.7508483964487924,0.27508483964487923,2.4757635568039134,1092.6906152347567,1095.1663787915606,9.516637879156065,1128.487187470842,2.952697119580035,ACTIVE,True
277,short,22,3.5,1.25,3,2024-02-26 02:30:00,160382,16038,383.8,163262,2024-02-27 02:30:00,SL,-1.25,1095.9874027904725,12.5,0.002,136.99842534880906,136.99842534880906,136.99842534880906,550.7935342988314,275.500742984261,545.1938684916411,-1.7124803168601135,0.27399685069761814,-1.9864771675577315,1095.1663787915606,1093.179901624003,9.317990162400292,1128.487187470842,3.128727223387399,ACTIVE,True
278,short,29,3.5,1.0,3,2024-02-26 03:35:00,160512,16051,384.0,163392,2024-02-27 03:35:00,SL,-1.0,1091.9926420172005,12.5,0.002,136.49908025215007,136.49908025215007,136.49908025215007,412.2912166633795,136.9984253488091,679.701425353821,-1.3649908025215007,0.27299816050430015,-1.6379889630258009,1093.179901624003,1091.5419126609772,9.154191266097733,1128.487187470842,3.2738763204450927,ACTIVE,True
279,short,34,2.0,2.0,10,2024-02-26 03:45:00,160539,16053,0.5404,163419,2024-02-27 03:45:00,TP,2.0,1091.9926420172005,12.5,0.002,136.49908025215007,136.49908025215007,136.49908025215007,548.7902969155296,137.54241982243965,543.202345101671,2.7299816050430015,0.27299816050430015,2.456983444538701,1091.5419126609772,1093.998896105516,9.399889610551604,1128.487187470842,3.0561526748585317,ACTIVE,True
280,short,29,3.5,1.0,3,2024-02-26 03:55:00,160552,16055,384.2,163432,2024-02-27 03:55:00,SL,-1.0,1091.9926420172005,12.5,0.002,136.49908025215007,136.49908025215007,136.49908025215007,685.2893771676796,273.49750560095913,406.7032648495209,-1.3649908025215007,0.27299816050430015,-1.6379889630258009,1093.998896105516,1092.3609071424903,9.236090714249023,1128.487187470842,3.2013017719162256,ACTIVE,True
281,short,5,2.5,1.0,3,2024-02-26 04:05:00,160572,16057,386.0,163452,2024-02-27 04:05:00,SL,-1.0,1091.9926420172005,12.5,0.002,136.49908025215007,136.49908025215007,136.49908025215007,821.7884574198297,409.9965858531092,270.20418459737084,-1.3649908025215007,0.27299816050430015,-1.6379889630258009,1092.3609071424903,1090.7229181794646,9.072291817946464,1128.487187470842,3.3464508689739194,ACTIVE,True
282,short,5,2.5,1.0,3,2024-02-26 04:10:00,160582,16058,385.9,163462,2024-02-27 04:10:00,SL,-1.0,1091.9926420172005,12.5,0.002,136.49908025215007,133.70510434522078,133.70510434522078,958.2875376719797,546.4956661052593,133.70510434522078,-1.3370510434522078,0.2674102086904416,-1.6044612521426493,1090.7229181794646,1089.1184569273219,8.911845692732179,1128.487187470842,3.4886289344368215,ACTIVE,True
283,short,87,3.0,2.0,6,2024-02-26 17:30:00,162185,16218,7.994,165065,2024-02-27 17:30:00,SL,-2.0,1092.6906152347567,12.5,0.002,136.5863269043446,136.5863269043446,136.5863269043446,954.24227052507,1.1368683772161603e-13,138.4483447096867,-2.731726538086892,0.27317265380868916,-3.004899191895581,1089.1184569273219,1086.1135577354262,8.611355773542616,1128.487187470842,3.7549057008244158,ACTIVE,True
284,short,8,2.5,1.25,10,2024-02-28 05:35:00,166519,16651,0.5795,169399,2024-02-29 05:35:00,SL,-1.25,1086.1135577354262,12.5,0.002,135.76419471692827,135.76419471692827,135.76419471692827,4.263256414560601e-13,5.684341886080802e-14,1086.1135577354257,-1.6970524339616035,0.27152838943385654,-1.96858082339546,1086.1135577354262,1084.1449769120306,8.41449769120306,1128.487187470842,3.9293499342416793,ACTIVE,True
285,short,91,2.0,1.25,8,2024-02-28 08:55:00,166917,16691,110.41,169797,2024-02-29 08:55:00,TP,2.0,1086.1135577354262,12.5,0.002,135.76419471692827,135.76419471692827,135.76419471692827,135.7641947169287,0.0,950.3493630184975,2.7152838943385653,0.27152838943385654,2.4437555049047086,1084.1449769120306,1086.5887324169353,8.65887324169352,1128.487187470842,3.712798472068541,ACTIVE,True
286,short,5,2.5,1.0,1,2024-02-28 09:00:00,166920,16692,0.6341,169800,2024-02-29 09:00:00,TP,2.5,1086.1135577354262,12.5,0.002,135.76419471692827,135.76419471692827,135.76419471692827,271.528389433857,5.684341886080802e-14,814.5851683015692,3.394104867923207,0.27152838943385654,3.1225764784893504,1086.5887324169353,1089.7113088954247,8.971130889542467,1128.487187470842,3.4360938259584013,ACTIVE,True
287,short,85,2.0,1.0,1,2024-02-28 11:40:00,167240,16724,0.6334,170120,2024-02-29 11:40:00,TP,2.0,1086.1135577354262,12.5,0.002,135.76419471692827,135.76419471692827,135.76419471692827,407.2925841507853,135.76419471692833,678.8209735846409,2.7152838943385653,0.27152838943385654,2.4437555049047086,1089.7113088954247,1092.1550644003294,9.215506440032929,1128.487187470842,3.2195423637852634,ACTIVE,True
288,short,5,2.5,1.0,5,2024-02-28 14:00:00,167524,16752,0.09913,170404,2024-02-29 14:00:00,SL,-1.0,1086.1135577354262,12.5,0.002,135.76419471692827,135.76419471692827,135.76419471692827,543.0567788677135,0.0,543.0567788677126,-1.3576419471692827,0.27152838943385654,-1.6291703366031391,1092.1550644003294,1090.5258940637261,9.052589406372613,1128.487187470842,3.363910005234035,ACTIVE,True
289,short,5,2.5,1.0,5,2024-02-28 14:05:00,167534,16753,0.09897,170414,2024-02-29 14:05:00,SL,-1.0,1086.1135577354262,12.5,0.002,135.76419471692827,135.76419471692827,135.76419471692827,678.8209735846418,135.76419471692827,407.29258415078436,-1.3576419471692827,0.27152838943385654,-1.6291703366031391,1090.5258940637261,1088.896723727123,8.889672372712297,1128.487187470842,3.5082776466828074,ACTIVE,True
290,short,5,2.5,1.0,5,2024-02-28 14:10:00,167544,16754,0.09891,170424,2024-02-29 14:10:00,SL,-1.0,1086.1135577354262,12.5,0.002,135.76419471692827,135.76419471692827,135.76419471692827,814.5851683015701,271.52838943385655,271.5283894338561,-1.3576419471692827,0.27152838943385654,-1.6291703366031391,1088.896723727123,1087.2675533905197,8.726755339051962,1128.487187470842,3.65264528813158,ACTIVE,True
291,short,5,2.5,1.0,5,2024-02-28 14:15:00,167554,16755,0.09895,170434,2024-02-29 14:15:00,SL,-1.0,1086.1135577354262,12.5,0.002,135.76419471692827,135.76419471692782,135.76419471692782,950.3493630184984,407.2925841507848,135.76419471692782,-1.3576419471692782,0.27152838943385565,-1.6291703366031338,1087.2675533905197,1085.6383830539164,8.563838305391647,1128.487187470842,3.797012929580352,ACTIVE,True
292,short,5,2.5,1.0,6,2024-02-29 11:05:00,170055,17005,8.755,172935,2024-03-01 11:05:00,SL,-1.0,1089.7113088954247,12.5,0.002,136.2139136119281,136.2139136119281,136.2139136119281,678.8209735846414,1.1368683772161603e-13,410.89033531078337,-1.362139136119281,0.27242782722385617,-1.6345669633431372,1085.6383830539164,1084.0038160905733,8.400381609057339,1128.487187470842,3.941858788841411,ACTIVE,True
293,short,5,2.5,1.0,8,2024-02-29 11:10:00,170067,17006,129.51,172947,2024-03-01 11:10:00,TP,2.5,1089.7113088954247,12.5,0.002,136.2139136119281,136.2139136119281,136.2139136119281,815.0348871965695,0.0,274.6764216988553,3.4053478402982025,0.27242782722385617,3.1329200130743464,1084.0038160905733,1087.1367361036478,8.713673610364769,1128.487187470842,3.6642375585910316,ACTIVE,True
294,short,5,2.5,1.0,6,2024-02-29 11:15:00,170075,17007,8.792,172955,2024-03-01 11:15:00,SL,-1.0,1089.7113088954247,12.5,0.002,136.2139136119281,136.2139136119281,136.2139136119281,951.2488008084975,136.2139136119282,138.4625080869272,-1.362139136119281,0.27242782722385617,-1.6345669633431372,1087.1367361036478,1085.5021691403047,8.550216914030461,1128.487187470842,3.809083417852092,ACTIVE,True
295,short,5,2.5,1.0,6,2024-02-29 11:25:00,170095,17009,8.765,172975,2024-03-01 11:25:00,SL,-1.0,1089.7113088954247,12.5,0.002,136.2139136119281,2.2485944749992086,2.2485944749992086,1087.4627144204255,272.4278272238563,2.2485944749992086,-0.022485944749992087,0.004497188949998418,-0.026983133699990502,1085.5021691403047,1085.4751860066046,8.547518600660474,1128.487187470842,3.811474506913589,ACTIVE,True
296,short,5,2.5,1.0,8,2024-02-29 11:40:00,170127,17012,129.23,173007,2024-03-01 11:40:00,TP,2.5,1092.1550644003294,12.5,0.002,136.51938305004117,136.51938305004117,136.51938305004117,953.9471141784965,136.2139136119281,138.2079502218329,3.4129845762510294,0.2730387661000823,3.139945810150947,1085.4751860066046,1088.6151318167556,8.861513181675562,1128.487187470842,3.5332306912094715,ACTIVE,True
297,short,5,2.5,1.0,2,2024-02-29 12:10:00,170181,17018,42.65,173061,2024-03-01 12:10:00,SL,-1.0,1092.1550644003294,12.5,0.002,136.51938305004117,1.6885671717916466,1.6885671717916466,1090.4664972285377,5.684341886080802e-14,1.6885671717916466,-0.016885671717916467,0.0033771343435832933,-0.02026280606149976,1088.6151318167556,1088.594869010694,8.859486901069413,1128.487187470842,3.5350262637499914,ACTIVE,True
298,short,66,3.5,1.0,9,2024-02-29 18:45:00,170978,17097,0.1412,173858,2024-03-01 18:45:00,TP,3.5,1085.6383830539164,12.5,0.002,135.70479788173955,135.70479788173955,135.70479788173955,549.0982855326167,0.0,536.5400975212997,4.7496679258608845,0.2714095957634791,4.478258330097406,1088.594869010694,1093.0731273407914,9.307312734079144,1128.487187470842,3.1381889420845166,ACTIVE,True
299,short,66,3.5,1.0,9,2024-02-29 18:50:00,170988,17098,0.14123,173868,2024-03-01 18:50:00,TP,3.5,1085.6383830539164,12.5,0.002,135.70479788173955,135.70479788173955,135.70479788173955,684.8030834143563,135.70479788173955,400.83529963956016,4.7496679258608845,0.2714095957634791,4.478258330097406,1093.0731273407914,1097.5513856708887,9.755138567088872,1128.487187470842,2.7413516204190422,ACTIVE,True
300,short,66,3.5,1.0,9,2024-02-29 18:55:00,170998,17099,0.14082,173878,2024-03-01 18:55:00,TP,3.5,1085.6383830539164,12.5,0.002,135.70479788173955,135.70479788173955,135.70479788173955,820.5078812960958,271.4095957634791,265.13050175782064,4.7496679258608845,0.2714095957634791,4.478258330097406,1097.5513856708887,1102.029644000986,10.202964400098601,1128.487187470842,2.3445142987535674,ACTIVE,True
301,short,5,2.5,1.0,8,2024-02-29 20:15:00,171157,17115,130.84,174037,2024-03-01 20:15:00,TP,2.5,1085.6383830539164,12.5,0.002,135.70479788173955,129.42570387608112,129.42570387608112,956.2126791778353,272.73329666196923,129.42570387608112,3.235642596902028,0.25885140775216225,2.976791189149866,1102.029644000986,1105.006435190136,10.500643519013607,1128.487187470842,2.0807283008086994,ACTIVE,True
302,short,5,2.5,1.0,3,2024-03-01 15:05:00,173412,17341,403.9,176292,2024-03-02 15:05:00,SL,-1.0,1088.594869010694,12.5,0.002,136.07435862633676,136.07435862633676,136.07435862633676,536.5400975213001,0.0,552.0547714893939,-1.3607435862633677,0.27214871725267353,-1.6328923035160412,1105.006435190136,1103.37354288662,10.337354288662004,1128.487187470842,2.225425761413068,ACTIVE,True
303,short,5,2.5,1.0,8,2024-03-01 20:20:00,174047,17404,130.62,176927,2024-03-02 20:20:00,TP,2.5,1105.006435190136,12.5,0.002,138.125804398767,138.125804398767,138.125804398767,136.07435862633724,0.0,968.9320765637988,3.4531451099691752,0.276251608797534,3.1768935011716413,1103.37354288662,1106.5504363877917,10.65504363877916,1128.487187470842,1.9439078552778912,ACTIVE,True
304,short,65,2.5,1.25,10,2024-03-01 20:55:00,174119,17411,0.5971,176999,2024-03-02 20:55:00,SL,-1.25,1105.006435190136,12.5,0.002,138.125804398767,138.125804398767,138.125804398767,274.20016302510425,5.684341886080802e-14,830.8062721650317,-1.7265725549845876,0.276251608797534,-2.0028241637821216,1106.5504363877917,1104.5476122240095,10.454761222400943,1128.487187470842,2.1213865352326806,ACTIVE,True
305,short,52,2.5,2.0,9,2024-03-02 03:05:00,174858,17485,0.14043,177738,2024-03-03 03:05:00,Time_288,-0.4699850459303524,1105.006435190136,12.5,0.002,138.125804398767,138.125804398767,138.125804398767,412.32596742387125,5.684341886080802e-14,692.6804677662648,-0.6491706252452139,0.276251608797534,-0.9254222340427478,1104.5476122240095,1103.6221899899667,10.362218998996674,1128.487187470842,2.203392094916247,ACTIVE,True
306,short,7,3.0,1.75,9,2024-03-02 03:20:00,174888,17488,0.14058,177768,2024-03-03 03:20:00,Time_288,-0.362782757148942,1105.006435190136,12.5,0.002,138.125804398767,138.125804398767,138.125804398767,550.4517718226382,138.12580439876706,554.5546633674978,-0.5010966015320015,0.276251608797534,-0.7773482103295355,1103.6221899899667,1102.8448417796371,10.284484177963705,1128.487187470842,2.272276192047361,ACTIVE,True
307,short,42,3.0,2.0,1,2024-03-02 11:15:00,175830,17583,0.7318,178710,2024-03-03 11:15:00,TP,3.0,1105.006435190136,12.5,0.002,138.125804398767,138.125804398767,138.125804398767,688.5775762214053,5.684341886080802e-14,416.42885896873076,4.14377413196301,0.276251608797534,3.867522523165476,1102.8448417796371,1106.7123643028026,10.671236430280251,1128.487187470842,1.9295587411001927,ACTIVE,True
308,short,5,2.5,1.0,6,2024-03-02 19:40:00,176845,17684,9.224,179725,2024-03-03 19:40:00,TP,2.5,1103.37354288662,12.5,0.002,137.9216928608275,137.9216928608275,137.9216928608275,690.6290219938355,1.1368683772161603e-13,412.7445208927845,3.448042321520688,0.275843385721655,3.172198935799033,1106.7123643028026,1109.8845632386017,10.988456323860163,1128.487187470842,1.64845684016425,ACTIVE,True
309,short,5,2.5,1.0,6,2024-03-02 19:45:00,176855,17685,9.231,179735,2024-03-03 19:45:00,TP,2.5,1103.37354288662,12.5,0.002,137.9216928608275,137.9216928608275,137.9216928608275,828.550714854663,137.92169286082762,274.822828031957,3.448042321520688,0.275843385721655,3.172198935799033,1109.8845632386017,1113.0567621744008,11.305676217440075,1128.487187470842,1.367354939228308,ACTIVE,True
310,short,5,2.5,1.0,6,2024-03-02 19:50:00,176865,17686,9.228,179745,2024-03-03 19:50:00,TP,2.5,1103.37354288662,12.5,0.002,137.9216928608275,136.90113517112945,136.90113517112945,966.4724077154906,275.8433857216551,136.90113517112945,3.4225283792782366,0.2738022703422589,3.1487261089359775,1113.0567621744008,1116.2054882833368,11.620548828333677,1128.487187470842,1.0883330642885582,ACTIVE,True
311,short,5,2.5,1.0,6,2024-03-02 20:35:00,176955,17695,9.14,179835,2024-03-03 20:35:00,TP,2.5,1106.5504363877917,12.5,0.002,138.31880454847396,138.31880454847396,138.31880454847396,965.247738487853,412.7445208927846,141.30269789993872,3.4579701137118493,0.27663760909694796,3.1813325046149012,1116.2054882833368,1119.3868207879516,11.93868207879516,1128.487187470842,0.8064217993724887,ACTIVE,True
312,short,5,2.5,1.0,6,2024-03-02 20:40:00,176965,17696,9.134,179845,2024-03-03 20:40:00,TP,2.5,1106.5504363877917,12.5,0.002,138.31880454847396,2.983893351464758,2.983893351464758,1103.566543036327,551.0633254412585,2.983893351464758,0.07459733378661895,0.005967786702929516,0.06862954708368943,1119.3868207879516,1119.4554503350353,11.945545033503535,1128.487187470842,0.800340246312282,ACTIVE,True
313,short,98,2.5,1.0,8,2024-03-03 04:40:00,177927,17792,130.26,180807,2024-03-04 04:40:00,TP,2.5,1102.8448417796371,12.5,0.002,137.85560522245464,137.85560522245464,137.85560522245464,692.1730231914905,0.0,410.6718185881466,3.4463901305613662,0.2757112104449093,3.170678920116457,1119.4554503350353,1122.6261292551517,12.26261292551516,1128.487187470842,0.5193730403644218,ACTIVE,True
314,short,5,2.5,1.0,1,2024-03-03 05:55:00,178070,17807,0.7269,180950,2024-03-04 05:55:00,TP,2.5,1102.8448417796371,12.5,0.002,137.85560522245464,137.85560522245464,137.85560522245464,830.0286284139452,138.12580439876706,272.81621336569197,3.4463901305613662,0.2757112104449093,3.170678920116457,1122.6261292551517,1125.796808175268,12.579680817526807,1128.487187470842,0.23840583441656157,ACTIVE,True
315,short,5,2.5,1.0,1,2024-03-03 06:00:00,178080,17808,0.726,180960,2024-03-04 06:00:00,TP,2.5,1102.8448417796371,12.5,0.002,137.85560522245464,134.96060814323732,134.96060814323732,967.8842336363998,275.9814096212217,134.96060814323732,3.3740152035809334,0.26992121628647464,3.104093987294459,1125.796808175268,1128.9009021625625,12.890090216256244,1128.9009021625625,0.0,ACTIVE,True
316,short,98,2.5,1.0,5,2024-03-04 01:00:00,180364,18036,0.15026,183244,2024-03-05 01:00:00,SL,-1.0,1119.4554503350353,12.5,0.002,139.9319312918794,139.9319312918794,139.9319312918794,410.67181858814683,0.0,708.7836317468884,-1.3993193129187942,0.27986386258375884,-1.679183175502553,1128.9009021625625,1127.2217189870598,12.72217189870599,1128.9009021625625,0.14874495824088324,ACTIVE,True
317,short,52,2.5,2.0,9,2024-03-04 05:15:00,180878,18087,0.13967,183758,2024-03-05 05:15:00,Time_288,-0.10739600486862694,1122.6261292551517,12.5,0.002,140.32826615689396,140.32826615689396,140.32826615689396,412.74814465757163,5.684341886080802e-14,709.87798459758,-0.15070695155391758,0.2806565323137879,-0.4313634838677055,1127.2217189870598,1126.7903555031921,12.679035550319217,1128.9009021625625,0.18695588384483694,ACTIVE,True
318,short,5,2.5,1.0,8,2024-03-04 16:30:00,182227,18222,130.69,185107,2024-03-05 16:30:00,TP,2.5,1128.9009021625625,12.5,0.002,141.1126127703203,141.1126127703203,141.1126127703203,280.2601974487736,0.0,848.6407047137889,3.527815319258008,0.2822252255406406,3.245590093717367,1126.7903555031921,1130.0359455969094,13.003594559690935,1130.0359455969094,0.0,ACTIVE,True
319,short,5,2.5,1.0,8,2024-03-04 16:35:00,182237,18223,129.91,185117,2024-03-05 16:35:00,SL,-1.0,1128.9009021625625,12.5,0.002,141.1126127703203,141.1126127703203,141.1126127703203,421.37281021909394,141.1126127703203,707.5280919434686,-1.4111261277032032,0.2822252255406406,-1.6933513532438438,1130.0359455969094,1128.3425942436656,12.834259424366557,1130.0359455969094,0.14984933531024142,ACTIVE,True
320,short,5,2.5,1.0,8,2024-03-04 16:50:00,182267,18226,129.66,185147,2024-03-05 16:50:00,SL,-1.0,1128.9009021625625,12.5,0.002,141.1126127703203,141.1126127703203,141.1126127703203,562.4854229894142,282.2252255406406,566.4154791731482,-1.4111261277032032,0.2822252255406406,-1.6933513532438438,1128.3425942436656,1126.6492428904219,12.66492428904218,1130.0359455969094,0.29969867062048283,ACTIVE,True
321,short,5,2.5,1.0,6,2024-03-04 20:45:00,182735,18273,9.897,185615,2024-03-05 20:45:00,SL,-1.0,1128.9009021625625,12.5,0.002,141.1126127703203,141.1126127703203,141.1126127703203,703.5980357597346,0.0,425.30286640282793,-1.4111261277032032,0.2822252255406406,-1.6933513532438438,1126.6492428904219,1124.955891537178,12.495589153717802,1130.0359455969094,0.4495480059307243,ACTIVE,True
322,short,5,2.5,1.0,6,2024-03-04 20:50:00,182745,18274,9.87,185625,2024-03-05 20:50:00,SL,-1.0,1128.9009021625625,12.5,0.002,141.1126127703203,141.1126127703203,141.1126127703203,844.7106485300549,141.1126127703203,284.1902536325076,-1.4111261277032032,0.2822252255406406,-1.6933513532438438,1124.955891537178,1123.2625401839343,12.326254018393424,1130.0359455969094,0.5993973412409657,ACTIVE,True
323,short,5,2.5,1.0,6,2024-03-04 20:55:00,182755,18275,9.9,185635,2024-03-05 20:55:00,SL,-1.0,1128.9009021625625,12.5,0.002,141.1126127703203,141.1126127703203,141.1126127703203,985.8232613003752,282.2252255406406,143.0776408621873,-1.4111261277032032,0.2822252255406406,-1.6933513532438438,1123.2625401839343,1121.5691888306906,12.156918883069046,1130.0359455969094,0.7492466765512071,ACTIVE,True
324,short,5,2.5,1.0,6,2024-03-04 21:00:00,182765,18276,9.842,185645,2024-03-05 21:00:00,SL,-1.0,1128.9009021625625,12.5,0.002,141.1126127703203,1.9650280918669978,1.9650280918669978,1126.9358740706955,423.33783831096093,1.9650280918669978,-0.01965028091866998,0.003930056183733995,-0.023580337102403974,1121.5691888306906,1121.5456084935881,12.15456084935882,1130.0359455969094,0.7513333656688682,ACTIVE,True
325,short,91,2.0,1.25,2,2024-03-05 05:25:00,183771,18377,42.73,186651,2024-03-06 05:25:00,SL,-1.25,1126.7903555031921,12.5,0.002,140.84879443789902,140.84879443789902,140.84879443789902,848.6407047137891,5.684341886080802e-14,278.14965078940304,-1.7606099304737377,0.28169758887579804,-2.042307519349536,1121.5456084935881,1119.5033009742385,11.950330097423855,1130.0359455969094,0.932062795321729,ACTIVE,True
326,short,34,2.0,2.0,7,2024-03-05 10:20:00,184366,18436,3699.4,187246,2024-03-06 10:20:00,TP,2.0,1126.7903555031921,12.5,0.002,140.84879443789902,137.30085635150408,137.30085635150408,989.489499151688,0.0,137.30085635150408,2.7460171270300817,0.27460171270300815,2.4714154143270735,1119.5033009742385,1121.9747163885656,12.19747163885656,1130.0359455969094,0.7133604236001236,ACTIVE,True
327,short,17,3.0,1.25,6,2024-03-05 17:00:00,185165,18516,9.865,188045,2024-03-06 17:00:00,TP,3.0,1126.6492428904219,12.5,0.002,140.83115536130273,140.83115536130273,140.83115536130273,703.4525171922312,425.30286640282793,423.1967256981907,4.224934660839082,0.28166231072260545,3.943272350116477,1121.9747163885656,1125.9179887386822,12.59179887386821,1130.0359455969094,0.36440936894728804,ACTIVE,True
328,short,29,3.5,1.0,3,2024-03-05 18:25:00,185332,18533,405.3,188212,2024-03-06 18:25:00,TP,3.5,1126.6492428904219,12.5,0.002,140.83115536130273,140.83115536130273,140.83115536130273,844.283672553534,0.0,282.3655703368879,4.929090437645596,0.28166231072260545,4.64742812692299,1125.9179887386822,1130.5654168656051,13.056541686560518,1130.5654168656051,0.0,ACTIVE,True
329,short,31,2.5,2.0,3,2024-03-05 18:50:00,185382,18538,402.2,188262,2024-03-06 18:50:00,TP,2.5,1126.6492428904219,12.5,0.002,140.83115536130273,140.83115536130273,140.83115536130273,985.1148279148367,140.83115536130273,141.53441497558515,3.5207788840325684,0.28166231072260545,3.239116573309963,1130.5654168656051,1133.804533438915,13.380453343891507,1133.804533438915,0.0,ACTIVE,True
330,short,30,2.5,2.0,1,2024-03-05 21:00:00,185640,18564,0.6622,188520,2024-03-06 21:00:00,SL,-2.0,1121.5691888306906,12.5,0.002,140.19614860383632,140.19614860383632,140.19614860383632,702.6081449651786,5.684341886080802e-14,418.961043865512,-2.8039229720767262,0.28039229720767267,-3.084315269284399,1133.804533438915,1130.7202181696307,13.072021816963076,1133.804533438915,0.27203236345593246,ACTIVE,True
331,short,67,2.0,1.25,5,2024-03-05 21:25:00,185694,18569,0.15419,188574,2024-03-06 21:25:00,TP,2.0,1121.5456084935881,12.5,0.002,140.19320106169852,140.19320106169852,140.19320106169852,840.8392654771478,0.0,280.7063430164403,2.8038640212339705,0.28038640212339705,2.5234776191105732,1130.7202181696307,1133.2436957887412,13.32436957887413,1133.804533438915,0.049465109164171114,ACTIVE,True
332,short,67,2.0,1.25,7,2024-03-05 21:30:00,185706,18570,3492.79,188586,2024-03-06 21:30:00,SL,-1.25,1121.5456084935881,12.5,0.002,140.19320106169852,140.19320106169852,140.19320106169852,981.0324665388464,137.30085635150408,140.51314195474174,-1.7524150132712315,0.28038640212339705,-2.0328014153946286,1133.2436957887412,1131.2108943733465,13.121089437334653,1133.804533438915,0.22875539734365777,ACTIVE,True
333,short,5,2.5,1.0,6,2024-03-07 13:35:00,190515,19051,10.307,193395,2024-03-08 13:35:00,SL,-1.0,1131.2108943733465,12.5,0.002,141.4013617966683,141.4013617966683,141.4013617966683,2.8421709430404007e-13,2.842170943040401e-14,1131.2108943733463,-1.4140136179666831,0.28280272359333664,-1.6968163415600197,1131.2108943733465,1129.5140780317865,12.95140780317865,1133.804533438915,0.37841226424763635,ACTIVE,True
334,short,5,2.5,1.0,6,2024-03-07 13:40:00,190525,19052,10.323,193405,2024-03-08 13:40:00,SL,-1.0,1131.2108943733465,12.5,0.002,141.4013617966683,141.4013617966683,141.4013617966683,141.4013617966686,141.40136179666834,989.8095325766778,-1.4140136179666831,0.28280272359333664,-1.6968163415600197,1129.5140780317865,1127.8172616902266,12.781726169022667,1133.804533438915,0.5280691311516148,ACTIVE,True
335,short,5,2.5,1.0,6,2024-03-07 14:30:00,190625,19062,10.47,193505,2024-03-08 14:30:00,SL,-1.0,1131.2108943733465,12.5,0.002,141.4013617966683,141.4013617966683,141.4013617966683,282.8027235933369,282.8027235933366,848.4081707800096,-1.4140136179666831,0.28280272359333664,-1.6968163415600197,1127.8172616902266,1126.1204453486666,12.612044534866662,1133.804533438915,0.6777259980555934,ACTIVE,True
336,short,5,2.5,1.0,6,2024-03-07 14:35:00,190635,19063,10.515,193515,2024-03-08 14:35:00,TP,2.5,1131.2108943733465,12.5,0.002,141.4013617966683,141.4013617966683,141.4013617966683,424.2040853900052,424.20408539000493,707.0068089833412,3.535034044916708,0.28280272359333664,3.2522313213233716,1126.1204453486666,1129.37267666999,12.937267666998986,1133.804533438915,0.39088366982296446,ACTIVE,True
337,short,81,3.5,1.5,2,2024-03-07 17:30:00,190981,19098,43.84,193861,2024-03-08 17:30:00,TP,3.5,1131.2108943733465,12.5,0.002,141.4013617966683,141.4013617966683,141.4013617966683,565.6054471866735,5.684341886080802e-14,565.605447186673,4.949047662883391,0.28280272359333664,4.6662449392900545,1129.37267666999,1134.03892160928,13.403892160927988,1134.03892160928,0.0,ACTIVE,True
338,short,81,3.5,1.5,2,2024-03-07 17:40:00,191001,19100,43.87,193881,2024-03-08 17:40:00,TP,3.5,1131.2108943733465,12.5,0.002,141.4013617966683,141.4013617966683,141.4013617966683,707.0068089833418,141.40136179666837,424.2040853900047,4.949047662883391,0.28280272359333664,4.6662449392900545,1134.03892160928,1138.7051665485699,13.87051665485699,1138.7051665485699,0.0,ACTIVE,True
339,short,5,2.5,1.0,10,2024-03-07 20:50:00,191389,19138,0.6363,194269,2024-03-08 20:50:00,TP,2.5,1131.2108943733465,12.5,0.002,141.4013617966683,141.4013617966683,141.4013617966683,848.4081707800101,5.684341886080802e-14,282.8027235933364,3.535034044916708,0.28280272359333664,3.2522313213233716,1138.7051665485699,1141.9573978698932,14.195739786989314,1141.9573978698932,0.0,ACTIVE,True
340,short,5,2.5,1.0,2,2024-03-07 21:45:00,191491,19149,43.34,194371,2024-03-08 21:45:00,SL,-1.0,1131.2108943733465,12.5,0.002,141.4013617966683,141.40136179666808,141.40136179666808,989.8095325766784,282.8027235933367,141.40136179666808,-1.414013617966681,0.2828027235933362,-1.696816341560017,1141.9573978698932,1140.2605815283332,14.02605815283331,1141.9573978698932,0.14858841010400595,ACTIVE,True
341,short,9,2.5,1.5,1,2024-03-08 15:45:00,193650,19365,0.7304,196530,2024-03-09 15:45:00,TP,2.5,1129.37267666999,12.5,0.002,141.17158458374874,141.17158458374874,141.17158458374874,565.6054471866732,5.684341886080802e-14,563.7672294833167,3.5292896145937185,0.28234316916749747,3.246946445426221,1140.2605815283332,1143.5075279737594,14.350752797375943,1143.5075279737594,0.0,ACTIVE,True
342,short,31,2.5,2.0,2,2024-03-08 15:50:00,193661,19366,42.7,196541,2024-03-09 15:50:00,TP,2.5,1129.37267666999,12.5,0.002,141.17158458374874,141.17158458374874,141.17158458374874,706.777031770422,424.20408539000476,422.5956448995679,3.5292896145937185,0.28234316916749747,3.246946445426221,1143.5075279737594,1146.7544744191855,14.675447441918553,1146.7544744191855,0.0,ACTIVE,True
343,short,31,2.5,2.0,10,2024-03-08 15:50:00,193669,19366,0.6182,196549,2024-03-09 15:50:00,TP,2.5,1129.37267666999,12.5,0.002,141.17158458374874,141.17158458374874,141.17158458374874,847.9486163541708,141.40136179666837,281.42406031581913,3.5292896145937185,0.28234316916749747,3.246946445426221,1146.7544744191855,1150.0014208646116,15.000142086461166,1150.0014208646116,0.0,ACTIVE,True
344,short,67,2.0,1.25,1,2024-03-08 17:30:00,193860,19386,0.7287,196740,2024-03-09 17:30:00,SL,-1.25,1129.37267666999,12.5,0.002,141.17158458374874,140.25247573207037,140.25247573207037,989.1202009379195,141.1715845837488,140.25247573207037,-1.7531559466508797,0.28050495146414073,-2.0336608981150204,1150.0014208646116,1147.9677599664967,14.79677599664968,1150.0014208646116,0.17683985960521276,ACTIVE,True
345,short,67,2.0,1.25,8,2024-03-08 23:20:00,194567,19456,145.62,197447,2024-03-09 23:20:00,SL,-1.25,1140.2605815283332,12.5,0.002,142.53257269104165,142.53257269104165,142.53257269104165,563.7672294833169,0.0,576.4933520450163,-1.7816571586380208,0.28506514538208333,-2.066722304020104,1147.9677599664967,1145.9010376624767,14.590103766247676,1150.0014208646116,0.35655462051969666,ACTIVE,True
346,short,17,3.0,1.25,5,2024-03-09 07:20:00,195524,19552,0.16896,198404,2024-03-10 07:20:00,TP,3.0,1140.2605815283332,12.5,0.002,142.53257269104165,142.53257269104165,142.53257269104165,706.2998021743585,0.0,433.96077935397466,4.27597718073125,0.28506514538208333,3.9909120353491665,1145.9010376624767,1149.8919496978258,14.98919496978257,1150.0014208646116,0.00951922013309754,ACTIVE,True
347,short,66,3.5,1.0,10,2024-03-09 10:30:00,195909,19590,0.6195,198789,2024-03-10 10:30:00,SL,-1.0,1140.2605815283332,12.5,0.002,142.53257269104165,142.53257269104165,142.53257269104165,848.8323748654002,141.17158458374877,291.428206662933,-1.4253257269104165,0.28506514538208333,-1.7103908722924999,1149.8919496978258,1148.1815588255333,14.81815588255333,1150.0014208646116,0.15824867744164,ACTIVE,True
348,short,17,3.0,1.25,1,2024-03-09 11:20:00,196000,19600,0.7284,198880,2024-03-10 11:20:00,SL,-1.25,1140.2605815283332,12.5,0.002,142.53257269104165,142.53257269104165,142.53257269104165,991.3649475564418,281.42406031581913,148.89563397189136,-1.7816571586380208,0.28506514538208333,-2.066722304020104,1148.1815588255333,1146.1148365215133,14.611483652151325,1150.0014208646116,0.33796343835612386,ACTIVE,True
349,short,7,3.0,1.75,6,2024-03-09 18:55:00,196915,19691,10.511,199795,2024-03-10 18:55:00,TP,3.0,1147.9677599664967,12.5,0.002,143.4959699958121,143.4959699958121,143.4959699958121,570.1302907641668,0.0,577.8374692023299,4.304879099874363,0.2869919399916242,4.017887159882738,1146.1148365215133,1150.132723681396,15.013272368139607,1150.132723681396,0.0,ACTIVE,True
350,short,8,2.5,1.25,1,2024-03-10 13:00:00,199080,19908,0.7272,201960,2024-03-11 13:00:00,TP,2.5,1146.1148365215133,12.5,0.002,143.26435456518917,143.26435456518917,143.26435456518917,143.4959699958123,0.0,1002.618866525701,3.5816088641297292,0.2865287091303783,3.2950801549993507,1150.132723681396,1153.4278038363955,15.342780383639543,1153.4278038363955,0.0,ACTIVE,True
351,short,8,2.5,1.25,8,2024-03-10 14:55:00,199317,19931,143.99,202197,2024-03-11 14:55:00,TP,2.5,1146.1148365215133,12.5,0.002,143.26435456518917,143.26435456518917,143.26435456518917,286.7603245610014,0.0,859.3545119605119,3.5816088641297292,0.2865287091303783,3.2950801549993507,1153.4278038363955,1156.7228839913948,15.672288399139479,1156.7228839913948,0.0,ACTIVE,True
352,short,9,2.5,1.5,2,2024-03-10 15:55:00,199431,19943,41.76,202311,2024-03-11 15:55:00,TP,2.5,1146.1148365215133,12.5,0.002,143.26435456518917,143.26435456518917,143.26435456518917,430.02467912619056,2.842170943040401e-14,716.0901573953228,3.5816088641297292,0.2865287091303783,3.2950801549993507,1156.7228839913948,1160.0179641463942,16.001796414639415,1160.0179641463942,0.0,ACTIVE,True
353,short,21,3.5,1.0,10,2024-03-10 16:15:00,199479,19947,0.6132,202359,2024-03-11 16:15:00,TP,3.5,1146.1148365215133,12.5,0.002,143.26435456518917,143.26435456518917,143.26435456518917,573.2890336913797,2.842170943040401e-14,572.8258028301336,5.014252409781621,0.2865287091303783,4.727723700651243,1160.0179641463942,1164.7456878470455,16.474568784704545,1164.7456878470455,0.0,ACTIVE,True
354,short,28,1.5,2.0,8,2024-03-10 18:10:00,199707,19970,144.59,202587,2024-03-11 18:10:00,TP,1.5,1146.1148365215133,12.5,0.002,143.26435456518917,143.26435456518917,143.26435456518917,716.5533882565688,143.26435456518917,429.5614482649445,2.1489653184778374,0.2865287091303783,1.8624366093474591,1164.7456878470455,1166.608124456393,16.660812445639284,1166.608124456393,0.0,ACTIVE,True
355,short,28,1.5,2.0,8,2024-03-10 18:20:00,199727,19972,143.96,202607,2024-03-11 18:20:00,TP,1.5,1146.1148365215133,12.5,0.002,143.26435456518917,143.26435456518917,143.26435456518917,859.817742821758,286.52870913037833,286.29709369975535,2.1489653184778374,0.2865287091303783,1.8624366093474591,1166.608124456393,1168.4705610657404,16.847056106574044,1168.4705610657404,0.0,ACTIVE,True
356,short,67,2.0,1.25,8,2024-03-10 23:25:00,200337,20033,143.74,203217,2024-03-11 23:25:00,TP,2.0,1150.132723681396,12.5,0.002,143.7665904601745,143.7665904601745,143.7665904601745,859.586127391135,429.7930636955675,290.54659629026105,2.8753318092034905,0.287533180920349,2.5877986282831413,1168.4705610657404,1171.0583596940235,17.10583596940234,1171.0583596940235,0.0,ACTIVE,True
357,short,34,2.0,2.0,8,2024-03-10 23:35:00,200357,20035,143.4,203237,2024-03-11 23:35:00,TP,2.0,1150.132723681396,12.5,0.002,143.7665904601745,143.7665904601745,143.7665904601745,1003.3527178513095,573.559654155742,146.78000583008657,2.8753318092034905,0.287533180920349,2.5877986282831413,1171.0583596940235,1173.6461583223065,17.364615832230655,1173.6461583223065,0.0,ACTIVE,True
358,short,85,2.0,1.0,2,2024-03-11 00:25:00,200451,20045,41.57,203331,2024-03-12 00:25:00,TP,2.0,1150.132723681396,12.5,0.002,143.7665904601745,3.0134153699120816,3.0134153699120816,1147.119308311484,143.2643545651892,3.0134153699120816,0.060268307398241634,0.006026830739824163,0.05424147665841747,1173.6461583223065,1173.700399798965,17.3700399798965,1173.700399798965,0.0,ACTIVE,True
359,short,5,2.5,1.0,3,2024-03-11 13:35:00,202032,20203,519.8,204912,2024-03-12 13:35:00,SL,-1.0,1153.4278038363955,12.5,0.002,144.17847547954943,144.17847547954943,144.17847547954943,1006.868369116207,0.0,146.5594347201885,-1.4417847547954943,0.28835695095909886,-1.7301417057545931,1173.700399798965,1171.9702580932103,17.197025809321033,1173.700399798965,0.1474091434280033,ACTIVE,True
360,short,5,2.5,1.0,3,2024-03-11 13:40:00,202042,20204,519.9,204922,2024-03-12 13:40:00,SL,-1.0,1153.4278038363955,12.5,0.002,144.17847547954943,2.3809592406391857,2.3809592406391857,1151.0468445957563,144.17847547954943,2.3809592406391857,-0.02380959240639186,0.004761918481278372,-0.02857151088767023,1171.9702580932103,1171.9416865823227,17.194168658232268,1173.700399798965,0.1498434538271863,ACTIVE,True
361,short,52,2.5,2.0,9,2024-03-11 15:35:00,202278,20227,0.13241,205158,2024-03-12 15:35:00,Time_288,0.2039120912317744,1156.7228839913948,12.5,0.002,144.59036049892435,144.59036049892435,144.59036049892435,1010.1634492712063,5.684341886080802e-14,146.5594347201885,0.29483722781291816,0.2891807209978487,0.005656506815069462,1171.9416865823227,1171.9473430891378,17.194734308913784,1173.700399798965,0.14936151594797742,ACTIVE,True
362,short,74,2.5,1.75,10,2024-03-11 17:40:00,202529,20252,0.7262,205409,2024-03-12 17:40:00,SL,-1.75,1164.7456878470455,12.5,0.002,145.59321098088068,145.59321098088068,145.59321098088068,868.2251006397523,2.842170943040401e-14,296.52058720729315,-2.5478811921654123,0.29118642196176137,-2.8390676141271736,1171.9473430891378,1169.1082754750107,16.91082754750106,1173.700399798965,0.3912518326432237,ACTIVE,True
363,short,87,3.0,2.0,10,2024-03-11 19:00:00,202689,20268,0.7386,205569,2024-03-12 19:00:00,TP,3.0,1168.4705610657404,12.5,0.002,146.05882013321755,146.05882013321755,146.05882013321755,727.2896024902548,145.5932109808807,441.18095857548565,4.381764603996526,0.2921176402664351,4.089646963730091,1169.1082754750107,1173.1979224387408,17.319792243874076,1173.700399798965,0.042811381874822016,ACTIVE,True
364,short,9,2.5,1.5,5,2024-03-12 05:35:00,203954,20395,0.17441,206834,2024-03-13 05:35:00,TP,2.5,1173.700399798965,12.5,0.002,146.71254997487063,146.71254997487063,146.71254997487063,582.8018263332112,0.0,590.8985734657538,3.6678137493717657,0.29342509994974125,3.3743886494220243,1173.1979224387408,1176.5723110881627,17.657231108816273,1176.5723110881627,0.0,ACTIVE,True
365,short,16,3.0,1.0,4,2024-03-12 16:05:00,205213,20521,71574.9,208093,2024-03-13 16:05:00,TP,3.0,1171.9473430891378,12.5,0.002,146.49341788614223,146.49341788614223,146.49341788614223,438.36458108896886,0.0,733.5827620001689,4.394802536584266,0.29298683577228446,4.101815700811982,1176.5723110881627,1180.6741267889747,18.067412678897465,1180.6741267889747,0.0,ACTIVE,True
366,short,8,2.5,1.25,10,2024-03-12 16:15:00,205239,20523,0.6948,208119,2024-03-13 16:15:00,TP,2.5,1171.9473430891378,12.5,0.002,146.49341788614223,146.49341788614223,146.49341788614223,584.8579989751111,291.65203111409824,587.0893441140267,3.6623354471535556,0.29298683577228446,3.3693486113812714,1180.6741267889747,1184.043475400356,18.404347540035616,1184.043475400356,0.0,ACTIVE,True
367,short,98,2.5,1.0,5,2024-03-12 17:45:00,205414,20541,0.16435,208294,2024-03-13 17:45:00,SL,-1.0,1169.1082754750107,12.5,0.002,146.13853443437634,146.13853443437634,146.13853443437634,585.7582058803725,146.71254997487063,583.3500695946382,-1.4613853443437634,0.2922770688687527,-1.753662413212516,1184.043475400356,1182.2898129871435,18.228981298714352,1184.043475400356,0.14810794110576592,ACTIVE,True
368,short,39,3.5,1.75,5,2024-03-13 11:50:00,207584,20758,0.17017,210464,2024-03-14 11:50:00,SL,-1.75,1176.5723110881627,12.5,0.002,147.07153888602033,147.07153888602033,147.07153888602033,439.1253702066607,146.1385344343763,737.446940881502,-2.573751930505356,0.2941430777720407,-2.867895008277397,1182.2898129871435,1179.421917978866,17.942191797886608,1184.043475400356,0.39031990948874196,ACTIVE,True
369,short,27,3.5,1.0,5,2024-03-14 14:45:00,210814,21081,0.17671,213694,2024-03-15 14:45:00,SL,-1.0,1179.421917978866,12.5,0.002,147.42773974735826,147.42773974735826,147.42773974735826,-2.842170943040401e-14,0.0,1179.421917978866,-1.4742773974735826,0.2948554794947165,-1.769132876968299,1179.421917978866,1177.6527851018977,17.765278510189763,1184.043475400356,0.5397344296245125,ACTIVE,True
370,short,67,2.0,1.25,1,2024-03-14 16:50:00,211060,21106,0.7573,213940,2024-03-15 16:50:00,TP,2.0,1179.421917978866,12.5,0.002,147.42773974735826,147.42773974735826,147.42773974735826,147.42773974735823,0.0,1031.994178231508,2.948554794947165,0.2948554794947165,2.6536993154524486,1177.6527851018977,1180.3064844173502,18.030648441735032,1184.043475400356,0.3156126494208567,ACTIVE,True
371,short,67,2.0,1.25,5,2024-03-14 16:50:00,211064,21106,0.1772,213944,2024-03-15 16:50:00,SL,-1.25,1179.421917978866,12.5,0.002,147.42773974735826,147.42773974735826,147.42773974735826,294.8554794947165,147.42773974735826,884.5664384841496,-1.8428467468419782,0.2948554794947165,-2.1377022263366947,1180.3064844173502,1178.1687821910136,17.816878219101362,1184.043475400356,0.49615519458490154,ACTIVE,True
372,short,67,2.0,1.25,1,2024-03-14 16:55:00,211070,21107,0.7594,213950,2024-03-15 16:55:00,TP,2.0,1179.421917978866,12.5,0.002,147.42773974735826,147.42773974735826,147.42773974735826,442.2832192420748,147.42773974735826,737.1386987367913,2.948554794947165,0.2948554794947165,2.6536993154524486,1178.1687821910136,1180.8224815064661,18.082248150646606,1184.043475400356,0.27203341438124573,ACTIVE,True
373,short,31,2.5,2.0,3,2024-03-14 18:10:00,211222,21122,592.3,214102,2024-03-15 18:10:00,SL,-2.0,1179.421917978866,12.5,0.002,147.42773974735826,147.42773974735826,147.42773974735826,589.710958989433,0.0,589.710958989433,-2.948554794947165,0.2948554794947165,-3.2434102744418816,1180.8224815064661,1177.5790712320243,17.757907123202422,1184.043475400356,0.545960034630152,ACTIVE,True
374,short,8,2.5,1.25,2,2024-03-15 04:05:00,212411,21241,53.27,215291,2024-03-16 04:05:00,TP,2.5,1179.421917978866,12.5,0.002,147.42773974735826,147.42773974735826,147.42773974735826,737.1386987367913,2.842170943040401e-14,442.2832192420748,3.6856934936839565,0.2948554794947165,3.39083801418924,1177.5790712320243,1180.9699092462135,18.09699092462136,1184.043475400356,0.2595822043699283,ACTIVE,True
375,short,9,2.5,1.5,2,2024-03-15 04:10:00,212421,21242,54.24,215301,2024-03-16 04:10:00,TP,2.5,1179.421917978866,12.5,0.002,147.42773974735826,147.42773974735826,147.42773974735826,884.5664384841496,147.4277397473583,294.8554794947165,3.6856934936839565,0.2948554794947165,3.39083801418924,1180.9699092462135,1184.3607472604028,18.436074726040275,1184.3607472604028,0.0,ACTIVE,True
376,short,31,2.5,2.0,3,2024-03-15 04:40:00,212482,21248,575.7,215362,2024-03-16 04:40:00,TP,2.5,1179.421917978866,12.5,0.002,147.42773974735826,147.42773974735826,147.42773974735826,1031.9941782315077,147.42773974735826,147.42773974735837,3.6856934936839565,0.2948554794947165,3.39083801418924,1184.3607472604028,1187.7515852745921,18.77515852745921,1187.7515852745921,0.0,ACTIVE,True
377,short,91,2.0,1.25,8,2024-03-15 17:35:00,214037,21403,181.41,216917,2024-03-16 17:35:00,TP,2.0,1180.8224815064661,12.5,0.002,147.60281018830827,147.60281018830827,147.60281018830827,589.7109589894329,5.684341886080802e-14,591.1115225170332,2.9520562037661655,0.2952056203766165,2.656850583389549,1187.7515852745921,1190.4084358579817,19.04084358579816,1190.4084358579817,0.0,ACTIVE,True
378,short,29,3.5,1.0,7,2024-03-15 21:40:00,214526,21452,3651.0,217406,2024-03-16 21:40:00,SL,-1.0,1177.5790712320243,12.5,0.002,147.19738390400303,147.19738390400303,147.19738390400303,589.8860294303829,0.0,587.6930418016414,-1.4719738390400303,0.29439476780800605,-1.7663686068480364,1190.4084358579817,1188.6420672511335,18.864206725113352,1190.4084358579817,0.14838340805061717,ACTIVE,True
379,short,29,3.5,1.0,7,2024-03-15 21:45:00,214536,21453,3654.95,217416,2024-03-16 21:45:00,SL,-1.0,1177.5790712320243,12.5,0.002,147.19738390400303,147.19738390400303,147.19738390400303,737.0834133343859,147.19738390400303,440.49565789763835,-1.4719738390400303,0.29439476780800605,-1.7663686068480364,1188.6420672511335,1186.8756986442854,18.687569864428543,1190.4084358579817,0.29676681610123434,ACTIVE,True
380,short,17,3.0,1.25,4,2024-03-16 19:00:00,217083,21708,67356.83,219963,2024-03-17 19:00:00,TP,3.0,1190.4084358579817,12.5,0.002,148.8010544822477,148.8010544822477,148.8010544822477,294.3947678080059,0.0,896.0136680499758,4.464031634467431,0.2976021089644954,4.166429525502935,1186.8756986442854,1191.0421281697884,19.10421281697885,1191.0421281697884,0.0,ACTIVE,True
381,short,67,2.0,1.25,5,2024-03-16 22:35:00,217514,21751,0.14338,220394,2024-03-17 22:35:00,TP,2.0,1186.8756986442854,12.5,0.002,148.35946233053568,148.35946233053568,148.35946233053568,148.8010544822475,0.0,1038.0746441620379,2.9671892466107135,0.29671892466107136,2.670470321949642,1191.0421281697884,1193.712598491738,19.371259849173782,1193.712598491738,0.0,ACTIVE,True
382,short,31,2.5,2.0,10,2024-03-16 23:05:00,217579,21757,0.6018,220459,2024-03-17 23:05:00,SL,-2.0,1186.8756986442854,12.5,0.002,148.35946233053568,148.35946233053568,148.35946233053568,297.16051681278316,0.0,889.7151818315023,-2.9671892466107135,0.29671892466107136,-3.263908171271785,1193.712598491738,1190.448690320466,19.044869032046606,1193.712598491738,0.2734249580171823,ACTIVE,True
383,short,53,2.5,1.5,7,2024-03-17 07:55:00,218636,21863,3472.72,221516,2024-03-18 07:55:00,SL,-1.5,1186.8756986442854,12.5,0.002,148.35946233053568,148.35946233053568,148.35946233053568,445.51997914331884,0.0,741.3557195009666,-2.225391934958035,0.29671892466107136,-2.5221108596191066,1190.448690320466,1187.926579460847,18.792657946084713,1193.712598491738,0.4847078801213583,ACTIVE,True
384,short,12,3.5,1.25,7,2024-03-17 08:00:00,218646,21864,3473.99,221526,2024-03-18 08:00:00,SL,-1.25,1186.8756986442854,12.5,0.002,148.35946233053568,148.35946233053568,148.35946233053568,593.8794414738545,148.35946233053568,592.9962571704309,-1.8544932791316961,0.29671892466107136,-2.1512122037927677,1187.926579460847,1185.7753672570543,18.577536725705436,1193.712598491738,0.6649197842690406,ACTIVE,True
385,short,53,2.5,1.5,3,2024-03-17 08:05:00,218652,21865,559.6,221532,2024-03-18 08:05:00,SL,-1.5,1186.8756986442854,12.5,0.002,148.35946233053568,148.35946233053568,148.35946233053568,742.2389038043902,0.0,444.6367948398952,-2.225391934958035,0.29671892466107136,-2.5221108596191066,1185.7753672570543,1183.2532563974353,18.325325639743518,1193.712598491738,0.8762027063732166,ACTIVE,True
386,short,53,2.5,1.5,7,2024-03-17 08:05:00,218656,21865,3465.17,221536,2024-03-18 08:05:00,SL,-1.5,1186.8756986442854,12.5,0.002,148.35946233053568,148.35946233053568,148.35946233053568,890.598366134926,296.71892466107136,296.27733250935944,-2.225391934958035,0.29671892466107136,-2.5221108596191066,1183.2532563974353,1180.7311455378162,18.073114553781622,1193.712598491738,1.0874856284773926,ACTIVE,True
387,short,91,2.0,1.25,2,2024-03-17 12:05:00,219131,21913,56.21,222011,2024-03-18 12:05:00,TP,2.0,1186.8756986442854,12.5,0.002,148.35946233053568,147.9178701788237,147.9178701788237,1038.9578284654617,0.0,147.9178701788237,2.9583574035764744,0.2958357403576474,2.662521663218827,1180.7311455378162,1183.393667201035,18.3393667201035,1193.712598491738,0.8644401762820442,ACTIVE,True
388,short,91,2.0,1.25,8,2024-03-17 23:30:00,220507,22050,203.25,223387,2024-03-18 23:30:00,TP,2.0,1190.448690320466,12.5,0.002,148.80608629005826,148.80608629005826,148.80608629005826,741.3557195009662,5.684341886080802e-14,449.0929708194999,2.9761217258011654,0.2976121725801165,2.678509553221049,1183.393667201035,1186.0721767542561,18.607217675425613,1193.712598491738,0.6400553824375745,ACTIVE,True
389,short,65,2.5,1.25,5,2024-03-18 16:20:00,222524,22252,0.14477,225404,2024-03-19 16:20:00,TP,2.5,1183.393667201035,12.5,0.002,147.92420840012937,147.92420840012937,147.92420840012937,148.80608629005803,0.0,1034.587580910977,3.6981052100032343,0.29584841680025875,3.4022567932029757,1186.0721767542561,1189.474433547459,18.947443354745896,1193.712598491738,0.3550406479443898,ACTIVE,True
390,short,5,2.5,1.0,3,2024-03-18 21:35:00,223152,22315,554.6,226032,2024-03-19 21:35:00,SL,-1.0,1183.393667201035,12.5,0.002,147.92420840012937,147.92420840012937,147.92420840012937,296.7302946901874,0.0,886.6633725108476,-1.4792420840012939,0.29584841680025875,-1.7750905008015527,1189.474433547459,1187.6993430466575,18.76993430466576,1193.712598491738,0.5037439876799644,ACTIVE,True
391,short,19,3.5,1.25,7,2024-03-19 02:20:00,223726,22372,3431.76,226606,2024-03-20 02:20:00,TP,3.5,1186.0721767542561,12.5,0.002,148.25902209428202,148.25902209428202,148.25902209428202,295.8484168002585,0.0,890.2237599539976,5.1890657732998715,0.29651804418856403,4.892547729111308,1187.6993430466575,1192.591890775769,19.259189077576888,1193.712598491738,0.09388421613251524,ACTIVE,True
392,short,7,3.0,1.75,6,2024-03-19 02:45:00,223775,22377,9.432,226655,2024-03-20 02:45:00,TP,3.0,1186.0721767542561,12.5,0.002,148.25902209428202,148.25902209428202,148.25902209428202,444.10743889454056,0.0,741.9647378597156,4.44777066282846,0.29651804418856403,4.151252618639896,1192.591890775769,1196.743143394409,19.67431433944089,1196.743143394409,0.0,ACTIVE,True
393,short,17,3.0,1.25,5,2024-03-19 02:45:00,223774,22377,0.1355,226654,2024-03-20 02:45:00,TP,3.0,1186.0721767542561,12.5,0.002,148.25902209428202,148.25902209428202,148.25902209428202,592.3664609888226,147.92420840012937,593.7057157654335,4.44777066282846,0.29651804418856403,4.151252618639896,1196.743143394409,1200.894396013049,20.089439601304893,1200.894396013049,0.0,ACTIVE,True
394,short,61,3.0,1.5,6,2024-03-19 02:55:00,223795,22379,9.434,226675,2024-03-20 02:55:00,TP,3.0,1186.0721767542561,12.5,0.002,148.25902209428202,148.25902209428202,148.25902209428202,740.6254830831047,148.25902209428202,445.4466936711515,4.44777066282846,0.29651804418856403,4.151252618639896,1200.894396013049,1205.045648631689,20.504564863168895,1205.045648631689,0.0,ACTIVE,True
395,short,17,3.0,1.25,6,2024-03-19 04:25:00,223975,22397,9.383,226855,2024-03-20 04:25:00,TP,3.0,1186.0721767542561,12.5,0.002,148.25902209428202,148.25902209428202,148.25902209428202,888.8845051773867,296.51804418856403,297.18767157686943,4.44777066282846,0.29651804418856403,4.151252618639896,1205.045648631689,1209.196901250329,20.919690125032897,1209.196901250329,0.0,ACTIVE,True
396,short,91,2.0,1.25,8,2024-03-19 05:25:00,224097,22409,185.28,226977,2024-03-20 05:25:00,SL,-1.25,1186.0721767542561,12.5,0.002,148.25902209428202,148.25902209428202,148.25902209428202,1037.1435272716687,5.684341886080802e-14,148.9286494825874,-1.8532377761785253,0.29651804418856403,-2.1497558203670892,1209.196901250329,1207.0471454299618,20.704714542996182,1209.196901250329,0.1777837685611176,ACTIVE,True
397,short,62,3.5,1.75,3,2024-03-20 00:05:00,226332,22633,509.6,229212,2024-03-21 00:05:00,SL,-1.75,1187.6993430466575,12.5,0.002,148.4624178808322,148.4624178808322,148.4624178808322,889.554132565692,0.0,298.1452104809655,-2.5980923129145634,0.2969248357616644,-2.895017148676228,1207.0471454299618,1204.1521282812855,20.41521282812855,1209.196901250329,0.4172002892024453,ACTIVE,True
398,short,5,2.5,1.0,10,2024-03-20 07:05:00,227179,22717,0.5861,230059,2024-03-21 07:05:00,TP,2.5,1207.0471454299618,12.5,0.002,150.88089317874523,150.88089317874523,150.88089317874523,148.46241788083196,0.0,1058.5847275491299,3.772022329468631,0.30176178635749046,3.47026054311114,1204.1521282812855,1207.6223888243967,20.762238882439664,1209.196901250329,0.13021141753705517,ACTIVE,True
399,short,5,2.5,1.0,10,2024-03-20 07:10:00,227189,22718,0.5889,230069,2024-03-21 07:10:00,TP,2.5,1207.0471454299618,12.5,0.002,150.88089317874523,150.88089317874523,150.88089317874523,299.3433110595772,150.88089317874523,907.7038343703846,3.772022329468631,0.30176178635749046,3.47026054311114,1207.6223888243967,1211.0926493675079,21.109264936750783,1211.0926493675079,0.0,ACTIVE,True
400,short,5,2.5,1.0,10,2024-03-20 07:15:00,227199,22719,0.5907,230079,2024-03-21 07:15:00,TP,2.5,1207.0471454299618,12.5,0.002,150.88089317874523,150.88089317874523,150.88089317874523,450.22420423832244,301.76178635749045,756.8229411916393,3.772022329468631,0.30176178635749046,3.47026054311114,1211.0926493675079,1214.562909910619,21.4562909910619,1214.562909910619,0.0,ACTIVE,True
401,short,5,2.5,1.0,10,2024-03-20 07:20:00,227209,22720,0.5937,230089,2024-03-21 07:20:00,TP,2.5,1207.0471454299618,12.5,0.002,150.88089317874523,150.88089317874523,150.88089317874523,601.1050974170677,452.6426795362357,605.9420480128941,3.772022329468631,0.30176178635749046,3.47026054311114,1214.562909910619,1218.0331704537302,21.803317045373017,1218.0331704537302,0.0,ACTIVE,True
402,short,87,3.0,2.0,6,2024-03-20 12:50:00,227865,22786,9.261,230745,2024-03-21 12:50:00,TP,3.0,1207.0471454299618,12.5,0.002,150.88089317874523,150.88089317874523,150.88089317874523,751.9859905958128,0.0,455.06115483414897,4.526426795362356,0.30176178635749046,4.224665009004866,1218.0331704537302,1222.257835462735,22.225783546273515,1222.257835462735,0.0,ACTIVE,True
403,short,1,3.5,2.0,6,2024-03-20 14:05:00,228015,22801,9.066,230895,2024-03-21 14:05:00,TP,3.5,1207.0471454299618,12.5,0.002,150.88089317874523,150.88089317874523,150.88089317874523,902.8668837745581,150.88089317874523,304.1802616554037,5.2808312612560835,0.30176178635749046,4.979069474898593,1222.257835462735,1227.2369049376337,22.72369049376337,1227.2369049376337,0.0,ACTIVE,True
404,short,66,3.5,1.0,10,2024-03-20 14:05:00,228019,22801,0.594,230899,2024-03-21 14:05:00,TP,3.5,1207.0471454299618,12.5,0.002,150.88089317874523,150.88089317874523,150.88089317874523,1053.7477769533034,603.5235727149809,153.2993684766584,5.2808312612560835,0.30176178635749046,4.979069474898593,1227.2369049376337,1232.2159744125322,23.221597441253227,1232.2159744125322,0.0,ACTIVE,True
405,short,1,3.5,2.0,6,2024-03-20 14:10:00,228025,22802,9.071,230905,2024-03-21 14:10:00,TP,3.5,1207.0471454299618,12.5,0.002,150.88089317874523,2.418475297913119,2.418475297913119,1204.6286701320487,301.76178635749045,2.418475297913119,0.08464663542695917,0.004836950595826238,0.07980968483113293,1232.2159744125322,1232.2957840973634,23.22957840973634,1232.2957840973634,0.0,ACTIVE,True
406,short,5,2.5,1.0,6,2024-03-21 13:50:00,230865,23086,9.327,233745,2024-03-22 13:50:00,SL,-1.0,1222.257835462735,12.5,0.002,152.7822294328419,152.7822294328419,152.7822294328419,304.18026165540334,153.29936847665834,918.0775738073318,-1.527822294328419,0.3055644588656838,-1.8333867531941028,1232.2957840973634,1230.4623973441692,23.046239734416908,1232.2957840973634,0.14877814051251637,ACTIVE,True
407,short,5,2.5,1.0,6,2024-03-21 13:55:00,230875,23087,9.29,233755,2024-03-22 13:55:00,SL,-1.0,1222.257835462735,12.5,0.002,152.7822294328419,152.7822294328419,152.7822294328419,456.9624910882452,306.08159790950026,765.2953443744899,-1.527822294328419,0.3055644588656838,-1.8333867531941028,1230.4623973441692,1228.629010590975,22.862901059097496,1232.2957840973634,0.29755628102503273,ACTIVE,True
408,short,74,2.5,1.75,10,2024-03-21 16:45:00,231219,23121,0.6391,234099,2024-03-22 16:45:00,TP,2.5,1232.2957840973634,12.5,0.002,154.03697301217042,154.03697301217042,154.03697301217042,305.5644588656835,0.0,926.7313252316799,3.850924325304261,0.30807394602434085,3.54285037927992,1228.629010590975,1232.171860970255,23.2171860970255,1232.2957840973634,0.010056281025024124,ACTIVE,True
409,short,66,3.5,1.0,8,2024-03-22 10:30:00,233347,23334,174.69,236227,2024-03-23 10:30:00,TP,3.5,1232.2957840973634,12.5,0.002,154.03697301217042,154.03697301217042,154.03697301217042,459.6014318778539,5.684341886080802e-14,772.6943522195095,5.391294055425965,0.30807394602434085,5.0832201094016245,1232.171860970255,1237.2550810796567,23.725508107965677,1237.2550810796567,0.0,ACTIVE,True
410,short,66,3.5,1.0,8,2024-03-22 10:35:00,233357,23335,175.08,236237,2024-03-23 10:35:00,TP,3.5,1232.2957840973634,12.5,0.002,154.03697301217042,154.03697301217042,154.03697301217042,613.6384048900243,154.03697301217048,618.6573792073391,5.391294055425965,0.30807394602434085,5.0832201094016245,1237.2550810796567,1242.3383011890585,24.233830118905853,1242.3383011890585,0.0,ACTIVE,True
411,short,66,3.5,1.0,8,2024-03-22 10:45:00,233377,23337,175.26,236257,2024-03-23 10:45:00,TP,3.5,1232.2957840973634,12.5,0.002,154.03697301217042,154.03697301217042,154.03697301217042,767.6753779021947,308.0739460243409,464.6204061951687,5.391294055425965,0.30807394602434085,5.0832201094016245,1242.3383011890585,1247.4215212984602,24.74215212984603,1247.4215212984602,0.0,ACTIVE,True
412,short,66,3.5,1.0,8,2024-03-22 10:50:00,233387,23338,174.92,236267,2024-03-23 10:50:00,TP,3.5,1232.2957840973634,12.5,0.002,154.03697301217042,154.03697301217042,154.03697301217042,921.7123509143651,462.1109190365113,310.5834331829983,5.391294055425965,0.30807394602434085,5.0832201094016245,1247.4215212984602,1252.504741407862,25.250474140786206,1252.504741407862,0.0,ACTIVE,True
413,short,66,3.5,1.0,8,2024-03-22 10:55:00,233397,23339,174.53,236277,2024-03-23 10:55:00,TP,3.5,1232.2957840973634,12.5,0.002,154.03697301217042,154.03697301217042,154.03697301217042,1075.7493239265355,616.1478920486817,156.5464601708279,5.391294055425965,0.30807394602434085,5.0832201094016245,1252.504741407862,1257.5879615172637,25.758796151726358,1257.5879615172637,0.0,ACTIVE,True
414,short,66,3.5,1.0,8,2024-03-22 11:00:00,233407,23340,174.31,236287,2024-03-23 11:00:00,TP,3.5,1232.2957840973634,12.5,0.002,154.03697301217042,2.509487158657521,2.509487158657521,1229.7862969387058,770.1848650608521,2.509487158657521,0.08783205055301324,0.005018974317315042,0.0828130762356982,1257.5879615172637,1257.6707745934993,25.76707745934994,1257.6707745934993,0.0,ACTIVE,True
415,short,53,2.5,1.5,5,2024-03-22 15:15:00,233914,23391,0.14862,236794,2024-03-23 15:15:00,SL,-1.5,1228.629010590975,12.5,0.002,153.57862632387187,153.57862632387187,153.57862632387187,926.7313252316796,2.842170943040401e-14,301.89768535929534,-2.303679394858078,0.30715725264774374,-2.610836647505822,1257.6707745934993,1255.0599379459936,25.50599379459937,1257.6707745934993,0.2075930124359921,ACTIVE,True
416,short,66,3.5,1.0,8,2024-03-22 21:30:00,234667,23466,169.23,237547,2024-03-23 21:30:00,SL,-1.0,1232.171860970255,12.5,0.002,154.02148262128188,154.02148262128188,154.02148262128188,926.2729785433812,772.6943522195096,305.8988824268738,-1.5402148262128188,0.30804296524256375,-1.8482577914553826,1255.0599379459936,1253.2116801545383,25.321168015453832,1257.6707745934993,0.3545518055313267,ACTIVE,True
417,short,66,3.5,1.0,8,2024-03-22 21:35:00,234677,23467,169.02,237557,2024-03-23 21:35:00,SL,-1.0,1232.171860970255,12.5,0.002,154.02148262128188,151.87739980559195,151.87739980559195,1080.294461164663,926.7158348407914,151.87739980559195,-1.5187739980559196,0.3037547996111839,-1.8225287976671036,1253.2116801545383,1251.3891513568713,25.138915135687135,1257.6707745934993,0.49946483320791335,ACTIVE,True
418,short,63,3.5,1.5,4,2024-03-24 01:20:00,238003,23800,64544.08,240883,2024-03-25 01:20:00,SL,-1.5,1251.3891513568713,12.5,0.002,156.4236439196089,156.4236439196089,156.4236439196089,-1.4210854715202004e-13,0.0,1251.3891513568715,-2.3463546587941333,0.31284728783921784,-2.659201946633351,1251.3891513568713,1248.7299494102379,24.872994941023798,1257.6707745934993,0.7109034704373505,ACTIVE,True
419,short,36,3.0,2.0,9,2024-03-24 11:25:00,239218,23921,0.1183,242098,2024-03-25 11:25:00,Time_288,-0.31276415891800113,1251.3891513568713,12.5,0.002,156.4236439196089,156.4236439196089,156.4236439196089,156.42364391960876,5.684341886080802e-14,1094.9655074372624,-0.4892370942540538,0.31284728783921784,-0.8020843820932717,1248.7299494102379,1247.9278650281447,24.79278650281447,1257.6707745934993,0.7746788557207086,ACTIVE,True
420,short,65,2.5,1.25,5,2024-03-24 20:05:00,240254,24025,0.17639,243134,2024-03-25 20:05:00,TP,2.5,1251.3891513568713,12.5,0.002,156.4236439196089,156.4236439196089,156.4236439196089,312.84728783921764,2.842170943040401e-14,938.5418635176536,3.9105910979902228,0.31284728783921784,3.597743810151005,1247.9278650281447,1251.5256088382957,25.15256088382958,1257.6707745934993,0.4886148171161749,ACTIVE,True
421,short,85,2.0,1.0,2,2024-03-25 14:55:00,242511,24251,57.96,245391,2024-03-26 14:55:00,SL,-1.0,1247.9278650281447,12.5,0.002,155.99098312851808,155.99098312851808,155.99098312851808,156.42364391960874,0.0,1091.5042211085358,-1.559909831285181,0.31198196625703617,-1.8718917975422171,1251.5256088382957,1249.6537170407535,24.965371704075356,1257.6707745934993,0.6374527988325985,ACTIVE,True
422,short,5,2.5,1.0,8,2024-03-25 16:15:00,242677,24267,192.2,245557,2024-03-26 16:15:00,SL,-1.0,1247.9278650281447,12.5,0.002,155.99098312851808,155.99098312851808,155.99098312851808,312.4146270481268,0.0,935.5132379800178,-1.559909831285181,0.31198196625703617,-1.8718917975422171,1249.6537170407535,1247.7818252432112,24.778182524321114,1257.6707745934993,0.786290780549022,ACTIVE,True
423,short,5,2.5,1.0,8,2024-03-25 16:20:00,242687,24268,191.72,245567,2024-03-26 16:20:00,SL,-1.0,1247.9278650281447,12.5,0.002,155.99098312851808,155.99098312851808,155.99098312851808,468.4056101766449,155.99098312851808,779.5222548514997,-1.559909831285181,0.31198196625703617,-1.8718917975422171,1247.7818252432112,1245.909933445669,24.59099334456689,1257.6707745934993,0.9351287622654457,ACTIVE,True
424,short,5,2.5,1.0,8,2024-03-25 16:25:00,242697,24269,190.46,245577,2024-03-26 16:25:00,SL,-1.0,1247.9278650281447,12.5,0.002,155.99098312851808,155.99098312851808,155.99098312851808,624.396593305163,311.98196625703616,623.5312717229816,-1.559909831285181,0.31198196625703617,-1.8718917975422171,1245.909933445669,1244.0380416481266,24.40380416481267,1257.6707745934993,1.0839667439818692,ACTIVE,True
425,short,31,2.5,2.0,2,2024-03-25 21:40:00,243321,24332,58.05,246201,2024-03-26 21:40:00,SL,-2.0,1251.5256088382957,12.5,0.002,156.44070110478697,156.44070110478697,156.44070110478697,623.9639325140722,155.99098312851808,627.5616763242235,-3.1288140220957392,0.31288140220957394,-3.4416954243053133,1244.0380416481266,1240.5963462238212,24.05963462238212,1257.6707745934993,1.3576230532348073,ACTIVE,True
426,short,85,2.0,1.0,1,2024-03-26 07:55:00,244550,24455,0.6719,247430,2024-03-27 07:55:00,SL,-1.0,1251.5256088382957,12.5,0.002,156.44070110478697,156.44070110478697,156.44070110478697,780.4046336188592,0.0,471.12097521943656,-1.5644070110478696,0.31288140220957394,-1.8772884132574434,1240.5963462238212,1238.7190578105638,23.87190578105638,1257.6707745934993,1.5068901310091354,ACTIVE,True
427,short,33,2.0,1.0,10,2024-03-26 13:05:00,245179,24517,0.6427,248059,2024-03-27 13:05:00,TP,2.0,1251.5256088382957,12.5,0.002,156.44070110478697,156.44070110478697,156.44070110478697,936.8453347236461,0.0,314.6802741146496,3.1288140220957392,0.31288140220957394,2.815932619886165,1238.7190578105638,1241.5349904304499,24.15349904304498,1257.6707745934993,1.2829895143476522,ACTIVE,True
428,short,43,2.5,1.0,6,2024-03-26 13:50:00,245265,24526,9.826,248145,2024-03-27 13:50:00,TP,2.5,1251.5256088382957,12.5,0.002,156.44070110478697,156.44070110478697,156.44070110478697,1093.2860358284331,0.0,158.23957300986262,3.9110175276196744,0.31288140220957394,3.5981361254101003,1241.5349904304499,1245.13312655586,24.513312655585985,1257.6707745934993,0.996894281946864,ACTIVE,True
429,short,44,3.0,1.0,8,2024-03-27 08:05:00,247457,24745,186.9,250337,2024-03-28 08:05:00,SL,-1.0,1238.7190578105638,12.5,0.002,154.83988222632047,154.83988222632047,154.83988222632047,312.8814022095737,0.0,925.83765560099,-1.5483988222632048,0.30967976445264095,-1.8580785867158458,1245.13312655586,1243.275047969144,24.32750479691439,1257.6707745934993,1.1446339467503561,ACTIVE,True
430,short,6,3.5,1.75,2,2024-03-27 08:35:00,247511,24751,54.73,250391,2024-03-28 08:35:00,TP,3.5,1238.7190578105638,12.5,0.002,154.83988222632047,154.83988222632047,154.83988222632047,467.7212844358942,2.842170943040401e-14,770.9977733746696,5.419395877921217,0.30967976445264095,5.1097161134685765,1243.275047969144,1248.3847640826125,24.838476408261243,1257.6707745934993,0.7383498685407753,ACTIVE,True
431,short,10,3.5,1.75,2,2024-03-27 09:05:00,247571,24757,54.45,250451,2024-03-28 09:05:00,SL,-1.75,1238.7190578105638,12.5,0.002,154.83988222632047,154.83988222632047,154.83988222632047,622.5611666622146,154.8398822263205,616.1578911483491,-2.7096979389606086,0.30967976445264095,-3.0193777034132494,1248.3847640826125,1245.3653863791992,24.536538637919914,1257.6707745934993,0.9784268238464433,ACTIVE,True
432,short,67,2.0,1.25,1,2024-03-27 10:05:00,247690,24769,0.6491,250570,2024-03-28 10:05:00,SL,-1.25,1238.7190578105638,12.5,0.002,154.83988222632047,154.83988222632047,154.83988222632047,777.4010488885351,0.0,461.31800892202864,-1.935498527829006,0.30967976445264095,-2.245178292281647,1245.3653863791992,1243.1202080869175,24.31202080869175,1257.6707745934993,1.156945585483994,ACTIVE,True
433,short,9,2.5,1.5,2,2024-03-27 15:35:00,248351,24835,53.85,251231,2024-03-28 15:35:00,SL,-1.5,1245.13312655586,12.5,0.002,155.6416408194825,155.6416408194825,155.6416408194825,619.3595289052816,309.67976445264094,625.7735976505783,-2.334624612292237,0.31128328163896496,-2.645907893931202,1243.1202080869175,1240.4743001929862,24.04743001929863,1257.6707745934993,1.3673271851348634,ACTIVE,True
434,short,38,2.0,1.5,3,2024-03-28 11:55:00,250792,25079,587.4,253672,2024-03-29 11:55:00,SL,-1.5,1243.1202080869175,12.5,0.002,155.3900260108647,155.3900260108647,155.3900260108647,155.6416408194823,0.0,1087.4785672674352,-2.3308503901629702,0.31078005202172937,-2.6416304421846997,1240.4743001929862,1237.8326697508014,23.78326697508013,1257.6707745934993,1.5773686757657182,ACTIVE,True
435,short,75,2.5,1.0,4,2024-03-28 13:25:00,250973,25097,71020.0,253853,2024-03-29 13:25:00,Time_288,1.2052379611377169,1243.1202080869175,12.5,0.002,155.3900260108647,155.3900260108647,155.3900260108647,311.031666830347,0.0,932.0885412565706,1.8728195813047133,0.31078005202172937,1.5620395292829838,1237.8326697508014,1239.3947092800845,23.939470928008454,1257.6707745934993,1.4531676876503696,ACTIVE,True
436,short,31,2.5,2.0,10,2024-03-28 18:25:00,251579,25157,0.6306,254459,2024-03-29 18:25:00,TP,2.5,1240.4743001929862,12.5,0.002,155.05928752412328,155.05928752412328,155.05928752412328,310.78005202172915,0.0,929.6942481712571,3.876482188103082,0.3101185750482466,3.5663636130548357,1239.3947092800845,1242.9610728931393,24.29610728931393,1257.6707745934993,1.1695987533076337,ACTIVE,True
437,short,34,2.0,2.0,10,2024-03-29 01:30:00,252429,25242,0.6247,255309,2024-03-30 01:30:00,TP,2.0,1240.4743001929862,12.5,0.002,155.05928752412328,155.05928752412328,155.05928752412328,465.83933954585245,155.05928752412328,774.6349606471338,3.1011857504824656,0.3101185750482466,2.791067175434219,1242.9610728931393,1245.7521400685735,24.575214006857337,1257.6707745934993,0.9476752394741936,ACTIVE,True
438,short,34,2.0,2.0,10,2024-03-29 03:15:00,252639,25263,0.6214,255519,2024-03-30 03:15:00,TP,2.0,1240.4743001929862,12.5,0.002,155.05928752412328,155.05928752412328,155.05928752412328,620.8986270699758,310.11857504824656,619.5756731230105,3.1011857504824656,0.3101185750482466,2.791067175434219,1245.7521400685735,1248.5432072440076,24.85432072440077,1257.6707745934993,0.7257517256407537,ACTIVE,True
439,short,38,2.0,1.5,2,2024-03-29 07:10:00,253101,25310,53.97,255981,2024-03-30 07:10:00,TP,2.0,1240.4743001929862,12.5,0.002,155.05928752412328,155.05928752412328,155.05928752412328,775.9579145940991,2.842170943040401e-14,464.51638559888715,3.1011857504824656,0.3101185750482466,2.791067175434219,1248.5432072440076,1251.3342744194417,25.13342744194418,1257.6707745934993,0.5038282118073137,ACTIVE,True
440,short,2,3.5,1.25,6,2024-03-29 07:40:00,253165,25316,9.423,256045,2024-03-30 07:40:00,SL,-1.25,1240.4743001929862,12.5,0.002,155.05928752412328,155.05928752412328,155.05928752412328,931.0172021182224,0.0,309.45709807476385,-1.938241094051541,0.3101185750482466,-2.248359669099788,1251.3342744194417,1249.085914750342,24.908591475034193,1257.6707745934993,0.682599931284252,ACTIVE,True
441,short,56,2.5,1.25,7,2024-03-29 09:20:00,253366,25336,3537.84,256246,2024-03-30 09:20:00,TP,2.5,1240.4743001929862,12.5,0.002,155.05928752412328,154.39781055064054,154.39781055064054,1086.0764896423457,0.0,154.39781055064054,3.8599452637660137,0.3087956211012811,3.5511496426647327,1249.085914750342,1252.6370643930068,25.26370643930067,1257.6707745934993,0.4002406911395043,ACTIVE,True
442,short,36,3.0,2.0,4,2024-03-29 17:20:00,254323,25432,69370.17,257203,2024-03-30 17:20:00,Time_288,-0.9367571104409889,1239.3947092800845,12.5,0.002,154.92433866001056,154.92433866001056,154.92433866001056,929.694248171257,0.0,309.70046110882754,-1.4512647582013267,0.30984867732002114,-1.7611134355213478,1252.6370643930068,1250.8759509574854,25.08759509574854,1257.6707745934993,0.5402704565676275,ACTIVE,True
443,short,42,3.0,2.0,7,2024-03-29 18:00:00,254406,25440,3480.6,257286,2024-03-30 18:00:00,SL,-2.0,1239.3947092800845,12.5,0.002,154.92433866001056,154.77612244881698,154.77612244881698,1084.6185868312675,154.39781055064054,154.77612244881698,-3.0955224489763395,0.30955224489763394,-3.4050746938739733,1250.8759509574854,1247.4708762636114,24.747087626361154,1257.6707745934993,0.8110149759331636,ACTIVE,True
444,short,34,2.0,2.0,10,2024-03-29 22:30:00,254949,25494,0.6275,257829,2024-03-30 22:30:00,Time_288,1.0517928286852494,1242.9610728931393,12.5,0.002,155.37013411164241,155.37013411164241,155.37013411164241,1084.3354217559613,310.1185750482465,158.625651137178,1.6341719285049094,0.3107402682232848,1.3234316602816247,1247.4708762636114,1248.794307923893,24.8794307923893,1257.6707745934993,0.7057861921356439,ACTIVE,True
445,short,38,2.0,1.5,1,2024-03-30 16:50:00,257140,25714,0.651,260020,2024-03-31 16:50:00,Time_288,0.6912442396313455,1252.6370643930068,12.5,0.002,156.57963304912585,156.57963304912585,156.57963304912585,465.0705952204702,0.0,787.5664691725366,1.082347693887981,0.3131592660982517,0.7691884277897294,1248.794307923893,1249.5634963516827,24.956349635168262,1257.6707745934993,0.6446264320992146,ACTIVE,True
446,short,9,2.5,1.5,5,2024-03-30 18:10:00,257304,25730,0.19992,260184,2024-03-31 18:10:00,SL,-1.5,1247.4708762636114,12.5,0.002,155.93385953295143,155.93385953295143,155.93385953295143,311.9497671607685,2.842170943040401e-14,935.521109102843,-2.3390078929942715,0.3118677190659029,-2.650875612060174,1249.5634963516827,1246.9126207396225,24.69126207396226,1257.6707745934993,0.8554030252753579,ACTIVE,True
447,short,38,2.0,1.5,3,2024-03-30 20:45:00,257612,25761,605.7,260492,2024-03-31 20:45:00,Time_288,-0.2146277034835652,1247.4708762636114,12.5,0.002,155.93385953295143,155.93385953295143,155.93385953295143,467.8836266937199,0.0,779.5872495698916,-0.3346772616688621,0.3118677190659029,-0.646544980734765,1246.9126207396225,1246.2660757588878,24.62660757588879,1257.6707745934993,0.9068111516145949,ACTIVE,True
448,short,85,2.0,1.0,2,2024-03-31 08:40:00,259041,25904,53.89,261921,2024-04-01 08:40:00,TP,2.0,1248.794307923893,12.5,0.002,156.09928849048663,156.09928849048663,156.09928849048663,468.44735211502893,2.842170943040401e-14,780.3469558088641,3.121985769809733,0.31219857698097325,2.8097871928287597,1246.2660757588878,1249.0758629517165,24.907586295171647,1257.6707745934993,0.6833991705469042,ACTIVE,True
449,short,19,3.5,1.25,3,2024-04-01 06:55:00,261712,26171,586.9,264592,2024-04-02 06:55:00,TP,3.5,1246.2660757588878,12.5,0.002,155.78325946986098,155.78325946986098,155.78325946986098,156.09928849048686,0.0,1090.166787268401,5.452414081445135,0.311566518939722,5.140847562505413,1249.0758629517165,1254.2167105142219,25.42167105142219,1257.6707745934993,0.27463976654732225,ACTIVE,True
450,short,53,2.5,1.5,3,2024-04-01 07:00:00,261722,26172,588.3,264602,2024-04-02 07:00:00,TP,2.5,1246.2660757588878,12.5,0.002,155.78325946986098,155.78325946986098,155.78325946986098,311.88254796034784,155.78325946986098,934.38352779854,3.8945814867465245,0.311566518939722,3.5830149678068026,1254.2167105142219,1257.7997254820286,25.779972548202856,1257.7997254820286,0.0,ACTIVE,True
451,short,45,3.0,1.0,1,2024-04-01 07:15:00,261750,26175,0.6291,264630,2024-04-02 07:15:00,TP,3.0,1246.2660757588878,12.5,0.002,155.78325946986098,155.78325946986098,155.78325946986098,467.6658074302088,0.0,778.600268328679,4.673497784095829,0.311566518939722,4.361931265156107,1257.7997254820286,1262.1616567471847,26.21616567471847,1262.1616567471847,0.0,ACTIVE,True
452,short,45,3.0,1.0,6,2024-04-01 07:15:00,261755,26175,9.334,264635,2024-04-02 07:15:00,TP,3.0,1246.2660757588878,12.5,0.002,155.78325946986098,155.78325946986098,155.78325946986098,623.4490669000697,0.0,622.8170088588181,4.673497784095829,0.311566518939722,4.361931265156107,1262.1616567471847,1266.5235880123407,26.652358801234065,1266.5235880123407,0.0,ACTIVE,True
453,short,63,3.5,1.5,10,2024-04-01 07:15:00,261759,26175,0.6142,264639,2024-04-02 07:15:00,TP,3.5,1246.2660757588878,12.5,0.002,155.78325946986098,155.78325946986098,155.78325946986098,779.2323263699307,0.0,467.0337493889572,5.452414081445135,0.311566518939722,5.140847562505413,1266.5235880123407,1271.664435574846,27.16644355748461,1271.664435574846,0.0,ACTIVE,True
454,short,23,2.5,2.0,1,2024-04-01 07:20:00,261760,26176,0.6294,264640,2024-04-02 07:20:00,TP,2.5,1246.2660757588878,12.5,0.002,155.78325946986098,155.78325946986098,155.78325946986098,935.0155858397916,155.78325946986098,311.25048991909625,3.8945814867465245,0.311566518939722,3.5830149678068026,1271.664435574846,1275.2474505426528,27.524745054265274,1275.2474505426528,0.0,ACTIVE,True
455,short,45,3.0,1.0,2,2024-04-01 07:20:00,261761,26176,52.15,264641,2024-04-02 07:20:00,SL,-1.0,1246.2660757588878,12.5,0.002,155.78325946986098,155.46723044923533,155.46723044923533,1090.7988453096525,156.09928849048666,155.46723044923533,-1.5546723044923534,0.31093446089847065,-1.8656067653908242,1275.2474505426528,1273.381843777262,27.338184377726193,1275.2474505426528,0.14629370673095068,ACTIVE,True
456,short,5,2.5,1.0,10,2024-04-01 08:55:00,261959,26195,0.6108,264839,2024-04-02 08:55:00,SL,-1.0,1249.0758629517165,12.5,0.002,156.13448286896457,156.13448286896457,156.13448286896457,1090.166787268401,155.78325946986098,158.90907568331545,-1.5613448286896456,0.3122689657379291,-1.8736137944275748,1273.381843777262,1271.5082299828343,27.15082299828344,1275.2474505426528,0.29321529388099044,ACTIVE,True
457,short,5,2.5,1.0,10,2024-04-01 09:00:00,261969,26196,0.6111,264849,2024-04-02 09:00:00,SL,-1.0,1249.0758629517165,12.5,0.002,156.13448286896457,2.7745928143508536,2.7745928143508536,1246.3012701373657,311.9177423388255,2.7745928143508536,-0.027745928143508538,0.005549185628701707,-0.03329511377221024,1271.5082299828343,1271.474934869062,27.147493486906214,1275.2474505426528,0.2958261686377378,ACTIVE,True
458,short,17,3.0,1.25,5,2024-04-02 09:45:00,264934,26493,0.1856,267814,2024-04-03 09:45:00,SL,-1.25,1271.474934869062,12.5,0.002,158.93436685863276,158.93436685863276,158.93436685863276,1.4210854715202004e-13,2.842170943040401e-14,1271.4749348690618,-1.9866795857329096,0.31786873371726554,-2.3045483194501752,1271.474934869062,1269.170386549612,26.9170386549612,1275.2474505426528,0.4765399837070743,ACTIVE,True
459,short,17,3.0,1.25,1,2024-04-02 16:45:00,265770,26577,0.5856,268650,2024-04-03 16:45:00,TP,3.0,1271.474934869062,12.5,0.002,158.93436685863276,158.93436685863276,158.93436685863276,158.9343668586329,0.0,1112.540568010429,4.768031005758982,0.31786873371726554,4.450162272041717,1269.170386549612,1273.6205488216538,27.362054882165367,1275.2474505426528,0.12757537529730142,ACTIVE,True
460,short,67,2.0,1.25,5,2024-04-02 22:45:00,266494,26649,0.18523,269374,2024-04-03 22:45:00,TP,2.0,1271.474934869062,12.5,0.002,158.93436685863276,158.93436685863276,158.93436685863276,317.8687337172656,158.93436685863279,953.6062011517964,3.178687337172655,0.31786873371726554,2.8608186034553897,1273.6205488216538,1276.481367425109,27.6481367425109,1276.481367425109,0.0,ACTIVE,True
461,short,31,2.5,2.0,3,2024-04-04 04:10:00,270022,27002,576.5,272902,2024-04-05 04:10:00,SL,-2.0,1276.481367425109,12.5,0.002,159.56017092813863,159.56017092813863,159.56017092813863,1.1368683772161603e-13,0.0,1276.481367425109,-3.1912034185627727,0.31912034185627725,-3.51032376041905,1276.481367425109,1272.9710436646901,27.297104366469014,1276.481367425109,0.27499999999999153,ACTIVE,True
462,short,44,3.0,1.0,2,2024-04-04 19:45:00,271891,27189,47.15,274771,2024-04-05 19:45:00,TP,3.0,1276.481367425109,12.5,0.002,159.56017092813863,159.56017092813863,159.56017092813863,159.56017092813875,0.0,1116.9211964969704,4.786805127844159,0.31912034185627725,4.467684785987881,1272.9710436646901,1277.438728450678,27.743872845067784,1277.438728450678,0.0,ACTIVE,True
463,short,63,3.5,1.5,7,2024-04-04 21:35:00,272116,27211,3312.21,274996,2024-04-05 21:35:00,Time_288,-0.5829944357392781,1276.481367425109,12.5,0.002,159.56017092813863,159.56017092813863,159.56017092813863,319.1203418562774,0.0,957.3610255688317,-0.9302269181671295,0.31912034185627725,-1.2493472600234068,1277.438728450678,1276.1893811906546,27.61893811906546,1277.438728450678,0.0978009537520906,ACTIVE,True
464,short,63,3.5,1.5,10,2024-04-04 21:35:00,272119,27211,0.587,274999,2024-04-05 21:35:00,Time_288,-0.03407155025555179,1276.481367425109,12.5,0.002,159.56017092813863,159.56017092813863,159.56017092813863,478.680512784416,0.0,797.800854640693,-0.05436462382562509,0.31912034185627725,-0.3734849656819023,1276.1893811906546,1275.8158962249727,27.581589622497262,1277.438728450678,0.12703796977201806,ACTIVE,True
465,short,16,3.0,1.0,7,2024-04-04 22:05:00,272176,27217,3310.41,275056,2024-04-05 22:05:00,TP,3.0,1276.481367425109,12.5,0.002,159.56017092813863,159.56017092813863,159.56017092813863,638.2406837125546,159.56017092813863,638.2406837125544,4.786805127844159,0.31912034185627725,4.467684785987881,1275.8158962249727,1280.2835810109605,28.028358101096053,1280.2835810109605,0.0,ACTIVE,True
466,short,59,3.0,1.75,8,2024-04-05 03:55:00,272877,27287,179.41,275757,2024-04-06 03:55:00,TP,3.0,1276.481367425109,12.5,0.002,159.56017092813863,159.56017092813863,159.56017092813863,797.8008546406933,0.0,478.6805127844158,4.786805127844159,0.31912034185627725,4.467684785987881,1280.2835810109605,1284.7512657969482,28.47512657969482,1284.7512657969482,0.0,ACTIVE,True
467,short,19,3.5,1.25,8,2024-04-05 04:05:00,272897,27289,179.71,275777,2024-04-06 04:05:00,TP,3.5,1276.481367425109,12.5,0.002,159.56017092813863,159.56017092813863,159.56017092813863,957.3610255688319,159.56017092813863,319.12034185627715,5.584605982484852,0.31912034185627725,5.265485640628575,1284.7512657969482,1290.0167514375769,29.001675143757687,1290.0167514375769,0.0,ACTIVE,True
468,short,4,2.0,1.5,1,2024-04-05 04:25:00,272930,27293,0.5739,275810,2024-04-06 04:25:00,TP,2.0,1272.9710436646901,12.5,0.002,159.12138045808626,159.12138045808626,159.12138045808626,957.3610255688318,0.0,315.6100180958583,3.182427609161725,0.31824276091617254,2.8641848482455528,1290.0167514375769,1292.8809362858224,29.288093628582246,1292.8809362858224,0.0,ACTIVE,True
469,short,4,2.0,1.5,6,2024-04-05 04:25:00,272935,27293,8.361,275815,2024-04-06 04:25:00,TP,2.0,1272.9710436646901,12.5,0.002,159.12138045808626,156.48863763777217,156.48863763777217,1116.482406026918,0.0,156.48863763777217,3.1297727527554433,0.31297727527554436,2.816795477479899,1292.8809362858224,1295.6977317633023,29.569773176330227,1295.6977317633023,0.0,ACTIVE,True
470,short,85,2.0,1.0,5,2024-04-07 15:40:00,280044,28004,0.20087,282924,2024-04-08 15:40:00,TP,2.0,1295.6977317633023,12.5,0.002,161.96221647041278,161.96221647041278,161.96221647041278,-1.1368683772161603e-13,0.0,1295.6977317633023,3.2392443294082556,0.32392443294082557,2.91531989646743,1295.6977317633023,1298.6130516597698,29.86130516597698,1298.6130516597698,0.0,ACTIVE,True
471,short,8,2.5,1.25,10,2024-04-07 20:10:00,280589,28058,0.5925,283469,2024-04-08 20:10:00,SL,-1.25,1295.6977317633023,12.5,0.002,161.96221647041278,161.96221647041278,161.96221647041278,161.96221647041267,0.0,1133.7355152928897,-2.02452770588016,0.32392443294082557,-2.348452138820986,1298.6130516597698,1296.2645995209489,29.626459952094898,1298.6130516597698,0.1808431030182027,ACTIVE,True
472,short,34,2.0,2.0,10,2024-04-08 04:00:00,281529,28152,0.5923,284409,2024-04-09 04:00:00,SL,-2.0,1295.6977317633023,12.5,0.002,161.96221647041278,161.96221647041278,161.96221647041278,323.92443294082545,161.96221647041278,971.7732988224768,-3.2392443294082556,0.32392443294082557,-3.5631687623490813,1296.2645995209489,1292.7014307585998,29.270143075859977,1298.6130516597698,0.4552257420803106,ACTIVE,True
473,short,5,2.5,1.0,10,2024-04-08 09:35:00,282199,28219,0.6085,285079,2024-04-09 09:35:00,SL,-1.0,1295.6977317633023,12.5,0.002,161.96221647041278,161.96221647041278,161.96221647041278,485.88664941123824,323.92443294082557,809.811082352064,-1.6196221647041278,0.32392443294082557,-1.9435465976449533,1292.7014307585998,1290.757884160955,29.075788416095506,1298.6130516597698,0.6048889997505449,ACTIVE,True
474,short,5,2.5,1.0,10,2024-04-08 09:40:00,282209,28220,0.6094,285089,2024-04-09 09:40:00,SL,-1.0,1295.6977317633023,12.5,0.002,161.96221647041278,161.96221647041278,161.96221647041278,647.848865881651,485.88664941123835,647.8488658816512,-1.6196221647041278,0.32392443294082557,-1.9435465976449533,1290.757884160955,1288.8143375633101,28.88143375633101,1298.6130516597698,0.7545522574207791,ACTIVE,True
475,short,5,2.5,1.0,10,2024-04-08 09:45:00,282219,28221,0.6081,285099,2024-04-09 09:45:00,SL,-1.0,1295.6977317633023,12.5,0.002,161.96221647041278,161.96221647041278,161.96221647041278,809.8110823520637,647.8488658816511,485.8866494112385,-1.6196221647041278,0.32392443294082557,-1.9435465976449533,1288.8143375633101,1286.8707909656653,28.687079096566535,1298.6130516597698,0.9042155150910135,ACTIVE,True
476,short,5,2.5,1.0,10,2024-04-08 09:55:00,282239,28223,0.6075,285119,2024-04-09 09:55:00,SL,-1.0,1295.6977317633023,12.5,0.002,161.96221647041278,161.96221647041278,161.96221647041278,971.7732988224766,809.811082352064,323.9244329408257,-1.6196221647041278,0.32392443294082557,-1.9435465976449533,1286.8707909656653,1284.9272443680204,28.492724436802042,1298.6130516597698,1.0538787727612478,ACTIVE,True
477,short,5,2.5,1.0,10,2024-04-08 10:00:00,282249,28224,0.6062,285129,2024-04-09 10:00:00,SL,-1.0,1295.6977317633023,12.5,0.002,161.96221647041278,161.96221647041278,161.96221647041278,1133.7355152928894,971.7732988224768,161.96221647041284,-1.6196221647041278,0.32392443294082557,-1.9435465976449533,1284.9272443680204,1282.9836977703756,28.298369777037546,1298.6130516597698,1.203542030431482,ACTIVE,True
478,short,19,3.5,1.25,8,2024-04-09 04:45:00,284497,28449,177.84,287377,2024-04-10 04:45:00,TP,3.5,1292.7014307585998,12.5,0.002,161.58767884482498,161.58767884482498,161.58767884482498,809.8110823520637,0.0,482.8903484065361,5.655568759568875,0.32317535768964994,5.332393401879225,1282.9836977703756,1288.3160911722548,28.831609117225486,1298.6130516597698,0.7929198366175618,ACTIVE,True
479,short,4,2.0,1.5,8,2024-04-09 09:50:00,285107,28510,174.81,287987,2024-04-10 09:50:00,TP,2.0,1286.8707909656653,12.5,0.002,160.85884887070816,160.85884887070816,160.85884887070816,485.51211178565023,161.58767884482498,801.3586791800151,3.217176977414163,0.32171769774141634,2.895459279672747,1288.3160911722548,1291.2115504519275,29.121155045192747,1298.6130516597698,0.569954321526524,ACTIVE,True
480,short,74,2.5,1.75,10,2024-04-09 13:40:00,285569,28556,0.6317,288449,2024-04-10 13:40:00,TP,2.5,1282.9836977703756,12.5,0.002,160.37296222129694,160.37296222129694,160.37296222129694,322.44652771553285,0.0,960.5371700548427,4.009324055532423,0.3207459244425939,3.6885781310898293,1291.2115504519275,1294.9001285830172,29.49001285830173,1298.6130516597698,0.285914504864017,ACTIVE,True
481,short,45,3.0,1.0,7,2024-04-09 16:05:00,285856,28585,3515.4,288736,2024-04-10 16:05:00,SL,-1.0,1282.9836977703756,12.5,0.002,160.37296222129694,160.37296222129694,160.37296222129694,482.81948993682977,0.0,800.1642078335458,-1.6037296222129696,0.3207459244425939,-1.9244755466555634,1294.9001285830172,1292.9756530363618,29.297565303636187,1298.6130516597698,0.4341091918183616,ACTIVE,True
482,short,36,3.0,2.0,9,2024-04-09 16:15:00,285878,28587,0.12108,288758,2024-04-10 16:15:00,SL,-2.0,1282.9836977703756,12.5,0.002,160.37296222129694,160.37296222129694,160.37296222129694,643.1924521581267,5.684341886080802e-14,639.7912456122489,-3.207459244425939,0.3207459244425939,-3.528205168868533,1292.9756530363618,1289.4474478674933,28.944744786749332,1298.6130516597698,0.7057994512346689,ACTIVE,True
483,short,42,3.0,2.0,7,2024-04-09 16:25:00,285896,28589,3521.52,288776,2024-04-10 16:25:00,TP,3.0,1282.9836977703756,12.5,0.002,160.37296222129694,160.37296222129694,160.37296222129694,803.5654143794236,160.37296222129694,479.41828339095196,4.811188866638908,0.3207459244425939,4.490442942196314,1289.4474478674933,1293.9378908096896,29.39378908096897,1298.6130516597698,0.3600118483411805,ACTIVE,True
484,short,52,2.5,2.0,9,2024-04-09 16:30:00,285908,28590,0.12115,288788,2024-04-10 16:30:00,SL,-2.0,1282.9836977703756,12.5,0.002,160.37296222129694,160.37296222129694,160.37296222129694,963.9383766007205,160.372962221297,319.04532116965504,-3.207459244425939,0.3207459244425939,-3.528205168868533,1293.9378908096896,1290.4096856408212,29.040968564082114,1298.6130516597698,0.6317021077574878,ACTIVE,True
485,short,21,3.5,1.0,5,2024-04-09 18:10:00,286104,28610,0.1892,288984,2024-04-10 18:10:00,TP,3.5,1282.9836977703756,12.5,0.002,160.37296222129694,158.67235894835812,158.67235894835812,1124.3113388220174,0.0,158.67235894835812,5.553532563192535,0.31734471789671626,5.236187845295818,1290.4096856408212,1295.645873486117,29.564587348611692,1298.6130516597698,0.22848824519825242,ACTIVE,True
486,short,27,3.5,1.0,6,2024-04-10 13:30:00,288425,28842,8.22,291305,2024-04-11 13:30:00,SL,-1.0,1291.2115504519275,12.5,0.002,161.40144380649093,161.40144380649093,161.40144380649093,960.5371700548425,0.0,330.674380397085,-1.6140144380649093,0.32280288761298187,-1.936817325677891,1295.645873486117,1293.709056160439,29.37090561604392,1298.6130516597698,0.3776333137159551,ACTIVE,True
487,short,92,3.5,1.25,2,2024-04-10 19:05:00,289091,28909,46.67,291971,2024-04-11 19:05:00,SL,-1.25,1295.645873486117,12.5,0.002,161.9557341857646,161.9557341857646,161.9557341857646,161.40144380649065,0.0,1134.2444296796261,-2.0244466773220577,0.32391146837152923,-2.348358145693587,1293.709056160439,1291.3606980147456,29.136069801474562,1298.6130516597698,0.5584691787715274,ACTIVE,True
488,short,43,2.5,1.0,5,2024-04-11 02:40:00,290004,29000,0.19791,292884,2024-04-12 02:40:00,SL,-1.0,1295.645873486117,12.5,0.002,161.9557341857646,161.9557341857646,161.9557341857646,323.3571779922553,0.0,972.2886954938616,-1.619557341857646,0.32391146837152923,-1.9434688102291753,1291.3606980147456,1289.4172292045164,28.941722920451628,1298.6130516597698,0.7081264464037322,ACTIVE,True
489,short,21,3.5,1.0,1,2024-04-11 12:40:00,291200,29120,0.5856,294080,2024-04-12 12:40:00,SL,-1.0,1295.645873486117,12.5,0.002,161.9557341857646,161.9557341857646,161.9557341857646,485.31291217801993,0.0,810.332961308097,-1.619557341857646,0.32391146837152923,-1.9434688102291753,1289.4172292045164,1287.4737603942872,28.74737603942872,1298.6130516597698,0.8577837140359373,ACTIVE,True
490,short,3,2.5,1.0,9,2024-04-12 02:50:00,292908,29290,0.12116,295788,2024-04-13 02:50:00,TP,2.5,1289.4172292045164,12.5,0.002,161.17715365056455,161.17715365056455,161.17715365056455,161.95573418576444,5.684341886080802e-14,1127.461495018752,4.029428841264114,0.32235430730112913,3.7070745339629845,1287.4737603942872,1291.18083492825,29.118083492825008,1298.6130516597698,0.5723195775693548,ACTIVE,True
491,short,1,3.5,2.0,8,2024-04-12 13:05:00,294137,29413,168.28,297017,2024-04-13 13:05:00,TP,3.5,1287.4737603942872,12.5,0.002,160.9342200492859,160.9342200492859,160.9342200492859,161.1771536505644,0.0,1126.2966067437228,5.632697701725007,0.3218684400985718,5.310829261626435,1291.18083492825,1296.4916641898765,29.649166418987647,1298.6130516597698,0.1633579353897561,ACTIVE,True
492,short,1,3.5,2.0,8,2024-04-12 13:10:00,294147,29414,169.16,297027,2024-04-13 13:10:00,TP,3.5,1287.4737603942872,12.5,0.002,160.9342200492859,160.9342200492859,160.9342200492859,322.11137369985033,160.9342200492859,965.3623866944369,5.632697701725007,0.3218684400985718,5.310829261626435,1296.4916641898765,1301.8024934515029,30.18024934515029,1301.8024934515029,0.0,ACTIVE,True
493,short,8,2.5,1.25,10,2024-04-12 16:40:00,294569,29456,0.5915,297449,2024-04-13 16:40:00,TP,2.5,1287.4737603942872,12.5,0.002,160.9342200492859,160.9342200492859,160.9342200492859,483.04559374913623,0.0,804.4281666451509,4.023355501232148,0.3218684400985718,3.701487061133576,1301.8024934515029,1305.5039805126364,30.55039805126365,1305.5039805126364,0.0,ACTIVE,True
494,short,63,3.5,1.5,10,2024-04-12 20:00:00,294969,29496,0.5396,297849,2024-04-13 20:00:00,SL,-1.5,1287.4737603942872,12.5,0.002,160.9342200492859,160.9342200492859,160.9342200492859,643.9798137984221,160.9342200492859,643.493946595865,-2.4140133007392883,0.3218684400985718,-2.73588174083786,1305.5039805126364,1302.7680987717986,30.276809877179865,1305.5039805126364,0.2095651780214054,ACTIVE,True
495,short,19,3.5,1.25,1,2024-04-12 20:05:00,294970,29497,0.4879,297850,2024-04-13 20:05:00,SL,-1.25,1287.4737603942872,12.5,0.002,160.9342200492859,160.9342200492859,160.9342200492859,804.914033847708,0.0,482.5597265465792,-2.011677750616074,0.3218684400985718,-2.3335461907146455,1302.7680987717986,1300.4345525810838,30.043455258108388,1305.5039805126364,0.3883119475102599,ACTIVE,True
496,short,19,3.5,1.25,8,2024-04-12 20:10:00,294987,29498,153.99,297867,2024-04-13 20:10:00,TP,3.5,1287.4737603942872,12.5,0.002,160.9342200492859,160.9342200492859,160.9342200492859,965.8482538969938,321.8684400985718,321.6255064972934,5.632697701725007,0.3218684400985718,5.310829261626435,1300.4345525810838,1305.7453818427102,30.574538184271027,1305.7453818427102,0.0,ACTIVE,True
497,short,52,2.5,2.0,4,2024-04-12 20:10:00,294983,29498,67291.05,297863,2024-04-13 20:10:00,TP,2.5,1287.4737603942872,12.5,0.002,160.9342200492859,160.69128644800753,160.69128644800753,1126.7824739462797,0.0,160.69128644800753,4.017282161200188,0.3213825728960151,3.695899588304173,1305.7453818427102,1309.4412814310144,30.944128143101434,1309.4412814310144,0.0,ACTIVE,True
498,short,34,2.0,2.0,7,2024-04-13 03:00:00,295806,29580,3210.0,298686,2024-04-14 03:00:00,SL,-2.0,1291.18083492825,12.5,0.002,161.39760436603126,161.39760436603126,161.39760436603126,1126.2966067437226,0.0,164.8842281845275,-3.227952087320625,0.3227952087320625,-3.5507472960526876,1309.4412814310144,1305.8905341349619,30.58905341349618,1309.4412814310144,0.27116506455120815,ACTIVE,True
499,short,29,3.5,1.0,3,2024-04-13 03:15:00,295832,29583,575.0,298712,2024-04-14 03:15:00,SL,-1.0,1291.18083492825,12.5,0.002,161.39760436603126,3.486623818496355,3.486623818496355,1287.6942111097537,0.0,3.486623818496355,-0.03486623818496355,0.0069732476369927104,-0.04183948582195626,1305.8905341349619,1305.8486946491398,30.58486946491399,1309.4412814310144,0.27436028119935857,ACTIVE,True
500,short,36,3.0,2.0,9,2024-04-13 18:50:00,297708,29770,0.11208,300588,2024-04-14 18:50:00,TP,3.0,1305.5039805126364,12.5,0.002,163.18799756407955,163.18799756407955,163.18799756407955,808.3781747803926,5.684341886080802e-14,497.12580573224386,4.895639926922386,0.3263759951281591,4.569263931794227,1305.8486946491398,1310.417958580934,31.041795858093412,1310.417958580934,0.0,ACTIVE,True
501,short,67,2.0,1.25,8,2024-04-13 18:55:00,297717,29771,143.55,300597,2024-04-14 18:55:00,TP,2.0,1305.5039805126364,12.5,0.002,163.18799756407955,163.18799756407955,163.18799756407955,971.5661723444721,160.9342200492859,333.93780816816434,3.263759951281591,0.3263759951281591,2.937383956153432,1310.417958580934,1313.3553425370874,31.33553425370874,1313.3553425370874,0.0,ACTIVE,True
502,short,7,3.0,1.75,9,2024-04-13 19:10:00,297748,29774,0.11188,300628,2024-04-14 19:10:00,TP,3.0,1305.5039805126364,12.5,0.002,163.18799756407955,163.18799756407955,163.18799756407955,1134.7541699085516,163.1879975640796,170.74981060408481,4.895639926922386,0.3263759951281591,4.569263931794227,1313.3553425370874,1317.9246064688816,31.792460646888166,1317.9246064688816,0.0,ACTIVE,True
503,short,27,3.5,1.0,5,2024-04-13 21:00:00,297964,29796,0.14179,300844,2024-04-14 21:00:00,TP,3.5,1309.4412814310144,12.5,0.002,163.6801601788768,163.6801601788768,163.6801601788768,654.4482208767661,0.0,654.9930605542484,5.728805606260688,0.3273603203577536,5.401445285902935,1317.9246064688816,1323.3260517547847,32.33260517547847,1323.3260517547847,0.0,ACTIVE,True
504,short,63,3.5,1.5,10,2024-04-13 21:40:00,298049,29804,0.4501,300929,2024-04-14 21:40:00,SL,-1.5,1309.4412814310144,12.5,0.002,163.6801601788768,163.6801601788768,163.6801601788768,818.1283810556429,0.0,491.31290037537156,-2.455202402683152,0.3273603203577536,-2.782562723040906,1323.3260517547847,1320.5434890317438,32.05434890317438,1323.3260517547847,0.21027038040633225,ACTIVE,True
505,short,29,3.5,1.0,1,2024-04-13 21:45:00,298050,29805,0.4238,300930,2024-04-14 21:45:00,SL,-1.0,1309.4412814310144,12.5,0.002,163.6801601788768,163.6801601788768,163.6801601788768,981.8085412345197,0.0,327.63274019649475,-1.636801601788768,0.3273603203577536,-1.9641619221465216,1320.5434890317438,1318.5793271095972,31.857932710959712,1323.3260517547847,0.35869653128139434,ACTIVE,True
506,short,14,3.0,1.75,2,2024-04-13 21:50:00,298061,29806,31.54,300941,2024-04-14 21:50:00,SL,-1.75,1309.4412814310144,12.5,0.002,163.6801601788768,163.6801601788768,163.6801601788768,1145.4887014133965,0.0,163.95258001761795,-2.864402803130344,0.3273603203577536,-3.191763123488098,1318.5793271095972,1315.3875639861092,31.53875639861092,1323.3260517547847,0.5998890264533616,ACTIVE,True
507,short,91,2.0,1.25,2,2024-04-14 15:35:00,300191,30019,35.55,303071,2024-04-15 15:35:00,TP,2.0,1305.8486946491398,12.5,0.002,163.23108683114248,161.56406124139403,161.56406124139403,1144.2846334077458,163.6801601788768,161.56406124139403,3.231281224827881,0.32312812248278805,2.908153102345093,1315.3875639861092,1318.2957170884542,31.829571708845418,1323.3260517547847,0.3801281369515841,ACTIVE,True
508,short,87,3.0,2.0,1,2024-04-15 00:00:00,301200,30120,0.4653,304080,2024-04-16 00:00:00,SL,-2.0,1315.3875639861092,12.5,0.002,164.42344549826365,164.42344549826365,164.42344549826365,161.56406124139403,0.0,1153.8235027447151,-3.288468909965273,0.3288468909965273,-3.6173158009618,1318.2957170884542,1314.6784012874925,31.46784012874926,1323.3260517547847,0.6534784421288302,ACTIVE,True
509,short,82,3.5,1.5,5,2024-04-15 00:20:00,301244,30124,0.16127,304124,2024-04-16 00:20:00,SL,-1.5,1315.3875639861092,12.5,0.002,164.42344549826365,164.42344549826365,164.42344549826365,325.98750673965765,0.0,989.4000572464515,-2.4663516824739546,0.3288468909965273,-2.795198573470482,1314.6784012874925,1311.883202714022,31.18832027140219,1323.3260517547847,0.8647036779476215,ACTIVE,True
510,short,5,2.5,1.0,2,2024-04-15 05:50:00,301901,30190,36.68,304781,2024-04-16 05:50:00,SL,-1.0,1315.3875639861092,12.5,0.002,164.42344549826365,164.42344549826365,164.42344549826365,490.41095223792126,161.56406124139403,824.9766117481879,-1.6442344549826364,0.3288468909965273,-1.9730813459791636,1311.883202714022,1309.9101213680428,30.991012136804287,1323.3260517547847,1.0138038444079405,ACTIVE,True
511,short,5,2.5,1.0,1,2024-04-15 05:55:00,301910,30191,0.4716,304790,2024-04-16 05:55:00,SL,-1.0,1315.3875639861092,12.5,0.002,164.42344549826365,164.42344549826365,164.42344549826365,654.8343977361849,164.42344549826365,660.5531662499243,-1.6442344549826364,0.3288468909965273,-1.9730813459791636,1309.9101213680428,1307.9370400220637,30.79370400220638,1323.3260517547847,1.1629040108682598,ACTIVE,True
512,short,5,2.5,1.0,2,2024-04-15 05:55:00,301911,30191,36.67,304791,2024-04-16 05:55:00,SL,-1.0,1315.3875639861092,12.5,0.002,164.42344549826365,164.42344549826365,164.42344549826365,819.2578432344485,325.98750673965765,496.12972075166067,-1.6442344549826364,0.3288468909965273,-1.9730813459791636,1307.9370400220637,1305.9639586760845,30.59639586760845,1323.3260517547847,1.3120041773285789,ACTIVE,True
513,short,5,2.5,1.0,2,2024-04-15 06:00:00,301921,30192,36.58,304801,2024-04-16 06:00:00,SL,-1.0,1315.3875639861092,12.5,0.002,164.42344549826365,164.42344549826365,164.42344549826365,983.6812887327121,490.41095223792126,331.70627525339705,-1.6442344549826364,0.3288468909965273,-1.9730813459791636,1305.9639586760845,1303.9908773301054,30.399087733010543,1323.3260517547847,1.4611043437888982,ACTIVE,True
514,short,74,2.5,1.75,10,2024-04-15 08:05:00,302179,30217,0.5121,305059,2024-04-16 08:05:00,TP,2.5,1315.3875639861092,12.5,0.002,164.42344549826365,164.42344549826365,164.42344549826365,1148.1047342309757,0.0,167.28282975513343,4.1105861374565915,0.3288468909965273,3.7817392464600643,1303.9908773301054,1307.7726165765655,30.777261657656553,1323.3260517547847,1.1753290247399473,ACTIVE,True
515,short,5,2.5,1.0,8,2024-04-15 12:50:00,302747,30274,150.75,305627,2024-04-16 12:50:00,TP,2.5,1315.3875639861092,12.5,0.002,164.42344549826365,2.8593842568698165,2.8593842568698165,1312.5281797292394,2.842170943040401e-14,2.8593842568698165,0.07148460642174541,0.005718768513739633,0.06576583790800578,1307.7726165765655,1307.8383824144735,30.78383824144735,1323.3260517547847,1.1703592867210542,ACTIVE,True
516,short,30,2.5,2.0,7,2024-04-15 16:25:00,303176,30317,3154.69,306056,2024-04-16 16:25:00,TP,2.5,1318.2957170884542,12.5,0.002,164.78696463605678,164.4722143437391,164.4722143437391,1153.8235027447151,0.0,164.4722143437391,4.111805358593478,0.3289444286874782,3.7828609299059996,1307.8383824144735,1311.6212433443795,31.162124334437948,1323.3260517547847,0.884499205232457,ACTIVE,True
517,short,5,2.5,1.0,10,2024-04-16 06:30:00,304869,30486,0.4915,307749,2024-04-17 06:30:00,SL,-1.0,1303.9908773301054,12.5,0.002,162.99885966626317,162.99885966626317,162.99885966626317,331.75504409887253,164.42344549826365,972.2358332312328,-1.6299885966626317,0.32599771933252636,-1.955986315995158,1311.6212433443795,1309.6652570283843,30.96652570283842,1323.3260517547847,1.0323075487167792,ACTIVE,True
518,short,5,2.5,1.0,10,2024-04-16 06:35:00,304879,30487,0.4918,307759,2024-04-17 06:35:00,SL,-1.0,1303.9908773301054,12.5,0.002,162.99885966626317,162.99885966626317,162.99885966626317,494.7539037651357,327.42230516452685,809.2369735649697,-1.6299885966626317,0.32599771933252636,-1.955986315995158,1309.6652570283843,1307.709270712389,30.770927071238894,1323.3260517547847,1.1801158922011015,ACTIVE,True
519,short,5,2.5,1.0,10,2024-04-16 06:40:00,304889,30488,0.4929,307769,2024-04-17 06:40:00,SL,-1.0,1303.9908773301054,12.5,0.002,162.99885966626317,162.99885966626317,162.99885966626317,657.7527634313989,490.42116483079,646.2381138987065,-1.6299885966626317,0.32599771933252636,-1.955986315995158,1307.709270712389,1305.7532843963938,30.575328439639392,1323.3260517547847,1.3279242356854237,ACTIVE,True
520,short,5,2.5,1.0,10,2024-04-16 06:45:00,304899,30489,0.4948,307779,2024-04-17 06:45:00,SL,-1.0,1303.9908773301054,12.5,0.002,162.99885966626317,162.99885966626317,162.99885966626317,820.7516230976621,653.4200244970532,483.2392542324433,-1.6299885966626317,0.32599771933252636,-1.955986315995158,1305.7532843963938,1303.7972980803986,30.37972980803987,1323.3260517547847,1.4757325791697462,ACTIVE,True
521,short,74,2.5,1.75,2,2024-04-16 22:40:00,306801,30680,34.78,309681,2024-04-17 22:40:00,TP,2.5,1311.6212433443795,12.5,0.002,163.95265541804744,163.95265541804744,163.95265541804744,651.9954386650527,0.0,659.6258046793268,4.098816385451186,0.32790531083609487,3.770911074615091,1303.7972980803986,1307.5682091550136,30.756820915501358,1323.3260517547847,1.1907755143847951,ACTIVE,True
522,short,37,2.5,1.5,2,2024-04-16 22:50:00,306821,30682,34.86,309701,2024-04-17 22:50:00,TP,2.5,1311.6212433443795,12.5,0.002,163.95265541804744,163.95265541804744,163.95265541804744,815.9480940831002,163.95265541804744,495.6731492612794,4.098816385451186,0.32790531083609487,3.770911074615091,1307.5682091550136,1311.3391202296286,31.133912022962875,1323.3260517547847,0.9058184495998443,ACTIVE,True
523,short,85,2.0,1.0,1,2024-04-16 23:50:00,306940,30694,0.4577,309820,2024-04-17 23:50:00,SL,-1.0,1311.6212433443795,12.5,0.002,163.95265541804744,163.95265541804744,163.95265541804744,979.9007495011476,0.0,331.7204938432319,-1.6395265541804744,0.32790531083609487,-1.9674318650165694,1311.3391202296286,1309.371688364612,30.937168836461204,1323.3260517547847,1.0544917007919965,ACTIVE,True
524,short,2,3.5,1.25,3,2024-04-17 11:15:00,308312,30831,538.2,311192,2024-04-18 11:15:00,TP,3.5,1303.7972980803986,12.5,0.002,162.97466226004983,162.97466226004983,162.97466226004983,491.8579662541426,0.0,811.939331826256,5.7041131791017445,0.32594932452009967,5.378163854581645,1309.371688364612,1314.7498522191936,31.47498522191936,1323.3260517547847,0.6480790976810791,ACTIVE,True
525,short,60,2.0,1.0,3,2024-04-17 11:20:00,308322,30832,537.5,311202,2024-04-18 11:20:00,TP,2.0,1303.7972980803986,12.5,0.002,162.97466226004983,162.97466226004983,162.97466226004983,654.8326285141924,162.97466226004983,648.9646695662062,3.2594932452009964,0.32594932452009967,2.9335439206808966,1314.7498522191936,1317.6833961398745,31.76833961398744,1323.3260517547847,0.4263994959842105,ACTIVE,True
526,short,2,3.5,1.25,3,2024-04-17 11:25:00,308332,30833,536.7,311212,2024-04-18 11:25:00,TP,3.5,1303.7972980803986,12.5,0.002,162.97466226004983,162.97466226004983,162.97466226004983,817.8072907742422,325.94932452009965,485.9900073061564,5.7041131791017445,0.32594932452009967,5.378163854581645,1317.6833961398745,1323.061559994456,32.30615599944559,1323.3260517547847,0.019986892873293277,ACTIVE,True
527,short,2,3.5,1.25,3,2024-04-17 11:35:00,308352,30835,535.5,311232,2024-04-18 11:35:00,TP,3.5,1303.7972980803986,12.5,0.002,162.97466226004983,162.97466226004983,162.97466226004983,980.7819530342921,488.92398678014945,323.0153450461065,5.7041131791017445,0.32594932452009967,5.378163854581645,1323.061559994456,1328.4397238490376,32.84397238490375,1328.4397238490376,0.0,ACTIVE,True
528,short,2,3.5,1.25,3,2024-04-17 11:40:00,308362,30836,535.6,311242,2024-04-18 11:40:00,TP,3.5,1303.7972980803986,12.5,0.002,162.97466226004983,160.04068278605678,160.04068278605678,1143.7566152943418,651.8986490401993,160.04068278605678,5.601423897511988,0.3200813655721136,5.281342531939874,1328.4397238490376,1333.7210663809774,33.37210663809773,1333.7210663809774,0.0,ACTIVE,True
529,short,91,2.0,1.25,2,2024-04-18 02:55:00,310191,31019,34.08,313071,2024-04-19 02:55:00,SL,-1.25,1309.371688364612,12.5,0.002,163.6714610455765,163.6714610455765,163.6714610455765,811.9393318262562,0.0,497.43235653835586,-2.0458932630697064,0.327342922091153,-2.3732361851608594,1333.7210663809774,1331.3478301958166,33.13478301958166,1333.7210663809774,0.1779409686914876,ACTIVE,True
530,short,17,3.0,1.25,5,2024-04-18 07:30:00,310744,31074,0.14414,313624,2024-04-19 07:30:00,TP,3.0,1309.371688364612,12.5,0.002,163.6714610455765,163.6714610455765,163.6714610455765,975.6107928718327,0.0,333.76089549277935,4.910143831367295,0.327342922091153,4.582800909276141,1331.3478301958166,1335.9306311050927,33.59306311050927,1335.9306311050927,0.0,ACTIVE,True
531,short,29,3.5,1.0,7,2024-04-18 08:00:00,310806,31080,2980.2,313686,2024-04-19 08:00:00,TP,3.5,1309.371688364612,12.5,0.002,163.6714610455765,163.6714610455765,163.6714610455765,1139.2822539174092,0.0,170.08943444720285,5.728501136595178,0.327342922091153,5.401158214504026,1335.9306311050927,1341.3317893195967,34.133178931959684,1341.3317893195967,0.0,ACTIVE,True
532,short,31,2.5,2.0,3,2024-04-18 15:45:00,311732,31173,550.1,314612,2024-04-19 15:45:00,TP,2.5,1333.7210663809774,12.5,0.002,166.71513329762217,166.71513329762217,166.71513329762217,491.0143831367295,0.0,842.7066832442479,4.167878332440554,0.33343026659524433,3.8344480658453097,1341.3317893195967,1345.166237385442,34.516623738544205,1345.166237385442,0.0,ACTIVE,True
533,short,52,2.5,2.0,9,2024-04-20 05:00:00,316208,31620,0.1098,319088,2024-04-21 05:00:00,Time_288,-1.1748633879781416,1345.166237385442,12.5,0.002,168.14577967318024,168.14577967318024,168.14577967318024,0.0,5.684341886080802e-14,1345.166237385442,-1.9754832038105867,0.3362915593463605,-2.311774763156947,1345.166237385442,1342.854462622285,34.28544626222849,1345.166237385442,0.171857923497273,ACTIVE,True
534,short,26,3.5,1.0,1,2024-04-20 09:10:00,316700,31670,0.4873,319580,2024-04-21 09:10:00,SL,-1.0,1345.166237385442,12.5,0.002,168.14577967318024,168.14577967318024,168.14577967318024,168.14577967318024,0.0,1177.0204577122618,-1.6814577967318025,0.3362915593463605,-2.017749356078163,1342.854462622285,1340.8367132662067,34.08367132662067,1345.166237385442,0.32185792349727455,ACTIVE,True
535,short,73,3.5,1.0,7,2024-04-21 02:20:00,318766,31876,3165.4,321646,2024-04-22 02:20:00,SL,-1.0,1345.166237385442,12.5,0.002,168.14577967318024,168.14577967318024,168.14577967318024,336.2915593463605,0.0,1008.8746780390815,-1.6814577967318025,0.3362915593463605,-2.017749356078163,1340.8367132662067,1338.8189639101286,33.881896391012866,1345.166237385442,0.4718579234972761,ACTIVE,True
536,short,38,2.0,1.5,4,2024-04-21 15:15:00,320313,32031,65121.84,323193,2024-04-22 15:15:00,SL,-1.5,1340.8367132662067,12.5,0.002,167.60458915827584,167.60458915827584,167.60458915827584,168.14577967318024,0.0,1172.6909335930266,-2.5140688373741376,0.33520917831655167,-2.849278015690689,1338.8189639101286,1335.9696858944378,33.59696858944379,1345.166237385442,0.6836739754098484,ACTIVE,True
537,short,38,2.0,1.5,10,2024-04-21 18:30:00,320709,32070,0.5234,323589,2024-04-22 18:30:00,SL,-1.5,1340.8367132662067,12.5,0.002,167.60458915827584,167.60458915827584,167.60458915827584,335.75036883145606,0.0,1005.0863444347507,-2.5140688373741376,0.33520917831655167,-2.849278015690689,1335.9696858944378,1333.120407878747,33.31204078787471,1345.166237385442,0.8954900273224207,ACTIVE,True
538,short,85,2.0,1.0,5,2024-04-22 00:35:00,321434,32143,0.15818,324314,2024-04-23 00:35:00,SL,-1.0,1340.8367132662067,12.5,0.002,167.60458915827584,167.60458915827584,167.60458915827584,503.35495798973193,0.0,837.4817552764748,-1.6760458915827585,0.33520917831655167,-2.01125506989931,1333.120407878747,1331.1091528088477,33.11091528088477,1345.166237385442,1.0450072404371766,ACTIVE,True
539,short,87,3.0,2.0,10,2024-04-22 05:40:00,322049,32204,0.5369,324929,2024-04-23 05:40:00,SL,-2.0,1338.8189639101286,12.5,0.002,167.35237048876607,167.35237048876607,167.35237048876607,502.81376747482756,167.60458915827584,836.0051964353011,-3.3470474097753216,0.33470474097753217,-3.6817521507528537,1331.1091528088477,1327.427400658095,32.742740065809485,1345.166237385442,1.318709631147555,ACTIVE,True
540,short,85,2.0,1.0,2,2024-04-22 16:35:00,323351,32335,38.85,326231,2024-04-23 16:35:00,SL,-1.0,1335.9696858944378,12.5,0.002,166.99621073680473,166.99621073680473,166.99621073680473,502.5615488053178,0.0,833.40813708912,-1.6699621073680473,0.33399242147360947,-2.003954528841657,1327.427400658095,1325.4234461292533,32.54234461292533,1345.166237385442,1.4676841201844384,ACTIVE,True
541,short,74,2.5,1.75,10,2024-04-22 21:55:00,323999,32399,0.5589,326879,2024-04-23 21:55:00,TP,2.5,1333.120407878747,12.5,0.002,166.64005098484338,166.64005098484338,166.64005098484338,501.95317038384667,167.35237048876607,831.1672374949004,4.166001274621085,0.33328010196968677,3.832721172651398,1325.4234461292533,1329.2561673019047,32.92561673019048,1345.166237385442,1.182758654012989,ACTIVE,True
542,short,85,2.0,1.0,2,2024-04-23 13:20:00,325841,32584,38.19,328721,2024-04-24 13:20:00,SL,-1.0,1327.427400658095,12.5,0.002,165.92842508226187,165.92842508226187,165.92842508226187,333.6362617216481,166.99621073680473,993.7911389364468,-1.6592842508226187,0.33185685016452376,-1.9911411009871425,1329.2561673019047,1327.2650262009176,32.72650262009176,1345.166237385442,1.330780589566263,ACTIVE,True
543,short,8,2.5,1.25,2,2024-04-23 20:45:00,326731,32673,38.52,329611,2024-04-24 20:45:00,SL,-1.25,1325.4234461292533,12.5,0.002,165.67793076615666,165.67793076615666,165.67793076615666,332.5684760671053,165.92842508226184,992.854970062148,-2.0709741345769586,0.33135586153231333,-2.402329996109272,1327.2650262009176,1324.8626962048083,32.48626962048085,1345.166237385442,1.5093704120984308,ACTIVE,True
544,short,8,2.5,1.25,2,2024-04-23 20:55:00,326751,32675,38.55,329631,2024-04-24 20:55:00,SL,-1.25,1325.4234461292533,12.5,0.002,165.67793076615666,165.67793076615666,165.67793076615666,498.246406833262,331.6063558484185,827.1770392959913,-2.0709741345769586,0.33135586153231333,-2.402329996109272,1324.8626962048083,1322.460366208699,32.24603662086991,1345.166237385442,1.6879602346305989,ACTIVE,True
545,short,4,2.0,1.5,4,2024-04-23 21:25:00,326813,32681,66441.51,329693,2024-04-24 21:25:00,TP,2.0,1325.4234461292533,12.5,0.002,165.67793076615666,165.67793076615666,165.67793076615666,663.9243375994187,0.0,661.4991085298346,3.3135586153231333,0.33135586153231333,2.98220275379082,1322.460366208699,1325.4425689624898,32.54425689624898,1345.166237385442,1.4662625239010214,ACTIVE,True
546,short,4,2.0,1.5,4,2024-04-23 21:45:00,326853,32685,66339.2,329733,2024-04-24 21:45:00,TP,2.0,1325.4234461292533,12.5,0.002,165.67793076615666,165.67793076615666,165.67793076615666,829.6022683655754,165.67793076615666,495.82117776367795,3.3135586153231333,0.33135586153231333,2.98220275379082,1325.4425689624898,1328.4247717162805,32.84247717162805,1345.166237385442,1.2445648131714442,ACTIVE,True
547,short,9,2.5,1.5,2,2024-04-23 21:50:00,326861,32686,38.39,329741,2024-04-24 21:50:00,SL,-1.5,1325.4234461292533,12.5,0.002,165.67793076615666,165.67793076615666,165.67793076615666,995.280199131732,497.2842866145752,330.14324699752126,-2.48516896149235,0.33135586153231333,-2.8165248230246633,1328.4247717162805,1325.608246893256,32.5608246893256,1345.166237385442,1.453945984416045,ACTIVE,True
548,short,94,3.5,1.0,4,2024-04-23 21:50:00,326863,32686,66258.86,329743,2024-04-24 21:50:00,SL,-1.0,1325.4234461292533,12.5,0.002,165.67793076615666,164.46531623136457,164.46531623136457,1160.9581298978887,331.3558615323133,164.46531623136457,-1.6446531623136458,0.32893063246272913,-1.973583794776375,1325.608246893256,1323.6346630984795,32.363466309847944,1345.166237385442,1.6006627053629259,ACTIVE,True
549,short,98,2.5,1.0,1,2024-04-24 02:05:00,327370,32737,0.5034,330250,2024-04-25 02:05:00,SL,-1.0,1329.2561673019047,12.5,0.002,166.1570209127381,166.1570209127381,166.1570209127381,1158.78339514441,0.0,170.47277215749477,-1.661570209127381,0.3323140418254762,-1.9938842509528572,1323.6346630984795,1321.6407788475267,32.164077884752665,1345.166237385442,1.7488885673818992,ACTIVE,True
550,short,28,1.5,2.0,6,2024-04-24 02:45:00,327455,32745,7.268,330335,2024-04-25 02:45:00,SL,-2.0,1329.2561673019047,12.5,0.002,166.1570209127381,4.3157512447567115,4.3157512447567115,1324.940416057148,0.0,4.3157512447567115,-0.08631502489513423,0.008631502489513424,-0.09494652738464766,1321.6407788475267,1321.5458323201422,32.15458323201421,1345.166237385442,1.755946916361062,ACTIVE,True
551,short,60,2.0,1.0,6,2024-04-24 13:35:00,328755,32875,7.293,331635,2024-04-25 13:35:00,TP,2.0,1327.2650262009176,12.5,0.002,165.9081282751147,163.93728398127473,163.93728398127473,1163.327742219643,4.3157512447567115,163.93728398127473,3.278745679625495,0.3278745679625495,2.9508711116629454,1321.5458323201422,1324.4967034318051,32.449670343180514,1345.166237385442,1.5365784078710996,ACTIVE,True
552,short,67,2.0,1.25,7,2024-04-25 00:05:00,330016,33001,3145.21,332896,2024-04-26 00:05:00,TP,2.0,1323.6346630984795,12.5,0.002,165.45433288730993,165.45433288730993,165.45433288730993,334.41005613876973,0.0,989.2246069597097,3.3090866577461986,0.33090866577461986,2.9781779919715787,1324.4967034318051,1327.4748814237767,32.74748814237767,1345.166237385442,1.3151798989581716,ACTIVE,True
553,short,76,3.5,1.0,2,2024-04-26 23:35:00,335711,33571,34.4,338591,2024-04-27 23:35:00,TP,3.5,1327.4748814237767,12.5,0.002,165.93436017797208,165.93436017797208,165.93436017797208,1.7053025658242404e-13,5.684341886080802e-14,1327.4748814237764,5.807702606229023,0.33186872035594417,5.4758338858730795,1327.4748814237767,1332.9507153096497,33.29507153096496,1345.166237385442,0.9081050160413767,ACTIVE,True
554,short,76,3.5,1.0,2,2024-04-26 23:50:00,335741,33574,34.41,338621,2024-04-27 23:50:00,TP,3.5,1327.4748814237767,12.5,0.002,165.93436017797208,165.93436017797208,165.93436017797208,165.93436017797225,165.93436017797214,1161.5405212458045,5.807702606229023,0.33186872035594417,5.4758338858730795,1332.9507153096497,1338.4265491955227,33.842654919552274,1345.166237385442,0.5010301331245817,ACTIVE,True
555,short,76,3.5,1.0,2,2024-04-26 23:55:00,335751,33575,34.43,338631,2024-04-27 23:55:00,TP,3.5,1327.4748814237767,12.5,0.002,165.93436017797208,165.93436017797208,165.93436017797208,331.86872035594433,331.8687203559442,995.6061610678323,5.807702606229023,0.33186872035594417,5.4758338858730795,1338.4265491955227,1343.9023830813958,34.39023830813959,1345.166237385442,0.09395525020778675,ACTIVE,True
556,short,7,3.0,1.75,2,2024-04-27 00:10:00,335781,33578,34.62,338661,2024-04-28 00:10:00,TP,3.0,1327.4748814237767,12.5,0.002,165.93436017797208,165.93436017797208,165.93436017797208,497.8030805339164,497.8030805339163,829.6718008898603,4.978030805339162,0.33186872035594417,4.646162084983218,1343.9023830813958,1348.548545166379,34.8548545166379,1348.548545166379,0.0,ACTIVE,True
557,short,19,3.5,1.25,8,2024-04-27 02:15:00,336037,33603,136.45,338917,2024-04-28 02:15:00,SL,-1.25,1327.4748814237767,12.5,0.002,165.93436017797208,165.93436017797208,165.93436017797208,663.7374407118884,2.842170943040401e-14,663.7374407118882,-2.074179502224651,0.33186872035594417,-2.4060482225805955,1348.548545166379,1346.1424969437983,34.61424969437983,1348.548545166379,0.17841762027809271,ACTIVE,True
558,short,67,2.0,1.25,1,2024-04-27 02:30:00,336060,33606,0.4591,338940,2024-04-28 02:30:00,SL,-1.25,1327.4748814237767,12.5,0.002,165.93436017797208,165.93436017797208,165.93436017797208,829.6718008898605,0.0,497.80308053391616,-2.074179502224651,0.33186872035594417,-2.4060482225805955,1346.1424969437983,1343.7364487212176,34.37364487212176,1348.548545166379,0.35683524055618543,ACTIVE,True
559,short,38,2.0,1.5,4,2024-04-27 06:20:00,336523,33652,62968.19,339403,2024-04-28 06:20:00,SL,-1.5,1327.4748814237767,12.5,0.002,165.93436017797208,165.93436017797208,165.93436017797208,995.6061610678325,2.842170943040401e-14,331.8687203559441,-2.489015402669581,0.33186872035594417,-2.8208841230255253,1343.7364487212176,1340.915564598192,34.0915564598192,1348.548545166379,0.5660145195029049,ACTIVE,True
560,short,1,3.5,2.0,2,2024-04-28 23:05:00,341411,34141,34.06,344291,2024-04-29 23:05:00,TP,3.5,1340.915564598192,12.5,0.002,167.614445574774,167.614445574774,167.614445574774,2.8421709430404007e-13,5.684341886080802e-14,1340.9155645981918,5.866505595117091,0.335228891149548,5.531276703967543,1340.915564598192,1346.4468413021596,34.64468413021595,1348.548545166379,0.15584932939585916,ACTIVE,True
561,short,1,3.5,2.0,2,2024-04-28 23:10:00,341421,34142,33.99,344301,2024-04-29 23:10:00,SL,-2.0,1340.915564598192,12.5,0.002,167.614445574774,167.614445574774,167.614445574774,167.6144455747743,167.61444557477407,1173.3011190234179,-3.35228891149548,0.335228891149548,-3.6875178026450284,1346.4468413021596,1342.7593234995145,34.275932349951454,1348.548545166379,0.4292927894672286,ACTIVE,True
562,short,66,3.5,1.0,8,2024-04-28 23:10:00,341427,34142,138.45,344307,2024-04-29 23:10:00,TP,3.5,1340.915564598192,12.5,0.002,167.614445574774,167.614445574774,167.614445574774,335.2288911495483,2.842170943040401e-14,1005.6866734486438,5.866505595117091,0.335228891149548,5.531276703967543,1342.7593234995145,1348.290600203482,34.8290600203482,1348.548545166379,0.019127599360182865,ACTIVE,True
563,short,1,3.5,2.0,2,2024-04-28 23:15:00,341431,34143,33.89,344311,2024-04-29 23:15:00,SL,-2.0,1340.915564598192,12.5,0.002,167.614445574774,167.614445574774,167.614445574774,502.8433367243223,335.2288911495481,838.0722278738698,-3.35228891149548,0.335228891149548,-3.6875178026450284,1348.290600203482,1344.603082400837,34.460308240083684,1348.548545166379,0.2925710594315523,ACTIVE,True
564,short,5,2.5,1.0,6,2024-04-28 23:15:00,341435,34143,6.72,344315,2024-04-29 23:15:00,SL,-1.0,1340.915564598192,12.5,0.002,167.614445574774,167.614445574774,167.614445574774,670.4577822990963,0.0,670.4577822990958,-1.67614445574774,0.335228891149548,-2.011373346897288,1344.603082400837,1342.5917090539397,34.259170905393965,1348.548545166379,0.4417220376522947,ACTIVE,True
565,short,66,3.5,1.0,8,2024-04-28 23:15:00,341437,34143,138.07,344317,2024-04-29 23:15:00,Time_288,-0.06518432679076078,1340.915564598192,12.5,0.002,167.614445574774,167.614445574774,167.614445574774,838.0722278738702,167.61444557477404,502.84333672432183,-0.10925834795198257,0.335228891149548,-0.4444872391015306,1342.5917090539397,1342.147221814838,34.2147221814838,1348.548545166379,0.47468245577700907,ACTIVE,True
566,short,1,3.5,2.0,2,2024-04-28 23:20:00,341441,34144,33.96,344321,2024-04-29 23:20:00,SL,-2.0,1340.915564598192,12.5,0.002,167.614445574774,167.614445574774,167.614445574774,1005.6866734486442,502.84333672432206,335.22889114954785,-3.35228891149548,0.335228891149548,-3.6875178026450284,1342.147221814838,1338.459704012193,33.845970401219304,1348.548545166379,0.7481259158483785,ACTIVE,True
567,short,1,3.5,2.0,8,2024-04-28 23:20:00,341447,34144,138.26,344327,2024-04-29 23:20:00,TP,3.5,1340.915564598192,12.5,0.002,167.614445574774,167.61444557477375,167.61444557477375,1173.3011190234183,335.2288911495481,167.61444557477375,5.866505595117082,0.3352288911495475,5.531276703967534,1338.459704012193,1343.9909807161605,34.39909807161605,1348.548545166379,0.33796072574133273,ACTIVE,True
568,short,8,2.5,1.25,5,2024-04-30 03:45:00,344854,34485,0.14352,347734,2024-05-01 03:45:00,TP,2.5,1343.9909807161605,12.5,0.002,167.99887258952006,167.99887258952006,167.99887258952006,4.263256414560601e-13,0.0,1343.99098071616,4.199971814738002,0.33599774517904013,3.863974069558962,1343.9909807161605,1347.8549547857194,34.785495478571946,1348.548545166379,0.05143236282784101,ACTIVE,True
569,short,16,3.0,1.0,6,2024-04-30 03:45:00,344855,34485,6.574,347735,2024-05-01 03:45:00,TP,3.0,1343.9909807161605,12.5,0.002,167.99887258952006,167.99887258952006,167.99887258952006,167.9988725895205,0.0,1175.99210812664,5.039966177685602,0.33599774517904013,4.703968432506562,1347.8549547857194,1352.558923218226,35.2558923218226,1352.558923218226,0.0,ACTIVE,True
570,short,85,2.0,1.0,2,2024-04-30 07:35:00,345311,34531,34.9,348191,2024-05-01 07:35:00,TP,2.0,1343.9909807161605,12.5,0.002,167.99887258952006,167.99887258952006,167.99887258952006,335.9977451790405,5.684341886080802e-14,1007.99323553712,3.3599774517904013,0.33599774517904013,3.023979706611361,1352.558923218226,1355.5829029248373,35.55829029248374,1355.5829029248373,0.0,ACTIVE,True
571,short,7,3.0,1.75,10,2024-04-30 10:15:00,345639,34563,0.5027,348519,2024-05-01 10:15:00,TP,3.0,1343.9909807161605,12.5,0.002,167.99887258952006,167.99887258952006,167.99887258952006,503.99661776856055,0.0,839.9943629475999,5.039966177685602,0.33599774517904013,4.703968432506562,1355.5829029248373,1360.286871357344,36.028687135734394,1360.286871357344,0.0,ACTIVE,True
572,short,5,2.5,1.0,8,2024-04-30 12:20:00,345887,34588,128.91,348767,2024-05-01 12:20:00,SL,-1.0,1343.9909807161605,12.5,0.002,167.99887258952006,167.99887258952006,167.99887258952006,671.9954903580806,8.526512829121202e-14,671.9954903580799,-1.6799887258952007,0.33599774517904013,-2.015986471074241,1360.286871357344,1358.2708848862696,35.82708848862697,1360.286871357344,0.14820303816228353,ACTIVE,True
573,short,31,2.5,2.0,2,2024-04-30 12:30:00,345901,34590,32.9,348781,2024-05-01 12:30:00,TP,2.5,1343.9909807161605,12.5,0.002,167.99887258952006,167.99887258952006,167.99887258952006,839.9943629476006,167.99887258952012,503.9966177685599,4.199971814738002,0.33599774517904013,3.863974069558962,1358.2708848862696,1362.1348589558286,36.21348589558286,1362.1348589558286,0.0,ACTIVE,True
574,short,64,3.5,2.0,4,2024-04-30 13:15:00,345993,34599,61243.94,348873,2024-05-01 13:15:00,TP,3.5,1343.9909807161605,12.5,0.002,167.99887258952006,167.99887258952006,167.99887258952006,1007.9932355371207,2.842170943040401e-14,335.99774517903984,5.879960540633203,0.33599774517904013,5.543962795454163,1362.1348589558286,1367.6788217512828,36.76788217512828,1367.6788217512828,0.0,ACTIVE,True
575,short,31,2.5,2.0,3,2024-04-30 13:45:00,346052,34605,563.3,348932,2024-05-01 13:45:00,SL,-2.0,1343.9909807161605,12.5,0.002,167.99887258952006,167.9988725895198,167.9988725895198,1175.9921081266407,0.0,167.9988725895198,-3.359977451790396,0.33599774517903963,-3.6959751969694357,1367.6788217512828,1363.9828465543135,36.398284655431354,1367.6788217512828,0.2702370716128178,ACTIVE,True
576,short,12,3.5,1.25,8,2024-05-01 08:55:00,348357,34835,121.24,351237,2024-05-02 08:55:00,SL,-1.25,1355.5829029248373,12.5,0.002,169.44786286560466,169.44786286560466,169.44786286560466,839.9943629476004,167.99887258952015,515.5885399772369,-2.1180982858200585,0.33889572573120935,-2.456994011551268,1363.9828465543135,1361.5258525427623,36.152585254276225,1367.6788217512828,0.4498840744380157,ACTIVE,True
577,short,19,3.5,1.25,3,2024-05-01 09:00:00,348362,34836,549.5,351242,2024-05-02 09:00:00,SL,-1.25,1355.5829029248373,12.5,0.002,169.44786286560466,169.44786286560466,169.44786286560466,1009.442225813205,167.9988725895198,346.1406771116323,-2.1180982858200585,0.33889572573120935,-2.456994011551268,1361.5258525427623,1359.0688585312112,35.90688585312112,1367.6788217512828,0.6295310772632136,ACTIVE,True
578,short,48,3.5,1.5,7,2024-05-01 09:05:00,348376,34837,2885.31,351256,2024-05-02 09:05:00,SL,-1.5,1355.5829029248373,12.5,0.002,169.44786286560466,169.44786286560466,169.44786286560466,1178.8900886788097,0.0,176.69281424602764,-2.5417179429840697,0.33889572573120935,-2.880613668715279,1359.0688585312112,1356.1882448624958,35.61882448624958,1367.6788217512828,0.8401517012651833,ACTIVE,True
579,short,29,3.5,1.0,5,2024-05-01 09:20:00,348404,34840,0.1249,351284,2024-05-02 09:20:00,TP,3.5,1355.5829029248373,12.5,0.002,169.44786286560466,7.24495138042289,7.24495138042289,1348.3379515444144,0.0,7.24495138042289,0.2535732983148012,0.014489902760845781,0.2390833955539554,1356.1882448624958,1356.4273282580498,35.64273282580497,1367.6788217512828,0.8226707406952287,ACTIVE,True
580,short,87,3.0,2.0,6,2024-05-01 13:55:00,348955,34895,6.587,351835,2024-05-02 13:55:00,SL,-2.0,1363.9828465543135,12.5,0.002,170.49785581928919,170.49785581928919,170.49785581928919,515.5885399772374,0.0,848.3943065770761,-3.4099571163857836,0.3409957116385784,-3.750952828024362,1356.4273282580498,1352.6763754300255,35.26763754300255,1367.6788217512828,1.0969275887482897,ACTIVE,True
581,short,5,2.5,1.0,1,2024-05-01 14:00:00,348960,34896,0.4387,351840,2024-05-02 14:00:00,SL,-1.0,1363.9828465543135,12.5,0.002,170.49785581928919,170.49785581928919,170.49785581928919,686.0863957965265,0.0,677.896450757787,-1.7049785581928918,0.3409957116385784,-2.0459742698314702,1352.6763754300255,1350.630401160194,35.063040116019394,1367.6788217512828,1.246522233140873,ACTIVE,True
582,short,5,2.5,1.0,6,2024-05-01 14:00:00,348965,34896,6.602,351845,2024-05-02 14:00:00,SL,-1.0,1363.9828465543135,12.5,0.002,170.49785581928919,170.49785581928919,170.49785581928919,856.5842516158157,170.49785581928919,507.3985949384978,-1.7049785581928918,0.3409957116385784,-2.0459742698314702,1350.630401160194,1348.5844268903625,34.85844268903624,1367.6788217512828,1.3961168775334563,ACTIVE,True
583,short,5,2.5,1.0,1,2024-05-01 14:05:00,348970,34897,0.438,351850,2024-05-02 14:05:00,SL,-1.0,1363.9828465543135,12.5,0.002,170.49785581928919,170.49785581928919,170.49785581928919,1027.082107435105,170.49785581928919,336.90073911920854,-1.7049785581928918,0.3409957116385784,-2.0459742698314702,1348.5844268903625,1346.538452620531,34.65384526205311,1367.6788217512828,1.5457115219260396,ACTIVE,True
584,short,5,2.5,1.0,3,2024-05-01 14:05:00,348972,34897,549.2,351852,2024-05-02 14:05:00,SL,-1.0,1363.9828465543135,12.5,0.002,170.49785581928919,166.40288329991927,166.40288329991927,1197.5799632543942,169.44786286560463,166.40288329991927,-1.6640288329991928,0.3328057665998385,-1.9968345995990313,1346.538452620531,1344.541618020932,34.454161802093196,1367.6788217512828,1.6917132416164902,ACTIVE,True
585,short,9,2.5,1.5,1,2024-05-03 07:05:00,353890,35389,0.4526,356770,2024-05-04 07:05:00,SL,-1.5,1344.541618020932,12.5,0.002,168.0677022526165,168.0677022526165,168.0677022526165,5.400124791776761e-13,0.0,1344.5416180209315,-2.5210155337892473,0.336135404505233,-2.85715093829448,1344.541618020932,1341.6844670826374,34.16844670826373,1367.6788217512828,1.9006183509780628,ACTIVE,True
586,short,87,3.0,2.0,10,2024-05-03 14:15:00,354759,35475,0.523,357639,2024-05-04 14:15:00,SL,-2.0,1344.541618020932,12.5,0.002,168.0677022526165,168.0677022526165,168.0677022526165,168.06770225261704,0.0,1176.473915768315,-3.3613540450523303,0.336135404505233,-3.697489449557563,1341.6844670826374,1337.98697763308,33.79869776330799,1367.6788217512828,2.170966139563609,ACTIVE,True
587,short,74,2.5,1.75,2,2024-05-03 14:30:00,354781,35478,34.71,357661,2024-05-04 14:30:00,SL,-1.75,1344.541618020932,12.5,0.002,168.0677022526165,168.0677022526165,168.0677022526165,336.1354045052335,5.684341886080802e-14,1008.4062135156985,-2.941184789420789,0.336135404505233,-3.277320193926022,1337.98697763308,1334.709657439154,33.47096574391539,1367.6788217512828,2.4105925885371686,ACTIVE,True
588,short,87,3.0,2.0,1,2024-05-03 15:30:00,354900,35490,0.4652,357780,2024-05-04 15:30:00,SL,-2.0,1344.541618020932,12.5,0.002,168.0677022526165,168.0677022526165,168.0677022526165,504.20310675785004,168.0677022526165,840.338511263082,-3.3613540450523303,0.336135404505233,-3.697489449557563,1334.709657439154,1331.0121679895965,33.101216798959655,1367.6788217512828,2.680940377122715,ACTIVE,True
589,short,52,2.5,2.0,9,2024-05-04 01:30:00,356108,35610,0.12255,358988,2024-05-05 01:30:00,Time_288,0.8812729498164109,1344.541618020932,12.5,0.002,168.0677022526165,168.0677022526165,168.0677022526165,672.2708090104666,5.684341886080802e-14,672.2708090104654,1.481135197330296,0.336135404505233,1.144999792825063,1331.0121679895965,1332.1571677824215,33.215716778242154,1367.6788217512828,2.5972219064836146,ACTIVE,True
590,short,29,3.5,1.0,3,2024-05-04 23:10:00,358702,35870,585.5,361582,2024-05-05 23:10:00,SL,-1.0,1331.0121679895965,12.5,0.002,166.37652099869956,166.37652099869956,166.37652099869956,168.067702252617,0.0,1162.9444657369795,-1.6637652099869957,0.33275304199739913,-1.996518251984395,1332.1571677824215,1330.1606495304372,33.016064953043724,1367.6788217512828,2.743200495917923,ACTIVE,True
591,short,39,3.5,1.75,3,2024-05-04 23:30:00,358742,35874,586.6,361622,2024-05-05 23:30:00,Time_288,-0.9717013296965447,1331.0121679895965,12.5,0.002,166.37652099869956,166.37652099869956,166.37652099869956,334.44422325131654,166.37652099869956,996.56794473828,-1.6166828668472146,0.33275304199739913,-1.9494359088446138,1330.1606495304372,1328.2112136215926,32.82112136215927,1367.6788217512828,2.885736585374103,ACTIVE,True
592,short,73,3.5,1.0,6,2024-05-05 16:15:00,360755,36075,7.309,363635,2024-05-06 16:15:00,SL,-1.0,1332.1571677824215,12.5,0.002,166.5196459728027,166.5196459728027,166.5196459728027,332.7530419973996,0.0,999.404125785022,-1.6651964597280269,0.3330392919456054,-1.9982357516736322,1328.2112136215926,1326.212977869919,32.621297786991896,1367.6788217512828,3.0318407525143694,ACTIVE,True
593,short,73,3.5,1.0,6,2024-05-05 16:20:00,360765,36076,7.318,363645,2024-05-06 16:20:00,SL,-1.0,1332.1571677824215,12.5,0.002,166.5196459728027,166.5196459728027,166.5196459728027,499.27268797020224,166.5196459728027,832.8844798122193,-1.6651964597280269,0.3330392919456054,-1.9982357516736322,1326.212977869919,1324.2147421182456,32.42147421182455,1367.6788217512828,3.1779449196546357,ACTIVE,True
594,short,73,3.5,1.0,6,2024-05-05 16:30:00,360785,36078,7.272,363665,2024-05-06 16:30:00,SL,-1.0,1332.1571677824215,12.5,0.002,166.5196459728027,166.5196459728027,166.5196459728027,665.7923339430049,333.0392919456054,666.3648338394166,-1.6651964597280269,0.3330392919456054,-1.9982357516736322,1324.2147421182456,1322.216506366572,32.22165063665721,1367.6788217512828,3.3240490867949015,ACTIVE,True
595,short,52,2.5,2.0,9,2024-05-06 13:50:00,363348,36334,0.11928,366228,2024-05-07 13:50:00,Time_288,-0.7964453386988652,1328.2112136215926,12.5,0.002,166.02640170269908,166.02640170269908,166.02640170269908,499.55893791840845,5.684341886080802e-14,828.6522757031842,-1.3223095373706002,0.33205280340539817,-1.6543623407759984,1322.216506366572,1320.562144025796,32.0562144025796,1367.6788217512828,3.445010405670754,ACTIVE,True
596,short,52,2.5,2.0,9,2024-05-06 13:55:00,363358,36335,0.11929,366238,2024-05-07 13:55:00,Time_288,-0.7376980467767673,1328.2112136215926,12.5,0.002,166.02640170269908,166.02640170269908,166.02640170269908,665.5853396211076,166.02640170269913,662.625874000485,-1.2247735224945606,0.33205280340539817,-1.5568263258999588,1320.562144025796,1319.005317699896,31.900531769989616,1367.6788217512828,3.558840224568325,ACTIVE,True
597,short,52,2.5,2.0,9,2024-05-06 14:00:00,363368,36336,0.11918,366248,2024-05-07 14:00:00,Time_288,-0.8306762879677838,1328.2112136215926,12.5,0.002,166.02640170269908,166.02640170269908,166.02640170269908,831.6117413238067,332.0528034053982,496.59947229778595,-1.379141950710462,0.33205280340539817,-1.7111947541158603,1319.005317699896,1317.2941229457801,31.72941229457802,1367.6788217512828,3.6839569352244697,ACTIVE,True
598,short,33,2.0,1.0,7,2024-05-06 14:20:00,363406,36340,3114.61,366286,2024-05-07 14:20:00,TP,2.0,1328.2112136215926,12.5,0.002,166.02640170269908,166.02640170269908,166.02640170269908,997.6381430265058,0.0,330.57307059508685,3.320528034053982,0.33205280340539817,2.9884752306485836,1317.2941229457801,1320.2825981764288,32.028259817642876,1367.6788217512828,3.465449842541556,ACTIVE,True
599,short,9,2.5,1.5,1,2024-05-06 14:35:00,363430,36343,0.4598,366310,2024-05-07 14:35:00,TP,2.5,1328.2112136215926,12.5,0.002,166.02640170269908,164.54666889238774,164.54666889238774,1163.6645447292049,0.0,164.54666889238774,4.113666722309694,0.3290933377847755,3.7845733845249185,1320.2825981764288,1324.0671715609537,32.406717156095375,1367.6788217512828,3.1887347743299364,ACTIVE,True
600,short,29,3.5,1.0,7,2024-05-06 16:30:00,363666,36366,3081.45,366546,2024-05-07 16:30:00,SL,-1.0,1322.216506366572,12.5,0.002,165.2770632958215,165.2770632958215,165.2770632958215,828.6522757031846,166.02640170269908,493.56423066338743,-1.652770632958215,0.330554126591643,-1.983324759549858,1324.0671715609537,1322.083846801404,32.2083846801404,1367.6788217512828,3.333748700699737,ACTIVE,True
601,short,9,2.5,1.5,5,2024-05-06 16:35:00,363674,36367,0.15746,366554,2024-05-07 16:35:00,TP,2.5,1322.216506366572,12.5,0.002,165.2770632958215,165.2770632958215,165.2770632958215,993.9293389990062,0.0,328.28716736756587,4.131926582395538,0.330554126591643,3.801372455803895,1322.083846801404,1325.8852192572078,32.58852192572079,1367.6788217512828,3.055805341824275,ACTIVE,True
602,short,9,2.5,1.5,6,2024-05-06 16:40:00,363685,36368,7.138,366565,2024-05-07 16:40:00,SL,-1.5,1322.216506366572,12.5,0.002,165.2770632958215,163.0101040717443,163.0101040717443,1159.2064022948277,5.684341886080802e-14,163.0101040717443,-2.4451515610761647,0.32602020814348864,-2.771171769219653,1325.8852192572078,1323.1140474879883,32.311404748798836,1367.6788217512828,3.2584239482651602,ACTIVE,True
603,short,38,2.0,1.5,10,2024-05-07 13:55:00,366239,36623,0.5366,369119,2024-05-08 13:55:00,TP,2.0,1319.005317699896,12.5,0.002,164.875664712487,164.875664712487,164.875664712487,990.1637029611738,0.0,328.8416147387222,3.29751329424974,0.32975132942497404,2.967761964824766,1323.1140474879883,1326.081809452813,32.608180945281305,1367.6788217512828,3.0414313387704337,ACTIVE,True
604,short,1,3.5,2.0,8,2024-05-07 18:35:00,366797,36679,150.89,369677,2024-05-08 18:35:00,TP,3.5,1323.1140474879883,12.5,0.002,165.38925593599853,165.38925593599853,165.38925593599853,164.8756647124875,5.684341886080802e-14,1158.2383827755007,5.788623957759949,0.3307785118719971,5.457845445887952,1326.081809452813,1331.539654898701,33.15396548987011,1367.6788217512828,2.6423723375570334,ACTIVE,True
605,short,1,3.5,2.0,2,2024-05-07 18:40:00,366801,36680,36.23,369681,2024-05-08 18:40:00,TP,3.5,1323.1140474879883,12.5,0.002,165.38925593599853,165.38925593599853,165.38925593599853,330.26492064848605,5.684341886080802e-14,992.8491268395022,5.788623957759949,0.3307785118719971,5.457845445887952,1331.539654898701,1336.9975003445888,33.69975003445889,1367.6788217512828,2.2433133363436335,ACTIVE,True
606,short,29,3.5,1.0,5,2024-05-07 19:55:00,366954,36695,0.15348,369834,2024-05-08 19:55:00,TP,3.5,1323.1140474879883,12.5,0.002,165.38925593599853,165.38925593599853,165.38925593599853,495.6541765844846,0.0,827.4598709035037,5.788623957759949,0.3307785118719971,5.457845445887952,1336.9975003445888,1342.4553457904767,34.245534579047664,1367.6788217512828,1.844254335130233,ACTIVE,True
607,short,19,3.5,1.25,8,2024-05-07 20:05:00,366977,36697,151.78,369857,2024-05-08 20:05:00,TP,3.5,1323.1140474879883,12.5,0.002,165.38925593599853,165.38925593599853,165.38925593599853,661.0434325204832,165.3892559359986,662.0706149675051,5.788623957759949,0.3307785118719971,5.457845445887952,1342.4553457904767,1347.9131912363646,34.79131912363647,1367.6788217512828,1.4451953339168329,ACTIVE,True
608,short,4,2.0,1.5,2,2024-05-07 20:15:00,366991,36699,36.31,369871,2024-05-08 20:15:00,TP,2.0,1323.1140474879883,12.5,0.002,165.38925593599853,165.38925593599853,165.38925593599853,826.4326884564817,165.3892559359986,496.68135903150653,3.3077851187199707,0.3307785118719971,2.9770066068479735,1347.9131912363646,1350.8901978432125,35.08901978432124,1367.6788217512828,1.2275267878004343,ACTIVE,True
609,short,66,3.5,1.0,9,2024-05-07 20:35:00,367038,36703,0.121,369918,2024-05-08 20:35:00,SL,-1.0,1323.1140474879883,12.5,0.002,165.38925593599853,165.38925593599853,165.38925593599853,991.8219443924803,5.684341886080802e-14,331.29210309550797,-1.6538925593599854,0.3307785118719971,-1.9846710712319824,1350.8901978432125,1348.9055267719805,34.89055267719805,1367.6788217512828,1.372639151878039,ACTIVE,True
610,short,66,3.5,1.0,9,2024-05-07 20:40:00,367048,36704,0.12107,369928,2024-05-08 20:40:00,SL,-1.0,1323.1140474879883,12.5,0.002,165.38925593599853,165.38925593599853,165.38925593599853,1157.2112003284788,165.3892559359986,165.90284715950952,-1.6538925593599854,0.3307785118719971,-1.9846710712319824,1348.9055267719805,1346.9208557007485,34.69208557007484,1367.6788217512828,1.5177515159556434,ACTIVE,True
611,short,19,3.5,1.25,8,2024-05-08 21:40:00,370047,37004,141.93,372927,2024-05-09 21:40:00,SL,-1.25,1346.9208557007485,12.5,0.002,168.36510696259356,168.36510696259356,168.36510696259356,5.115907697472721e-13,5.684341886080802e-14,1346.920855700748,-2.1045638370324196,0.33673021392518715,-2.4412940509576067,1346.9208557007485,1344.4795616497909,34.44795616497909,1367.6788217512828,1.696250591332973,ACTIVE,True
612,short,29,3.5,1.0,2,2024-05-08 21:50:00,370061,37006,33.88,372941,2024-05-09 21:50:00,SL,-1.0,1346.9208557007485,12.5,0.002,168.36510696259356,168.36510696259356,168.36510696259356,168.36510696259407,5.684341886080802e-14,1178.5557487381543,-1.6836510696259357,0.33673021392518715,-2.020381283551123,1344.4795616497909,1342.4591803662397,34.245918036623976,1367.6788217512828,1.843973964059042,ACTIVE,True
613,short,74,2.5,1.75,1,2024-05-09 02:30:00,370620,37062,0.4635,373500,2024-05-10 02:30:00,TP,2.5,1346.9208557007485,12.5,0.002,168.36510696259356,168.36510696259356,168.36510696259356,336.7302139251876,0.0,1010.1906417755608,4.209127674064839,0.33673021392518715,3.872397460139652,1342.4591803662397,1346.3315778263793,34.63315778263794,1367.6788217512828,1.560837499667418,ACTIVE,True
614,short,37,2.5,1.5,3,2024-05-09 04:10:00,370822,37082,597.1,373702,2024-05-10 04:10:00,Time_288,0.7033997655334191,1346.9208557007485,12.5,0.002,168.36510696259356,168.36510696259356,168.36510696259356,505.0953208877812,0.0,841.8255348129672,1.1842797676149732,0.33673021392518715,0.8475495536897861,1346.3315778263793,1347.179127380069,34.71791273800691,1367.6788217512828,1.49886757367233,ACTIVE,True
615,short,37,2.5,1.5,3,2024-05-09 04:15:00,370832,37083,596.1,373712,2024-05-10 04:15:00,SL,-1.5,1346.9208557007485,12.5,0.002,168.36510696259356,168.36510696259356,168.36510696259356,673.4604278503748,168.36510696259356,673.4604278503737,-2.525476604438903,0.33673021392518715,-2.8622068183640903,1347.179127380069,1344.316920561705,34.43169205617052,1367.6788217512828,1.7081423517009198,ACTIVE,True
616,short,1,3.5,2.0,6,2024-05-09 07:55:00,371275,37127,6.924,374155,2024-05-10 07:55:00,SL,-2.0,1346.9208557007485,12.5,0.002,168.36510696259356,168.36510696259356,168.36510696259356,841.8255348129684,5.684341886080802e-14,505.0953208877801,-3.3673021392518714,0.33673021392518715,-3.7040323531770585,1344.316920561705,1340.612888208528,34.061288820852795,1367.6788217512828,1.9789685350320467,ACTIVE,True
617,short,7,3.0,1.75,9,2024-05-10 11:45:00,374618,37461,0.12491,377498,2024-05-11 11:45:00,SL,-1.75,1340.612888208528,12.5,0.002,167.576611026066,167.576611026066,167.576611026066,5.115907697472721e-13,5.684341886080802e-14,1340.6128882085275,-2.932590692956155,0.335153222052132,-3.2677439150082868,1340.612888208528,1337.3451442935195,33.73451442935196,1367.6788217512828,2.2178947992279143,ACTIVE,True
618,short,62,3.5,1.75,2,2024-05-10 16:15:00,375151,37515,34.64,378031,2024-05-11 16:15:00,TP,3.5,1340.612888208528,12.5,0.002,167.576611026066,167.576611026066,167.576611026066,167.5766110260665,5.684341886080802e-14,1173.0362771824614,5.86518138591231,0.335153222052132,5.530028163860178,1337.3451442935195,1342.8751724573797,34.28751724573797,1367.6788217512828,1.8135580444349233,ACTIVE,True
619,short,29,3.5,1.0,5,2024-05-10 16:20:00,375164,37516,0.14525,378044,2024-05-11 16:20:00,Time_288,0.15834767641995198,1340.612888208528,12.5,0.002,167.576611026066,167.576611026066,167.576611026066,335.1532220521325,0.0,1005.4596661563954,0.26535366978307656,0.335153222052132,-0.06979955226905543,1342.8751724573797,1342.8053729051105,34.28053729051106,1367.6788217512828,1.8186615490852167,ACTIVE,True
620,short,36,3.0,2.0,8,2024-05-10 16:20:00,375167,37516,147.91,378047,2024-05-11 16:20:00,TP,3.0,1340.612888208528,12.5,0.002,167.576611026066,167.576611026066,167.576611026066,502.72983307819845,5.684341886080802e-14,837.8830551303295,5.02729833078198,0.335153222052132,4.692145108729847,1342.8053729051105,1347.4975180138404,34.74975180138404,1367.6788217512828,1.475587938957829,ACTIVE,True
621,short,7,3.0,1.75,2,2024-05-10 16:25:00,375171,37517,34.43,378051,2024-05-11 16:25:00,TP,3.0,1340.612888208528,12.5,0.002,167.576611026066,167.576611026066,167.576611026066,670.3064441042644,167.57661102606605,670.3064441042635,5.02729833078198,0.335153222052132,4.692145108729847,1347.4975180138404,1352.1896631225702,35.218966312257024,1367.6788217512828,1.1325143288304413,ACTIVE,True
622,short,12,3.5,1.25,4,2024-05-10 17:00:00,375243,37524,60922.19,378123,2024-05-11 17:00:00,Time_288,-0.4297448926245062,1340.612888208528,12.5,0.002,167.576611026066,167.576611026066,167.576611026066,837.8830551303304,2.842170943040401e-14,502.72983307819754,-0.7201519271177538,0.335153222052132,-1.0553051491698857,1352.1896631225702,1351.1343579734003,35.11343579734003,1367.6788217512828,1.2096746337490083,ACTIVE,True
623,short,38,2.0,1.5,1,2024-05-10 18:15:00,375390,37539,0.4459,378270,2024-05-11 18:15:00,Time_288,1.1886073110562965,1340.612888208528,12.5,0.002,167.576611026066,167.576611026066,167.576611026066,1005.4596661563963,0.0,335.1532220521316,1.9918278502761924,0.335153222052132,1.6566746282240603,1351.1343579734003,1352.7910326016242,35.279103260162415,1367.6788217512828,1.0885442483195809,ACTIVE,True
624,short,12,3.5,1.25,7,2024-05-10 18:40:00,375446,37544,2904.8,378326,2024-05-11 18:40:00,SL,-1.25,1340.612888208528,12.5,0.002,167.576611026066,167.57661102606562,167.57661102606562,1173.0362771824623,0.0,167.57661102606562,-2.0947076378258203,0.33515322205213127,-2.4298608598779516,1352.7910326016242,1350.3611717417464,35.03611717417463,1367.6788217512828,1.2662073678498282,ACTIVE,True
625,short,8,2.5,1.25,7,2024-05-11 12:55:00,377636,37763,2900.2,380516,2024-05-12 12:55:00,SL,-1.25,1337.3451442935195,12.5,0.002,167.16814303668994,164.30886711105768,164.30886711105768,1173.0362771824618,167.57661102606562,164.30886711105768,-2.053860838888221,0.3286177342221154,-2.3824785731103364,1350.3611717417464,1347.978693168636,34.7978693168636,1367.6788217512828,1.4404060565492436,ACTIVE,True
626,short,36,3.0,2.0,8,2024-05-12 08:55:00,380037,38003,144.98,382917,2024-05-13 08:55:00,TP,3.0,1350.3611717417464,12.5,0.002,168.7951464677183,168.7951464677183,168.7951464677183,164.30886711105802,5.684341886080802e-14,1186.0523046306885,5.063854394031549,0.3375902929354366,4.726264101096112,1347.978693168636,1352.7049572697322,35.27049572697323,1367.6788217512828,1.0948377823367152,ACTIVE,True
627,short,4,2.0,1.5,8,2024-05-12 09:05:00,380057,38005,144.79,382937,2024-05-13 09:05:00,TP,2.0,1350.3611717417464,12.5,0.002,168.7951464677183,168.7951464677183,168.7951464677183,333.1040135787763,168.79514646771835,1017.2571581629701,3.375902929354366,0.3375902929354366,3.0383126364189295,1352.7049572697322,1355.743269906151,35.57432699061509,1367.6788217512828,0.8726867489143854,ACTIVE,True
628,short,7,3.0,1.75,8,2024-05-12 09:10:00,380067,38006,145.0,382947,2024-05-13 09:10:00,TP,3.0,1350.3611717417464,12.5,0.002,168.7951464677183,168.7951464677183,168.7951464677183,501.89916004649456,337.59029293543665,848.4620116952518,5.063854394031549,0.3375902929354366,4.726264101096112,1355.743269906151,1360.4695340072471,36.046953400724725,1367.6788217512828,0.527118474701857,ACTIVE,True
629,short,7,3.0,1.75,5,2024-05-12 20:30:00,381424,38142,0.14121,384304,2024-05-13 20:30:00,TP,3.0,1347.978693168636,12.5,0.002,168.4973366460795,168.4973366460795,168.4973366460795,506.38543940315515,0.0,841.5932537654809,5.054920099382385,0.33699467329215904,4.717925426090226,1360.4695340072471,1365.1874594333374,36.51874594333373,1367.6788217512828,0.18215989589977885,ACTIVE,True
630,short,9,2.5,1.5,1,2024-05-12 21:40:00,381560,38156,0.4363,384440,2024-05-13 21:40:00,TP,2.5,1347.978693168636,12.5,0.002,168.4973366460795,168.4973366460795,168.4973366460795,674.8827760492346,0.0,673.0959171194014,4.212433416151987,0.33699467329215904,3.8754387428598283,1365.1874594333374,1369.0628981761972,36.90628981761972,1369.0628981761972,0.0,ACTIVE,True
631,short,9,2.5,1.5,1,2024-05-12 21:45:00,381570,38157,0.4371,384450,2024-05-13 21:45:00,TP,2.5,1347.978693168636,12.5,0.002,168.4973366460795,168.4973366460795,168.4973366460795,843.3801126953141,168.4973366460795,504.59858047332193,4.212433416151987,0.33699467329215904,3.8754387428598283,1369.0628981761972,1372.938336919057,37.29383369190571,1372.938336919057,0.0,ACTIVE,True
632,short,4,2.0,1.5,2,2024-05-12 21:50:00,381581,38158,33.26,384461,2024-05-13 21:50:00,TP,2.0,1347.978693168636,12.5,0.002,168.4973366460795,168.4973366460795,168.4973366460795,1011.8774493413936,5.684341886080802e-14,336.10124382724246,3.36994673292159,0.33699467329215904,3.032952059629431,1372.938336919057,1375.9712889786865,37.59712889786866,1375.9712889786865,0.0,ACTIVE,True
633,short,4,2.0,1.5,2,2024-05-12 22:00:00,381601,38160,33.19,384481,2024-05-13 22:00:00,TP,2.0,1347.978693168636,12.5,0.002,168.4973366460795,167.60390718116287,167.60390718116287,1180.3747859874732,168.49733664607956,167.60390718116287,3.3520781436232574,0.3352078143623257,3.016870329260932,1375.9712889786865,1378.9881593079474,37.89881593079474,1378.9881593079474,0.0,ACTIVE,True
634,short,74,2.5,1.75,10,2024-05-13 10:55:00,383159,38315,0.5043,386039,2024-05-14 10:55:00,Time_288,-0.674201863969873,1360.4695340072471,12.5,0.002,170.0586917509059,170.0586917509059,170.0586917509059,841.5932537654812,0.0,518.8762802417659,-1.1465388696273882,0.3401173835018118,-1.4866562531292,1378.9881593079474,1377.5015030548182,37.75015030548181,1378.9881593079474,0.10780776057390706,ACTIVE,True
635,short,52,2.5,2.0,9,2024-05-13 12:40:00,383368,38336,0.12626,386248,2024-05-14 12:40:00,Time_288,0.9504197687311947,1360.4695340072471,12.5,0.002,170.0586917509059,170.0586917509059,170.0586917509059,1011.6519455163871,5.684341886080802e-14,348.8175884908601,1.616271424846255,0.3401173835018118,1.2761540413444432,1377.5015030548182,1378.7776570961626,37.87776570961625,1378.9881593079474,0.015264976016217844,ACTIVE,True
636,short,7,3.0,1.75,9,2024-05-13 12:45:00,383378,38337,0.12621,386258,2024-05-14 12:45:00,Time_288,0.9349496870295434,1360.4695340072471,12.5,0.002,170.0586917509059,170.0586917509059,170.0586917509059,1181.710637267293,170.05869175090595,178.75889673995425,1.5899632062916305,0.3401173835018118,1.2498458227898186,1378.7776570961626,1380.0275029189525,38.00275029189524,1380.0275029189525,0.0,ACTIVE,True
637,short,85,2.0,1.0,5,2024-05-14 00:50:00,384824,38482,0.14807,387704,2024-05-15 00:50:00,SL,-1.0,1378.9881593079474,12.5,0.002,172.37351991349342,172.37351991349342,172.37351991349342,510.17607525271796,0.0,868.8120840552294,-1.7237351991349343,0.34474703982698685,-2.0684822389619213,1380.0275029189525,1377.9590206799905,37.79590206799905,1380.0275029189525,0.14988703011981824,ACTIVE,True
638,short,34,2.0,2.0,7,2024-05-14 01:15:00,384876,38487,2958.51,387756,2024-05-15 01:15:00,TP,2.0,1378.9881593079474,12.5,0.002,172.37351991349342,172.37351991349342,172.37351991349342,682.5495951662114,0.0,696.438564141736,3.4474703982698687,0.34474703982698685,3.1027233584428817,1377.9590206799905,1381.0617440384335,38.10617440384336,1381.0617440384335,0.0,ACTIVE,True
639,short,29,3.5,1.0,7,2024-05-14 07:45:00,385656,38565,2916.01,388536,2024-05-15 07:45:00,Time_288,-0.016803783251764626,1378.9881593079474,12.5,0.002,172.37351991349342,172.37351991349342,172.37351991349342,854.9231150797048,172.37351991349342,524.0650442282426,-0.02896527266970077,0.34474703982698685,-0.3737123124966876,1381.0617440384335,1380.6880317259368,38.06880317259367,1381.0617440384335,0.027059783106001656,ACTIVE,True
640,short,63,3.5,1.5,8,2024-05-14 07:50:00,385667,38566,146.41,388547,2024-05-15 07:50:00,TP,3.5,1378.9881593079474,12.5,0.002,172.37351991349342,172.37351991349342,172.37351991349342,1027.2966349931983,5.684341886080802e-14,351.69152431474913,6.03307319697227,0.34474703982698685,5.6883261571452834,1380.6880317259368,1386.376357883082,38.63763578830819,1386.376357883082,0.0,ACTIVE,True
641,short,94,3.5,1.0,4,2024-05-14 07:55:00,385673,38567,62035.39,388553,2024-05-15 07:55:00,Time_288,-0.2573531011895008,1378.9881593079474,12.5,0.002,172.37351991349342,172.37351991349342,172.37351991349342,1199.6701549066918,2.842170943040401e-14,179.31800440125562,-0.44360859912687706,0.34474703982698685,-0.788355638953864,1386.376357883082,1385.5880022441281,38.558800224412806,1386.376357883082,0.05686447510960094,ACTIVE,True
642,short,42,3.0,2.0,7,2024-05-14 08:05:00,385696,38569,2919.28,388576,2024-05-15 08:05:00,Time_288,0.18806006960621235,1378.9881593079474,12.5,0.002,172.37351991349342,6.944484487762111,6.944484487762111,1372.0436748201853,344.74703982698685,6.944484487762111,0.013059802361478046,0.013888968975524222,-0.000829166614046176,1385.5880022441281,1385.587173077514,38.5587173077514,1386.376357883082,0.05692428330016367,ACTIVE,True
643,short,8,2.5,1.25,10,2024-05-14 14:45:00,386499,38649,0.502,389379,2024-05-15 14:45:00,SL,-1.25,1380.0275029189525,12.5,0.002,172.50343786486906,172.50343786486906,172.50343786486906,868.8120840552299,0.0,511.21541886372256,-2.156292973310863,0.3450068757297381,-2.5012998490406013,1385.587173077514,1383.0858732284735,38.308587322847345,1386.376357883082,0.23734425618977276,ACTIVE,True
644,short,7,3.0,1.75,3,2024-05-14 16:30:00,386702,38670,570.8,389582,2024-05-15 16:30:00,SL,-1.75,1380.0275029189525,12.5,0.002,172.50343786486906,172.50343786486906,172.50343786486906,1041.315521920099,0.0,338.7119809988535,-3.0188101626352086,0.3450068757297381,-3.363817038364947,1383.0858732284735,1379.7220561901086,37.97220561901084,1386.376357883082,0.4799780128344166,ACTIVE,True
645,short,70,2.0,1.0,3,2024-05-16 03:15:00,390872,39087,584.0,393752,2024-05-17 03:15:00,TP,2.0,1379.7220561901086,12.5,0.002,172.46525702376357,172.46525702376357,172.46525702376357,6.821210263296962e-13,0.0,1379.7220561901079,3.4493051404752713,0.34493051404752717,3.1043746264277443,1379.7220561901086,1382.8264308165362,38.28264308165363,1386.376357883082,0.25605796336329933,ACTIVE,True
646,short,29,3.5,1.0,7,2024-05-16 16:00:00,392406,39240,2955.59,395286,2024-05-17 16:00:00,SL,-1.0,1379.7220561901086,12.5,0.002,172.46525702376357,172.46525702376357,172.46525702376357,172.46525702376425,0.0,1207.2567991663443,-1.7246525702376356,0.34493051404752717,-2.0695830842851626,1382.8264308165362,1380.7568477322511,38.07568477322511,1386.376357883082,0.4053379963440442,ACTIVE,True
647,short,4,2.0,1.5,5,2024-05-16 21:20:00,393044,39304,0.14934,395924,2024-05-17 21:20:00,SL,-1.5,1379.7220561901086,12.5,0.002,172.46525702376357,172.46525702376357,172.46525702376357,344.9305140475278,0.0,1034.7915421425807,-2.5869788553564534,0.34493051404752717,-2.9319093694039804,1380.7568477322511,1377.8249383628472,37.782493836284715,1386.376357883082,0.6168180430667661,ACTIVE,True
648,short,87,3.0,2.0,1,2024-05-17 08:45:00,394410,39441,0.4791,397290,2024-05-18 08:45:00,SL,-2.0,1382.8264308165362,12.5,0.002,172.85330385206703,172.85330385206703,172.85330385206703,344.9305140475278,0.0,1037.8959167690084,-3.4570660770413406,0.3457066077041341,-3.8027726847454746,1377.8249383628472,1374.0221656781018,37.40221656781018,1386.376357883082,0.89111388366751,ACTIVE,True
649,short,52,2.5,2.0,9,2024-05-18 12:25:00,397738,39773,0.12376,400618,2024-05-19 12:25:00,Time_288,2.181641887524236,1374.0221656781018,12.5,0.002,171.75277070976273,171.75277070976273,171.75277070976273,6.821210263296962e-13,5.684341886080802e-14,1374.0221656781011,3.7470303887876404,0.34350554141952544,3.403524847368115,1374.0221656781018,1377.42569052547,37.74256905254698,1386.376357883082,0.6456159834750197,ACTIVE,True
650,short,85,2.0,1.0,5,2024-05-18 21:25:00,398814,39881,0.15325,401694,2024-05-19 21:25:00,SL,-1.0,1374.0221656781018,12.5,0.002,171.75277070976273,171.75277070976273,171.75277070976273,171.7527707097634,0.0,1202.2693949683385,-1.7175277070976274,0.34350554141952544,-2.0610332485171527,1377.42569052547,1375.3646572769528,37.53646572769529,1386.376357883082,0.7942793126495151,ACTIVE,True
651,short,7,3.0,1.75,9,2024-05-19 03:00:00,399488,39948,0.12237,402368,2024-05-20 03:00:00,Time_288,0.8008498815069123,1374.0221656781018,12.5,0.002,171.75277070976273,171.75277070976273,171.75277070976273,343.50554141952614,171.75277070976279,1030.5166242585756,1.3754818607139736,0.34350554141952544,1.0319763192944482,1375.3646572769528,1376.3966335962473,37.63966335962472,1386.376357883082,0.7198423595504129,ACTIVE,True
652,short,1,3.5,2.0,6,2024-05-19 13:30:00,400745,40074,6.988,403625,2024-05-20 13:30:00,Time_288,-0.12879221522609405,1377.42569052547,12.5,0.002,172.17821131568374,172.17821131568374,172.17821131568374,343.5055414195262,5.684341886080802e-14,1033.9201491059437,-0.22175213249013442,0.3443564226313675,-0.5661085551215019,1376.3966335962473,1375.8305250411258,37.58305250411258,1386.376357883082,0.7606760445669304,ACTIVE,True
653,short,85,2.0,1.0,5,2024-05-19 14:30:00,400864,40086,0.15039,403744,2024-05-20 14:30:00,SL,-1.0,1377.42569052547,12.5,0.002,172.17821131568374,172.17821131568374,172.17821131568374,515.68375273521,171.75277070976273,861.74193779026,-1.7217821131568374,0.3443564226313675,-2.066138535788205,1375.8305250411258,1373.7643865053376,37.37643865053375,1386.376357883082,0.9097076205917204,ACTIVE,True
654,short,38,2.0,1.5,8,2024-05-19 16:20:00,401087,40108,168.23,403967,2024-05-20 16:20:00,SL,-1.5,1377.42569052547,12.5,0.002,172.17821131568374,172.17821131568374,172.17821131568374,687.8619640508937,5.684341886080802e-14,689.5637264745762,-2.582673169735256,0.3443564226313675,-2.9270295923666234,1373.7643865053376,1370.837356912971,37.08373569129711,1386.376357883082,1.120835686626833,ACTIVE,True
655,short,4,2.0,1.5,4,2024-05-19 21:15:00,401673,40167,66212.0,404553,2024-05-20 21:15:00,SL,-1.5,1377.42569052547,12.5,0.002,172.17821131568374,172.17821131568374,172.17821131568374,860.0401753665774,2.842170943040401e-14,517.3855151588925,-2.582673169735256,0.3443564226313675,-2.9270295923666234,1370.837356912971,1367.9103273206044,36.79103273206044,1386.376357883082,1.3319637526619454,ACTIVE,True
656,short,42,3.0,2.0,7,2024-05-19 23:10:00,401906,40190,3073.2,404786,2024-05-20 23:10:00,SL,-2.0,1375.3646572769528,12.5,0.002,171.9205821596191,171.9205821596191,171.9205821596191,860.4656159724984,0.0,514.8990413044544,-3.438411643192382,0.3438411643192382,-3.78225280751162,1367.9103273206044,1364.1280745130928,36.412807451309284,1386.376357883082,1.6047794845521626,ACTIVE,True
657,short,28,1.5,2.0,1,2024-05-19 23:25:00,401930,40193,0.4681,404810,2024-05-20 23:25:00,TP,1.5,1375.3646572769528,12.5,0.002,171.9205821596191,171.9205821596191,171.9205821596191,1032.3861981321174,0.0,342.97845914483537,2.5788087323942865,0.3438411643192382,2.2349675680750485,1364.1280745130928,1366.3630420811678,36.63630420811679,1386.376357883082,1.443570188435219,ACTIVE,True
658,short,76,3.5,1.0,5,2024-05-20 07:55:00,402954,40295,0.15104,405834,2024-05-21 07:55:00,SL,-1.0,1376.3966335962473,12.5,0.002,172.0495791995309,172.0495791995309,172.0495791995309,1032.5540095819738,172.17821131568377,343.8426240142735,-1.7204957919953092,0.34409915839906186,-2.0645949503943712,1366.3630420811678,1364.2984471307734,36.42984471307733,1386.376357883082,1.592490424895895,ACTIVE,True
659,short,76,3.5,1.0,5,2024-05-20 08:00:00,402964,40296,0.15177,405844,2024-05-21 08:00:00,SL,-1.0,1376.3966335962473,12.5,0.002,172.0495791995309,171.79304481474264,171.79304481474264,1204.6035887815046,344.2277905152147,171.79304481474264,-1.7179304481474265,0.3435860896294853,-2.0615165377769116,1364.2984471307734,1362.2369305929965,36.22369305929964,1386.376357883082,1.7411886139594146,ACTIVE,True
660,short,85,2.0,1.0,5,2024-05-20 17:05:00,404054,40405,0.15221,406934,2024-05-21 17:05:00,SL,-1.0,1370.837356912971,12.5,0.002,171.35466961412138,171.35466961412138,171.35466961412138,859.8619996491962,343.8426240142736,510.97535726377487,-1.7135466961412138,0.34270933922824276,-2.0562560353694566,1362.2369305929965,1360.180674557627,36.018067455762704,1386.376357883082,1.8895073604294716,ACTIVE,True
661,short,87,3.0,2.0,10,2024-05-20 21:05:00,404539,40453,0.5295,407419,2024-05-21 21:05:00,SL,-2.0,1370.837356912971,12.5,0.002,171.35466961412138,171.35466961412138,171.35466961412138,1031.2166692633175,0.0,339.6206876496535,-3.4270933922824276,0.34270933922824276,-3.76980273151067,1360.180674557627,1356.4108718261164,35.64108718261163,1386.376357883082,2.1614250622912503,ACTIVE,True
662,short,87,3.0,2.0,1,2024-05-20 21:10:00,404540,40454,0.4851,407420,2024-05-21 21:10:00,SL,-2.0,1370.837356912971,12.5,0.002,171.35466961412138,168.26601803553217,168.26601803553217,1202.5713388774388,171.9205821596191,168.26601803553217,-3.3653203607106437,0.33653203607106436,-3.701852396781708,1356.4108718261164,1352.7090194293346,35.27090194293345,1386.376357883082,2.4284414735083515,ACTIVE,True
663,short,52,2.5,2.0,9,2024-05-21 06:05:00,405618,40561,0.12307,408498,2024-05-22 06:05:00,Time_288,-0.2681400828796595,1366.3630420811678,12.5,0.002,170.79538026014598,170.79538026014598,170.79538026014598,854.8179812780492,5.684341886080802e-14,511.54506080311864,-0.45797087418418503,0.34159076052029197,-0.7995616347044769,1352.7090194293346,1351.90945779463,35.190945779463,1386.376357883082,2.4861142425337444,ACTIVE,True
664,short,8,2.5,1.25,2,2024-05-22 04:55:00,408351,40835,40.71,411231,2024-05-23 04:55:00,SL,-1.25,1352.7090194293346,12.5,0.002,169.08862742866683,169.08862742866683,169.08862742866683,170.79538026014666,8.526512829121202e-14,1181.913639169188,-2.1136078428583356,0.33817725485733363,-2.4517850977156694,1351.90945779463,1349.4576726969144,34.94576726969145,1386.376357883082,2.6629626923630076,ACTIVE,True
665,short,12,3.5,1.25,5,2024-05-22 05:45:00,408454,40845,0.16788,411334,2024-05-23 05:45:00,TP,3.5,1352.7090194293346,12.5,0.002,169.08862742866683,169.08862742866683,169.08862742866683,339.8840076888135,2.842170943040401e-14,1012.8250117405212,5.918101960003339,0.33817725485733363,5.579924705146006,1349.4576726969144,1355.0375974020603,35.50375974020603,1386.376357883082,2.260480013441236,ACTIVE,True
666,short,29,3.5,1.0,5,2024-05-22 06:00:00,408484,40848,0.16864,411364,2024-05-23 06:00:00,TP,3.5,1352.7090194293346,12.5,0.002,169.08862742866683,169.08862742866683,169.08862742866683,508.9726351174803,169.08862742866685,843.7363843118543,5.918101960003339,0.33817725485733363,5.579924705146006,1355.0375974020603,1360.6175221072062,36.061752210720634,1386.376357883082,1.8579973345194647,ACTIVE,True
667,short,62,3.5,1.75,2,2024-05-22 14:05:00,409451,40945,39.75,412331,2024-05-23 14:05:00,SL,-1.75,1351.90945779463,12.5,0.002,168.98868222432876,168.98868222432876,168.98868222432876,507.2658822860012,169.0886274286669,844.6435755086288,-2.9573019389257533,0.3379773644486575,-3.2952793033744108,1360.6175221072062,1357.3222428038318,35.732224280383186,1386.376357883082,2.0956874310532876,ACTIVE,True
668,short,59,3.0,1.75,3,2024-05-22 14:10:00,409462,40946,615.2,412342,2024-05-23 14:10:00,TP,3.0,1351.90945779463,12.5,0.002,168.98868222432876,168.98868222432876,168.98868222432876,676.2545645103299,0.0,675.6548932843001,5.069660466729863,0.3379773644486575,4.731683102281205,1357.3222428038318,1362.0539259061131,36.20539259061131,1386.376357883082,1.7543888309021494,ACTIVE,True
669,short,13,3.0,1.5,3,2024-05-22 14:15:00,409472,40947,617.6,412352,2024-05-23 14:15:00,TP,3.0,1351.90945779463,12.5,0.002,168.98868222432876,168.98868222432876,168.98868222432876,845.2432467346587,168.98868222432876,506.6662110599714,5.069660466729863,0.3379773644486575,4.731683102281205,1362.0539259061131,1366.7856090083944,36.67856090083945,1386.376357883082,1.4130902307510111,ACTIVE,True
670,short,13,3.0,1.5,3,2024-05-22 19:35:00,410112,41011,612.9,412992,2024-05-23 19:35:00,TP,3.0,1351.90945779463,12.5,0.002,168.98868222432876,168.98868222432876,168.98868222432876,1014.2319289589874,337.9773644486575,337.67752883564265,5.069660466729863,0.3379773644486575,4.731683102281205,1366.7856090083944,1371.5172921106757,37.151729211067575,1386.376357883082,1.0717916305998727,ACTIVE,True
671,short,59,3.0,1.75,3,2024-05-22 19:40:00,410122,41012,612.2,413002,2024-05-23 19:40:00,TP,3.0,1351.90945779463,12.5,0.002,168.98868222432876,168.68884661131392,168.68884661131392,1183.2206111833161,506.9660466729863,168.68884661131392,5.060665398339418,0.33737769322262784,4.72328770511679,1371.5172921106757,1376.2405798157924,37.62405798157924,1386.376357883082,0.7310985945235139,ACTIVE,True
672,short,7,3.0,1.75,9,2024-05-23 07:40:00,411568,41156,0.11901,414448,2024-05-24 07:40:00,TP,3.0,1360.6175221072062,12.5,0.002,170.07719026340078,170.07719026340078,170.07719026340078,844.6435755086297,5.684341886080802e-14,515.9739465985765,5.102315707902023,0.3401543805268016,4.762161327375222,1376.2405798157924,1381.0027411431677,38.100274114316754,1386.376357883082,0.38760158519433185,ACTIVE,True
673,short,28,1.5,2.0,8,2024-05-23 14:40:00,412407,41240,171.18,415287,2024-05-24 14:40:00,SL,-2.0,1366.7856090083944,12.5,0.002,170.8482011260493,170.8482011260493,170.8482011260493,507.75471909904434,5.684341886080802e-14,859.0308899093501,-3.416964022520986,0.34169640225209863,-3.7586604247730846,1381.0027411431677,1377.2440807183946,37.724408071839456,1386.376357883082,0.6587155870597674,ACTIVE,True
674,short,19,3.5,1.25,5,2024-05-23 15:20:00,412484,41248,0.15983,415364,2024-05-24 15:20:00,TP,3.5,1366.7856090083944,12.5,0.002,170.8482011260493,170.8482011260493,170.8482011260493,678.6029202250936,0.0,688.1826887833008,5.9796870394117265,0.34169640225209863,5.637990637159628,1377.2440807183946,1382.8820713555542,38.28820713555543,1386.376357883082,0.252044584261614,ACTIVE,True
675,short,29,3.5,1.0,2,2024-05-23 15:20:00,412481,41248,38.49,415361,2024-05-24 15:20:00,TP,3.5,1366.7856090083944,12.5,0.002,170.8482011260493,170.8482011260493,170.8482011260493,849.4511213511429,8.526512829121202e-14,517.3344876572515,5.9796870394117265,0.34169640225209863,5.637990637159628,1382.8820713555542,1388.5200619927139,38.852006199271386,1388.5200619927139,0.0,ACTIVE,True
676,short,52,2.5,2.0,4,2024-05-23 15:25:00,412493,41249,68212.18,415373,2024-05-24 15:25:00,TP,2.5,1366.7856090083944,12.5,0.002,170.8482011260493,170.8482011260493,170.8482011260493,1020.2993224771922,2.842170943040401e-14,346.48628653120227,4.271205028151233,0.34169640225209863,3.929508625899134,1388.5200619927139,1392.449570618613,39.24495706186131,1392.449570618613,0.0,ACTIVE,True
677,short,52,2.5,2.0,5,2024-05-23 15:25:00,412494,41249,0.15985,415374,2024-05-24 15:25:00,TP,2.5,1366.7856090083944,12.5,0.002,170.8482011260493,170.8482011260493,170.8482011260493,1191.1475236032416,170.8482011260493,175.63808540515288,4.271205028151233,0.34169640225209863,3.929508625899134,1392.449570618613,1396.3790792445122,39.637907924451234,1396.3790792445122,0.0,ACTIVE,True
678,short,53,2.5,1.5,6,2024-05-23 15:25:00,412495,41249,7.263,415375,2024-05-24 15:25:00,TP,2.5,1366.7856090083944,12.5,0.002,170.8482011260493,4.7898842791034895,4.7898842791034895,1361.995724729291,5.684341886080802e-14,4.7898842791034895,0.11974710697758724,0.00957976855820698,0.11016733841938026,1396.3790792445122,1396.4892465829316,39.64892465829317,1396.4892465829316,0.0,ACTIVE,True
679,short,31,2.5,2.0,10,2024-05-23 20:20:00,413089,41308,0.5157,415969,2024-05-24 20:20:00,SL,-2.0,1376.2405798157924,12.5,0.002,172.03007247697406,172.03007247697406,172.03007247697406,1029.1080801727517,0.0,347.1324996430408,-3.440601449539481,0.3440601449539481,-3.7846615944934294,1396.4892465829316,1392.7045849884382,39.27045849884383,1396.4892465829316,0.27101258414657226,ACTIVE,True
680,short,31,2.5,2.0,10,2024-05-23 20:25:00,413099,41309,0.5163,415979,2024-05-24 20:25:00,SL,-2.0,1376.2405798157924,12.5,0.002,172.03007247697406,172.03007247697406,172.03007247697406,1201.1381526497257,172.03007247697406,175.10242716606672,-3.440601449539481,0.3440601449539481,-3.7846615944934294,1392.7045849884382,1388.9199233939448,38.89199233939449,1396.4892465829316,0.5420251682931445,ACTIVE,True
681,short,98,2.5,1.0,8,2024-05-23 22:55:00,413397,41339,176.24,416277,2024-05-24 22:55:00,TP,2.5,1376.2405798157924,12.5,0.002,172.03007247697406,3.0723546890926627,3.0723546890926627,1373.1682251266998,170.84820112604936,3.0723546890926627,0.07680886722731657,0.006144709378185326,0.07066415784913124,1388.9199233939448,1388.9905875517939,38.89905875517938,1396.4892465829316,0.5369650392572832,ACTIVE,True
682,short,59,3.0,1.75,2,2024-05-24 08:00:00,414481,41448,37.57,417361,2024-05-25 08:00:00,SL,-1.75,1381.0027411431677,12.5,0.002,172.62534264289596,172.62534264289596,172.62534264289596,1206.1633895523917,170.8482011260494,174.839351590776,-3.0209434962506796,0.34525068528579195,-3.3661941815364713,1388.9905875517939,1385.6243933702574,38.562439337025744,1396.4892465829316,0.778011949555604,ACTIVE,True
683,short,7,3.0,1.75,3,2024-05-24 08:10:00,414502,41450,591.2,417382,2024-05-25 08:10:00,SL,-1.75,1381.0027411431677,12.5,0.002,172.62534264289596,2.2140089478800746,2.2140089478800746,1378.7887321952876,8.526512829121202e-14,2.2140089478800746,-0.03874515658790131,0.0044280178957601495,-0.04317317448366145,1385.6243933702574,1385.5812201957738,38.55812201957738,1396.4892465829316,0.7811035003562471,ACTIVE,True
684,short,92,3.5,1.25,6,2024-05-24 16:50:00,415545,41554,7.188,418425,2024-05-25 16:50:00,SL,-1.25,1396.4892465829316,12.5,0.002,174.56115582286645,174.56115582286645,174.56115582286645,521.9718512338176,5.684341886080802e-14,874.517395349114,-2.1820144477858308,0.34912231164573293,-2.531136759431564,1385.5812201957738,1383.0500834363422,38.30500834363421,1396.4892465829316,0.9623535003562458,ACTIVE,True
685,short,85,2.0,1.0,5,2024-05-24 18:35:00,415754,41575,0.16504,418634,2024-05-25 18:35:00,SL,-1.0,1396.4892465829316,12.5,0.002,174.56115582286645,174.56115582286645,174.56115582286645,696.533007056684,0.0,699.9562395262476,-1.7456115582286647,0.34912231164573293,-2.0947338698743976,1383.0500834363422,1380.955349566468,38.095534956646794,1396.4892465829316,1.1123535003562381,ACTIVE,True
686,short,74,2.5,1.75,10,2024-05-25 22:45:00,419139,41913,0.5414,422019,2024-05-26 22:45:00,TP,2.5,1380.955349566468,12.5,0.002,172.6194186958085,172.6194186958085,172.6194186958085,7.958078640513122e-13,0.0,1380.9553495664672,4.315485467395212,0.345238837391617,3.970246630003595,1380.955349566468,1384.9255961964716,38.492559619647146,1396.4892465829316,0.8280515166697578,ACTIVE,True
687,short,12,3.5,1.25,8,2024-05-26 10:20:00,420527,42052,163.73,423407,2024-05-27 10:20:00,SL,-1.25,1380.955349566468,12.5,0.002,172.6194186958085,172.6194186958085,172.6194186958085,172.6194186958093,5.684341886080802e-14,1208.3359308706586,-2.157742733697606,0.345238837391617,-2.502981571089223,1384.9255961964716,1382.4226146253823,38.24226146253822,1396.4892465829316,1.0072853759503693,ACTIVE,True
688,short,87,3.0,2.0,6,2024-05-26 15:55:00,421195,42119,7.582,424075,2024-05-27 15:55:00,SL,-2.0,1380.955349566468,12.5,0.002,172.6194186958085,172.6194186958085,172.6194186958085,345.2388373916178,5.684341886080802e-14,1035.71651217485,-3.45238837391617,0.345238837391617,-3.797627211307787,1382.4226146253823,1378.6249874140744,37.862498741407435,1396.4892465829316,1.2792264038243926,ACTIVE,True
689,short,4,2.0,1.5,4,2024-05-26 23:05:00,422053,42205,68525.17,424933,2024-05-27 23:05:00,SL,-1.5,1384.9255961964716,12.5,0.002,173.11569952455895,173.11569952455895,173.11569952455895,345.23883739161784,2.842170943040401e-14,1039.6867588048538,-2.596735492868384,0.3462313990491179,-2.942966891917502,1378.6249874140744,1375.682020522157,37.568202052215696,1396.4892465829316,1.4899667943514634,ACTIVE,True
690,short,52,2.5,2.0,9,2024-05-27 09:10:00,423268,42326,0.1122,426148,2024-05-28 09:10:00,Time_288,1.1586452762923312,1384.9255961964716,12.5,0.002,173.11569952455895,173.11569952455895,173.11569952455895,518.3545369161768,5.684341886080802e-14,866.5710592802948,2.005796875061728,0.3462313990491179,1.6595654760126102,1375.682020522157,1377.3415859981696,37.73415859981697,1396.4892465829316,1.3711283944086483,ACTIVE,True
691,short,85,2.0,1.0,1,2024-05-27 11:40:00,423560,42356,0.4599,426440,2024-05-28 11:40:00,SL,-1.0,1382.4226146253823,12.5,0.002,172.80282682817278,172.80282682817278,172.80282682817278,518.8508177449273,2.842170943040401e-14,863.5717968804549,-1.7280282682817278,0.34560565365634555,-2.0736339219380735,1377.3415859981696,1375.2679520762315,37.526795207623145,1396.4892465829316,1.5196174663447284,ACTIVE,True
692,short,66,3.5,1.0,9,2024-05-27 14:30:00,423908,42390,0.11157,426788,2024-05-28 14:30:00,Time_288,0.4391861611544361,1382.4226146253823,12.5,0.002,172.80282682817278,172.80282682817278,172.80282682817278,691.6536445731001,173.115699524559,690.7689700522822,0.758926101513,0.34560565365634555,0.41332044785665445,1375.2679520762315,1375.6812725240882,37.568127252408814,1396.4892465829316,1.490020357103248,ACTIVE,True
693,short,66,3.5,1.0,9,2024-05-27 14:35:00,423918,42391,0.11145,426798,2024-05-28 14:35:00,SL,-1.0,1382.4226146253823,12.5,0.002,172.80282682817278,172.80282682817278,172.80282682817278,864.4564714012729,345.91852635273176,517.9661432241094,-1.7280282682817278,0.34560565365634555,-2.0736339219380735,1375.6812725240882,1373.60763860215,37.36076386021501,1396.4892465829316,1.638509429039328,ACTIVE,True
694,short,8,2.5,1.25,8,2024-05-27 20:05:00,424577,42457,169.34,427457,2024-05-28 20:05:00,TP,2.5,1378.6249874140744,12.5,0.002,172.3281234267593,172.3281234267593,172.3281234267593,864.6398795336372,5.684341886080802e-14,513.9851078804372,4.308203085668983,0.34465624685351864,3.963546838815464,1373.60763860215,1377.5711854409656,37.757118544096556,1396.4892465829316,1.3546872049503176,ACTIVE,True
695,short,8,2.5,1.25,2,2024-05-27 20:10:00,424581,42458,38.18,427461,2024-05-28 20:10:00,TP,2.5,1378.6249874140744,12.5,0.002,172.3281234267593,172.3281234267593,172.3281234267593,1036.9680029603965,5.684341886080802e-14,341.656984453678,4.308203085668983,0.34465624685351864,3.963546838815464,1377.5711854409656,1381.534732279781,38.15347322797811,1396.4892465829316,1.0708649808613069,ACTIVE,True
696,short,8,2.5,1.25,8,2024-05-27 20:10:00,424587,42458,169.16,427467,2024-05-28 20:10:00,TP,2.5,1378.6249874140744,12.5,0.002,172.3281234267593,169.32886102691873,169.32886102691873,1209.2961263871557,172.32812342675936,169.32886102691873,4.233221525672969,0.3386577220538375,3.894563803619131,1381.534732279781,1385.4292960834002,38.542929608340025,1396.4892465829316,0.7919825037388566,ACTIVE,True
697,short,45,3.0,1.0,6,2024-05-28 06:05:00,425775,42577,7.41,428655,2024-05-29 06:05:00,SL,-1.0,1375.682020522157,12.5,0.002,171.96025256526963,170.17273263264156,170.17273263264156,1205.5092878895155,5.684341886080802e-14,170.17273263264156,-1.7017273263264157,0.34034546526528314,-2.042072791591699,1385.4292960834002,1383.3872232918086,38.338722329180854,1396.4892465829316,0.9382115417775225,ACTIVE,True
698,short,5,2.5,1.0,6,2024-05-28 15:35:00,426915,42691,7.338,429795,2024-05-29 15:35:00,SL,-1.0,1373.60763860215,12.5,0.002,171.70095482526875,171.70095482526875,171.70095482526875,684.1578405130797,170.1727326326416,689.4497980890703,-1.7170095482526875,0.3434019096505375,-2.060411457903225,1383.3872232918086,1381.3268118339054,38.132681183390524,1396.4892465829316,1.0857537776339639,ACTIVE,True
699,short,85,2.0,1.0,2,2024-05-29 06:50:00,428741,42874,37.27,431621,2024-05-30 06:50:00,TP,2.0,1383.3872232918086,12.5,0.002,172.92340291147607,172.92340291147607,172.92340291147607,171.70095482526966,5.684341886080802e-14,1211.6862684665389,3.4584680582295215,0.34584680582295213,3.1126212524065693,1381.3268118339054,1384.439433086312,38.44394330863119,1396.4892465829316,0.8628647536029612,ACTIVE,True
700,short,38,2.0,1.5,4,2024-05-29 10:10:00,429143,42914,67991.0,432023,2024-05-30 10:10:00,Time_288,0.5677074906973059,1383.3872232918086,12.5,0.002,172.92340291147607,172.92340291147607,172.92340291147607,344.62435773674576,2.842170943040401e-14,1038.762865555063,0.9816991114971328,0.34584680582295213,0.6358523056741807,1384.439433086312,1385.0752853919862,38.50752853919861,1396.4892465829316,0.817332551530507,ACTIVE,True
701,short,63,3.5,1.5,6,2024-05-30 09:30:00,431945,43194,7.01,434825,2024-05-31 09:30:00,SL,-1.5,1384.439433086312,12.5,0.002,173.054929135789,173.054929135789,173.054929135789,172.92340291147698,5.684341886080802e-14,1211.516030174835,-2.595823937036835,0.346109858271578,-2.941933795308413,1385.0752853919862,1382.1333515966778,38.213335159667785,1396.4892465829316,1.0279989639290987,ACTIVE,True
702,short,29,3.5,1.0,5,2024-05-30 09:45:00,431974,43197,0.1585,434854,2024-05-31 09:45:00,SL,-1.0,1384.439433086312,12.5,0.002,173.054929135789,173.054929135789,173.054929135789,345.978332047266,0.0,1038.4611010390458,-1.73054929135789,0.346109858271578,-2.0766591496294677,1382.1333515966778,1380.0566924470484,38.00566924470483,1396.4892465829316,1.1767046667986931,ACTIVE,True
703,short,4,2.0,1.5,4,2024-05-30 21:50:00,433423,43342,68474.1,436303,2024-05-31 21:50:00,TP,2.0,1385.0752853919862,12.5,0.002,173.13441067399827,173.13441067399827,173.13441067399827,346.1098582715789,2.842170943040401e-14,1038.9654271204072,3.4626882134799657,0.3462688213479966,3.116419392131969,1380.0566924470484,1383.1731118391804,38.31731118391804,1396.4892465829316,0.9535436650396344,ACTIVE,True
704,short,29,3.5,1.0,7,2024-05-30 22:10:00,433466,43346,3748.97,436346,2024-05-31 22:10:00,SL,-1.0,1385.0752853919862,12.5,0.002,173.13441067399827,173.13441067399827,173.13441067399827,519.2442689455772,0.0,865.831016446409,-1.7313441067399828,0.3462688213479966,-2.0776129280879796,1383.1731118391804,1381.0954989110924,38.10954989110924,1396.4892465829316,1.1023176662123402,ACTIVE,True
705,short,25,3.0,1.75,2,2024-05-30 23:35:00,433631,43363,35.97,436511,2024-05-31 23:35:00,SL,-1.75,1385.0752853919862,12.5,0.002,173.13441067399827,173.13441067399827,173.13441067399827,692.3786796195755,5.684341886080802e-14,692.6966057724107,-3.02985218679497,0.3462688213479966,-3.3761210081429667,1381.0954989110924,1377.7193779029494,37.77193779029495,1396.4892465829316,1.344075418117983,ACTIVE,True
706,short,7,3.0,1.75,9,2024-05-31 07:15:00,434558,43455,0.11165,437438,2024-06-01 07:15:00,Time_288,0.01791312136140271,1385.0752853919862,12.5,0.002,173.13441067399827,173.13441067399827,173.13441067399827,865.5130902935737,0.0,519.5621950984125,0.031013777102382678,0.3462688213479966,-0.3152550442456139,1377.7193779029494,1377.4041228587039,37.74041228587039,1396.4892465829316,1.3666502460314045,ACTIVE,True
707,short,28,1.5,2.0,8,2024-06-01 08:00:00,437527,43752,167.03,440407,2024-06-02 08:00:00,Time_288,1.197389690474765,1377.4041228587039,12.5,0.002,172.17551535733799,172.17551535733799,172.17551535733799,7.389644451905042e-13,5.684341886080802e-14,1377.4041228587032,2.0616118704105606,0.344351030714676,1.7172608396958846,1377.4041228587039,1379.1213836983998,37.91213836983998,1396.4892465829316,1.2436803883044047,ACTIVE,True
708,short,28,1.5,2.0,8,2024-06-01 08:30:00,437587,43758,166.87,440467,2024-06-02 08:30:00,Time_288,0.9288667825253258,1377.4041228587039,12.5,0.002,172.17551535733799,172.17551535733799,172.17551535733799,172.17551535733872,172.17551535733804,1205.228607501365,1.5992811697961036,0.344351030714676,1.2549301390814276,1379.1213836983998,1380.3763138374811,38.03763138374811,1396.4892465829316,1.1538171729483224,ACTIVE,True
709,short,65,2.5,1.25,5,2024-06-02 00:20:00,439484,43948,0.16073,442364,2024-06-03 00:20:00,TP,2.5,1377.4041228587039,12.5,0.002,172.17551535733799,172.17551535733799,172.17551535733799,344.3510307146767,0.0,1033.0530921440272,4.30438788393345,0.344351030714676,3.9600368532187744,1380.3763138374811,1384.3363506906999,38.43363506906998,1396.4892465829316,0.8702462924056641,ACTIVE,True
710,short,7,3.0,1.75,8,2024-06-02 09:05:00,440537,44053,165.21,443417,2024-06-03 09:05:00,Time_288,-0.05447612130016549,1380.3763138374811,12.5,0.002,172.54703922968514,172.54703922968514,172.54703922968514,172.17551535733878,5.684341886080802e-14,1208.2007984801423,-0.09399693439060741,0.3450940784593703,-0.4390910128499777,1384.3363506906999,1383.89725967785,38.38972596778498,1396.4892465829316,0.9016887839196085,ACTIVE,True
711,short,4,2.0,1.5,8,2024-06-02 19:20:00,441767,44176,162.38,444647,2024-06-03 19:20:00,SL,-1.5,1380.3763138374811,12.5,0.002,172.54703922968514,172.54703922968514,172.54703922968514,344.7225545870239,172.5470392296852,1035.6537592504571,-2.588205588445277,0.3450940784593703,-2.933299666904647,1383.89725967785,1380.9639600109451,38.09639600109451,1396.4892465829316,1.1117369224271014,ACTIVE,True
712,short,4,2.0,1.5,4,2024-06-02 20:20:00,441883,44188,67664.44,444763,2024-06-03 20:20:00,SL,-1.5,1380.3763138374811,12.5,0.002,172.54703922968514,172.54703922968514,172.54703922968514,517.2695938167091,2.842170943040401e-14,863.1067200207721,-2.588205588445277,0.3450940784593703,-2.933299666904647,1380.9639600109451,1378.0306603440404,37.80306603440404,1396.4892465829316,1.3217850609345942,ACTIVE,True
713,short,74,2.5,1.75,2,2024-06-03 08:10:00,443301,44330,36.03,446181,2024-06-04 08:10:00,TP,2.5,1384.3363506906999,12.5,0.002,173.04204383633748,173.04204383633748,173.04204383633748,517.6411176890562,5.684341886080802e-14,866.6952330016437,4.326051095908437,0.34608408767267496,3.9799670082357625,1378.0306603440404,1382.010627352276,38.20106273522761,1396.4892465829316,1.0367870190252657,ACTIVE,True
714,short,45,3.0,1.0,7,2024-06-03 16:05:00,444256,44425,3786.58,447136,2024-06-04 16:05:00,Time_288,-0.6097850831093004,1383.89725967785,12.5,0.002,172.98715745973124,172.98715745973124,172.98715745973124,518.1361222957084,0.0,865.7611373821414,-1.0548498818842384,0.34597431491946246,-1.400824196803701,1382.010627352276,1380.6098031554723,38.06098031554723,1396.4892465829316,1.1370974367554036,ACTIVE,True
715,short,29,3.5,1.0,2,2024-06-03 16:10:00,444261,44426,35.48,447141,2024-06-04 16:10:00,SL,-1.0,1383.89725967785,12.5,0.002,172.98715745973124,172.98715745973124,172.98715745973124,691.1232797554396,173.04204383633754,692.7739799224103,-1.7298715745973123,0.34597431491946246,-2.0758458895167746,1380.6098031554723,1378.5339572659555,37.85339572659554,1396.4892465829316,1.285744903579527,ACTIVE,True
716,short,29,3.5,1.0,7,2024-06-03 16:10:00,444266,44426,3783.88,447146,2024-06-04 16:10:00,Time_288,-0.5951562945970797,1383.89725967785,12.5,0.002,172.98715745973124,172.98715745973124,172.98715745973124,864.1104372151708,172.98715745973124,519.7868224626791,-1.0295439564661524,0.34597431491946246,-1.3755182713856149,1378.5339572659555,1377.15843899457,37.71584389945699,1396.4892465829316,1.3842432110137803,ACTIVE,True
717,short,63,3.5,1.5,8,2024-06-03 16:10:00,444267,44426,164.36,447147,2024-06-04 16:10:00,SL,-1.5,1383.89725967785,12.5,0.002,172.98715745973124,172.98715745973124,172.98715745973124,1037.097594674902,172.5470392296852,346.7996650029479,-2.5948073618959686,0.34597431491946246,-2.940781676815431,1377.15843899457,1374.2176573177544,37.421765731775444,1396.4892465829316,1.5948271223479564,ACTIVE,True
718,short,8,2.5,1.25,10,2024-06-03 18:20:00,444529,44452,0.5197,447409,2024-06-04 18:20:00,SL,-1.25,1383.89725967785,12.5,0.002,172.98715745973124,172.98715745973124,172.98715745973124,1210.0847521346332,0.0,173.81250754321673,-2.1623394682466404,0.34597431491946246,-2.508313783166103,1374.2176573177544,1371.7093435345882,37.17093435345882,1396.4892465829316,1.774442811427106,ACTIVE,True
719,short,34,2.0,2.0,10,2024-06-03 19:20:00,444649,44464,0.5202,447529,2024-06-04 19:20:00,Time_288,-0.9996155324875013,1380.9639600109451,12.5,0.002,172.62049500136814,170.43908964626598,170.43908964626598,1210.5248703646791,172.98715745973124,170.43908964626598,-1.7037356135343715,0.340878179292532,-2.0446137928269037,1371.7093435345882,1369.6647297417614,36.96647297417614,1396.4892465829316,1.920853805842549,ACTIVE,True
720,short,12,3.5,1.25,5,2024-06-03 22:50:00,445064,44506,0.15844,447944,2024-06-04 22:50:00,SL,-1.25,1378.0306603440404,12.5,0.002,172.25383254300505,169.61373956278044,169.61373956278044,1208.41692078126,0.0,169.61373956278044,-2.1201717445347557,0.3392274791255609,-2.4593992236603164,1369.6647297417614,1367.2053305181012,36.72053305181011,1396.4892465829316,2.096966814208219,ACTIVE,True
721,short,98,2.5,1.0,8,2024-06-05 14:30:00,449827,44982,172.5,452707,2024-06-06 14:30:00,SL,-1.0,1367.2053305181012,12.5,0.002,170.90066631476265,170.90066631476265,170.90066631476265,3.979039320256561e-13,5.684341886080802e-14,1367.2053305181007,-1.7090066631476264,0.3418013326295253,-2.0508079957771517,1367.2053305181012,1365.154522522324,36.51545225223241,1396.4892465829316,2.2438213639869087,ACTIVE,True
722,short,21,3.5,1.0,10,2024-06-05 15:00:00,449889,44988,0.5278,452769,2024-06-06 15:00:00,Time_288,0.11367942402426012,1367.2053305181012,12.5,0.002,170.90066631476265,170.90066631476265,170.90066631476265,170.90066631476304,0.0,1196.3046642033382,0.1942788931202449,0.3418013326295253,-0.14752243950928037,1365.154522522324,1365.0070000828148,36.50070000828147,1396.4892465829316,2.254385171754865,ACTIVE,True
723,short,65,2.5,1.25,5,2024-06-05 21:15:00,450634,45063,0.1639,453514,2024-06-06 21:15:00,TP,2.5,1367.2053305181012,12.5,0.002,170.90066631476265,170.90066631476265,170.90066631476265,341.8013326295257,0.0,1025.4039978885755,4.272516657869066,0.3418013326295253,3.9307153252395413,1365.0070000828148,1368.9377154080544,36.893771540805446,1396.4892465829316,1.9729139513457103,ACTIVE,True
724,short,8,2.5,1.25,10,2024-06-06 00:25:00,451019,45101,0.5252,453899,2024-06-07 00:25:00,Time_288,0.7425742574257453,1367.2053305181012,12.5,0.002,170.90066631476265,170.90066631476265,170.90066631476265,512.7019989442883,170.90066631476265,854.5033315738128,1.2690643538224995,0.3418013326295253,0.9272630211929742,1368.9377154080544,1369.8649784292475,36.986497842924734,1396.4892465829316,1.906514369432566,ACTIVE,True
725,short,4,2.0,1.5,4,2024-06-06 01:00:00,451083,45108,70960.0,453963,2024-06-07 01:00:00,Time_288,0.16909526493800062,1367.2053305181012,12.5,0.002,170.90066631476265,170.90066631476265,170.90066631476265,683.602665259051,2.842170943040401e-14,683.6026652590501,0.2889849344857563,0.3418013326295253,-0.05281639814376898,1369.8649784292475,1369.8121620311038,36.981216203110364,1396.4892465829316,1.9102964535605276,ACTIVE,True
726,short,52,2.5,2.0,9,2024-06-06 04:00:00,451448,45144,0.11406,454328,2024-06-07 04:00:00,Time_288,0.32439067157635926,1367.2053305181012,12.5,0.002,170.90066631476265,170.90066631476265,170.90066631476265,854.5033315738137,0.0,512.7019989442874,0.5543858191869313,0.3418013326295253,0.21258448655740603,1369.8121620311038,1370.0247465176612,37.002474651766114,1396.4892465829316,1.8950736735013427,ACTIVE,True
727,short,5,2.5,1.0,3,2024-06-06 04:40:00,451522,45152,701.1,454402,2024-06-07 04:40:00,SL,-1.0,1367.2053305181012,12.5,0.002,170.90066631476265,170.90066631476265,170.90066631476265,1025.4039978885764,8.526512829121202e-14,341.8013326295247,-1.7090066631476264,0.3418013326295253,-2.0508079957771517,1370.0247465176612,1367.973938521884,36.79739385218841,1396.4892465829316,2.041928223280032,ACTIVE,True
728,short,5,2.5,1.0,3,2024-06-06 04:45:00,451532,45153,701.1,454412,2024-06-07 04:45:00,SL,-1.0,1367.2053305181012,12.5,0.002,170.90066631476265,170.90066631476202,170.90066631476202,1196.3046642033391,170.90066631476273,170.90066631476202,-1.7090066631476202,0.34180133262952406,-2.050807995777144,1367.973938521884,1365.923130526107,36.59231305261068,1396.4892465829316,2.1887827730587217,ACTIVE,True
729,short,42,3.0,2.0,10,2024-06-06 21:10:00,453509,45350,0.5206,456389,2024-06-07 21:10:00,TP,3.0,1365.0070000828148,12.5,0.002,170.62587501035185,170.62587501035185,170.62587501035185,1025.4039978885758,170.90066631476265,339.603002194239,5.118776250310555,0.3412517500207037,4.777524500289851,1365.923130526107,1370.7006550263968,37.07006550263967,1396.4892465829316,1.8466731211598582,ACTIVE,True
730,short,29,3.5,1.0,7,2024-06-06 21:15:00,453516,45351,3803.82,456396,2024-06-07 21:15:00,TP,3.5,1368.9377154080544,12.5,0.002,171.1172144260068,171.1172144260068,171.1172144260068,1025.1292065841649,0.0,343.8085088238895,5.989102504910239,0.3422344288520136,5.646868076058225,1370.7006550263968,1376.347523102455,37.63475231024549,1396.4892465829316,1.4423113912091663,ACTIVE,True
731,short,42,3.0,2.0,10,2024-06-06 21:15:00,453519,45351,0.5208,456399,2024-06-07 21:15:00,TP,3.0,1368.9377154080544,12.5,0.002,171.1172144260068,171.1172144260068,171.1172144260068,1196.2464210101716,341.5265413251145,172.69129439788276,5.133516432780204,0.3422344288520136,4.79128200392819,1376.347523102455,1381.1388051063832,38.11388051063831,1396.4892465829316,1.0992165900388724,ACTIVE,True
732,short,4,2.0,1.5,2,2024-06-06 21:30:00,453541,45354,36.09,456421,2024-06-07 21:30:00,SL,-1.5,1368.9377154080544,12.5,0.002,171.1172144260068,1.5740799718760172,1.5740799718760172,1367.3636354361784,5.684341886080802e-14,1.5740799718760172,-0.023611199578140257,0.0031481599437520346,-0.026759359521892293,1381.1388051063832,1381.1120457468612,38.11120457468613,1396.4892465829316,1.101132778050162,ACTIVE,True
733,short,52,2.5,2.0,9,2024-06-07 04:55:00,454438,45443,0.11399,457318,2024-06-08 04:55:00,TP,2.5,1365.923130526107,12.5,0.002,170.74039131576336,170.74039131576336,170.74039131576336,514.4343838342415,0.0,851.4887466918653,4.268509782894085,0.3414807826315267,3.927029000262558,1381.1120457468612,1385.0390747471238,38.50390747471237,1396.4892465829316,0.8199255285227055,ACTIVE,True
734,short,7,3.0,1.75,9,2024-06-07 05:10:00,454468,45446,0.114,457348,2024-06-08 05:10:00,Time_288,1.2017543859649211,1365.923130526107,12.5,0.002,170.74039131576336,170.74039131576336,170.74039131576336,685.174775150005,170.74039131576336,680.7483553761019,2.0518801412508556,0.3414807826315267,1.710399358619329,1385.0390747471238,1386.749474105743,38.67494741057431,1396.4892465829316,0.6974470087056397,ACTIVE,True
735,short,85,2.0,1.0,1,2024-06-07 12:35:00,455350,45535,0.477,458230,2024-06-08 12:35:00,SL,-1.0,1365.923130526107,12.5,0.002,170.74039131576336,170.74039131576336,170.74039131576336,855.9151664657684,2.842170943040401e-14,510.0079640603385,-1.7074039131576337,0.3414807826315267,-2.0488846957891607,1386.749474105743,1384.7005894099539,38.47005894099538,1396.4892465829316,0.8441638345460533,ACTIVE,True
736,short,24,3.5,1.0,8,2024-06-07 13:45:00,455497,45549,171.67,458377,2024-06-08 13:45:00,TP,3.5,1365.923130526107,12.5,0.002,170.74039131576336,170.74039131576336,170.74039131576336,1026.6555577815318,5.684341886080802e-14,339.2675727445751,5.975913696051718,0.3414807826315267,5.634432913420191,1384.7005894099539,1390.335022323374,39.03350223233739,1396.4892465829316,0.44069256348492397,ACTIVE,True
737,short,24,3.5,1.0,8,2024-06-07 13:50:00,455507,45550,171.58,458387,2024-06-08 13:50:00,TP,3.5,1365.923130526107,12.5,0.002,170.74039131576336,168.52718142881167,168.52718142881167,1197.3959490972952,170.74039131576342,168.52718142881167,5.8984513500084095,0.33705436285762336,5.561396987150786,1390.335022323374,1395.8964193105248,39.589641931052476,1396.4892465829316,0.04245125938902733,ACTIVE,True
738,short,8,2.5,1.25,8,2024-06-08 05:20:00,457367,45736,162.17,460247,2024-06-09 05:20:00,TP,2.5,1386.749474105743,12.5,0.002,173.34368426321788,173.34368426321788,173.34368426321788,510.0079640603388,339.2675727445751,876.7415100454043,4.333592106580447,0.3466873685264358,3.9869047380540112,1395.8964193105248,1399.8833240485787,39.988332404857886,1399.8833240485787,0.0,ACTIVE,True
739,short,34,2.0,2.0,8,2024-06-08 14:00:00,458407,45840,160.02,461287,2024-06-09 14:00:00,TP,2.0,1395.8964193105248,12.5,0.002,174.4870524138156,174.4870524138156,174.4870524138156,173.34368426321822,173.343684263218,1222.5527350473067,3.4897410482763123,0.3489741048276312,3.140766943448681,1399.8833240485787,1403.0240909920274,40.30240909920273,1403.0240909920274,0.0,ACTIVE,True
740,short,34,2.0,2.0,7,2024-06-08 14:15:00,458436,45843,3685.0,461316,2024-06-09 14:15:00,Time_288,-0.21655359565807375,1395.8964193105248,12.5,0.002,174.4870524138156,174.4870524138156,174.4870524138156,347.8307366770338,0.0,1048.065682633491,-0.37785798595990544,0.3489741048276312,-0.7268320907875366,1403.0240909920274,1402.2972589012397,40.229725890123966,1403.0240909920274,0.05180467644527202,ACTIVE,True
741,short,38,2.0,1.5,1,2024-06-08 18:00:00,458880,45888,0.4354,461760,2024-06-09 18:00:00,SL,-1.5,1395.8964193105248,12.5,0.002,174.4870524138156,174.4870524138156,174.4870524138156,522.3177890908494,2.842170943040401e-14,873.5786302196755,-2.617305786207234,0.3489741048276312,-2.966279891034865,1402.2972589012397,1399.3309790102048,39.93309790102049,1403.0240909920274,0.2632251295992555,ACTIVE,True
742,short,29,3.5,1.0,3,2024-06-09 00:00:00,459602,45960,682.8,462482,2024-06-10 00:00:00,Time_288,1.5524311657879188,1395.8964193105248,12.5,0.002,174.4870524138156,174.4870524138156,174.4870524138156,696.804841504665,5.684341886080802e-14,699.0915778058599,2.7087913819367744,0.3489741048276312,2.3598172771091432,1399.3309790102048,1401.690796287314,40.169079628731396,1403.0240909920274,0.09503006493428269,ACTIVE,True
743,short,8,2.5,1.25,3,2024-06-09 01:25:00,459772,45977,682.3,462652,2024-06-10 01:25:00,Time_288,1.3483804777956812,1395.8964193105248,12.5,0.002,174.4870524138156,174.4870524138156,174.4870524138156,871.2918939184806,174.48705241381566,524.6045253920443,2.3527493510290074,0.3489741048276312,2.0037752462013763,1401.690796287314,1403.6945715335155,40.36945715335154,1403.6945715335155,0.0,ACTIVE,True
744,short,8,2.5,1.25,3,2024-06-09 02:05:00,459852,45985,681.8,462732,2024-06-10 02:05:00,Time_288,1.3787034320915192,1395.8964193105248,12.5,0.002,174.4870524138156,174.4870524138156,174.4870524138156,1045.778946332296,348.97410482763127,350.11747297822876,2.4056589801846036,0.3489741048276312,2.0566848753569724,1403.6945715335155,1405.7512564088725,40.57512564088726,1405.7512564088725,0.0,ACTIVE,True
745,short,8,2.5,1.25,3,2024-06-09 02:10:00,459862,45986,680.8,462742,2024-06-10 02:10:00,Time_288,1.1750881316098707,1395.8964193105248,12.5,0.002,174.4870524138156,174.4870524138156,174.4870524138156,1220.2659987461116,523.4611572414469,175.63042056441327,2.0503766441106417,0.3489741048276312,1.7014025392830106,1405.7512564088725,1407.4526589481554,40.74526589481555,1407.4526589481554,0.0,ACTIVE,True
746,short,29,3.5,1.0,3,2024-06-09 04:00:00,460082,46008,674.6,462962,2024-06-10 04:00:00,SL,-1.0,1395.8964193105248,12.5,0.002,174.4870524138156,1.1433681505977802,1.1433681505977802,1394.753051159927,697.9482096552625,1.1433681505977802,-0.011433681505977802,0.0022867363011955604,-0.013720417807173363,1407.4526589481554,1407.4389385303482,40.74389385303483,1407.4526589481554,0.0009748404480964222,ACTIVE,True
747,short,82,3.5,1.5,6,2024-06-09 11:00:00,460925,46092,6.481,463805,2024-06-10 11:00:00,Time_288,-0.04628915290850353,1399.8833240485787,12.5,0.002,174.98541550607234,174.98541550607234,174.98541550607234,1222.552735047307,5.684341886080802e-14,177.33058900127185,-0.08099926655118607,0.3499708310121447,-0.43097009756333077,1407.4389385303482,1407.0079684327848,40.700796843278475,1407.4526589481554,0.03159541548651457,ACTIVE,True
748,short,8,2.5,1.25,3,2024-06-09 23:20:00,462402,46240,672.9,465282,2024-06-10 23:20:00,TP,2.5,1399.3309790102048,12.5,0.002,174.9163723762756,174.9163723762756,174.9163723762756,874.0769933119326,699.0915778058603,525.2539856982722,4.37290930940689,0.3498327447525512,4.023076564654339,1407.0079684327848,1411.031044997439,41.10310449974391,1411.031044997439,0.0,ACTIVE,True
749,short,65,2.5,1.25,5,2024-06-10 01:35:00,462674,46267,0.14649,465554,2024-06-11 01:35:00,Time_288,1.2697112430882658,1403.6945715335155,12.5,0.002,175.46182144168944,175.46182144168944,175.46182144168944,700.0192608605769,0.0,703.6753106729386,2.227858474172588,0.3509236428833789,1.8769348312892093,1411.031044997439,1412.9079798287282,41.29079798287283,1412.9079798287282,0.0,ACTIVE,True
750,short,29,3.5,1.0,3,2024-06-10 08:55:00,463552,46355,646.8,466432,2024-06-11 08:55:00,SL,-1.0,1407.4389385303482,12.5,0.002,175.92986731629352,175.92986731629352,175.92986731629352,525.3636093240373,174.91637237627572,882.0753292063109,-1.7592986731629352,0.3518597346325871,-2.1111584077955223,1412.9079798287282,1410.7968214209327,41.079682142093276,1412.9079798287282,0.14941938455549256,ACTIVE,True
751,short,42,3.0,2.0,7,2024-06-10 09:25:00,463616,46361,3663.46,466496,2024-06-11 09:25:00,TP,3.0,1407.4389385303482,12.5,0.002,175.92986731629352,175.92986731629352,175.92986731629352,701.2934766403308,0.0,706.1454618900174,5.277896019488805,0.3518597346325871,4.9260362848562185,1410.7968214209327,1415.722857705789,41.5722857705789,1415.722857705789,0.0,ACTIVE,True
752,short,4,2.0,1.5,7,2024-06-10 09:30:00,463626,46362,3668.01,466506,2024-06-11 09:30:00,TP,2.0,1407.4389385303482,12.5,0.002,175.92986731629352,175.92986731629352,175.92986731629352,877.2233439566244,175.92986731629352,530.2155945737238,3.5185973463258704,0.3518597346325871,3.1667376116932835,1415.722857705789,1418.8895953174822,41.88895953174823,1418.8895953174822,0.0,ACTIVE,True
753,short,8,2.5,1.25,8,2024-06-10 09:30:00,463627,46362,159.26,466507,2024-06-11 09:30:00,SL,-1.25,1407.4389385303482,12.5,0.002,175.92986731629352,175.92986731629352,175.92986731629352,1053.1532112729178,1.1368683772161603e-13,354.2857272574304,-2.199123341453669,0.3518597346325871,-2.550983076086256,1418.8895953174822,1416.3386122413958,41.633861224139594,1418.8895953174822,0.17978728468408955,ACTIVE,True
754,short,74,2.5,1.75,1,2024-06-10 11:10:00,463820,46382,0.4491,466700,2024-06-11 11:10:00,TP,2.5,1407.0079684327848,12.5,0.002,175.8759960540981,175.8759960540981,175.8759960540981,1054.097663083139,2.842170943040401e-14,352.9103053496458,4.396899901352453,0.3517519921081962,4.045147909244257,1416.3386122413958,1420.38376015064,42.038376015063996,1420.38376015064,0.0,ACTIVE,True
755,short,4,2.0,1.5,4,2024-06-10 21:30:00,465063,46506,69563.37,467943,2024-06-11 21:30:00,TP,2.0,1407.0079684327848,12.5,0.002,175.8759960540981,175.8759960540981,175.8759960540981,1229.973659137237,2.842170943040401e-14,177.0343092955477,3.517519921081962,0.3517519921081962,3.1657679289737657,1420.38376015064,1423.5495280796138,42.354952807961375,1423.5495280796138,0.0,ACTIVE,True
756,short,31,2.5,2.0,3,2024-06-11 02:05:00,465612,46561,622.8,468492,2024-06-12 02:05:00,TP,2.5,1412.9079798287282,12.5,0.002,176.61349747859103,176.61349747859103,176.61349747859103,1055.4714613733702,175.92986731629367,357.43651845535805,4.4153374369647755,0.35322699495718207,4.062110442007594,1423.5495280796138,1427.6116385216214,42.761163852162156,1427.6116385216214,0.0,ACTIVE,True
757,short,31,2.5,2.0,3,2024-06-11 02:10:00,465622,46562,621.6,468502,2024-06-12 02:10:00,TP,2.5,1412.9079798287282,12.5,0.002,176.61349747859103,176.61349747859103,176.61349747859103,1232.0849588519611,352.5433647948847,180.8230209767671,4.4153374369647755,0.35322699495718207,4.062110442007594,1427.6116385216214,1431.6737489636291,43.16737489636291,1431.6737489636291,0.0,ACTIVE,True
758,short,53,2.5,1.5,10,2024-06-11 03:00:00,465729,46572,0.4894,468609,2024-06-12 03:00:00,TP,2.5,1412.9079798287282,12.5,0.002,176.61349747859103,4.209523498176168,4.209523498176168,1408.698456330552,0.0,4.209523498176168,0.1052380874544042,0.008419046996352335,0.09681904045805187,1431.6737489636291,1431.7705680040872,43.17705680040871,1431.7705680040872,0.0,ACTIVE,True
759,short,8,2.5,1.25,7,2024-06-11 15:25:00,467216,46721,3512.38,470096,2024-06-12 15:25:00,SL,-1.25,1420.38376015064,12.5,0.002,177.54797001883,177.54797001883,177.54797001883,533.3125145094562,0.0,887.0712456411839,-2.2193496252353753,0.35509594003766,-2.5744455652730354,1431.7705680040872,1429.1961224388142,42.91961224388141,1431.7705680040872,0.17980852678525183,ACTIVE,True
760,short,8,2.5,1.25,10,2024-06-11 16:05:00,467299,46729,0.4796,470179,2024-06-12 16:05:00,SL,-1.25,1420.38376015064,12.5,0.002,177.54797001883,177.54797001883,177.54797001883,710.8604845282862,4.209523498176168,709.5232756223538,-2.2193496252353753,0.35509594003766,-2.5744455652730354,1429.1961224388142,1426.6216768735412,42.66216768735411,1431.7705680040872,0.35961705357050366,ACTIVE,True
761,short,85,2.0,1.0,10,2024-06-12 09:00:00,469329,46932,0.4804,472209,2024-06-13 09:00:00,SL,-1.0,1431.7705680040872,12.5,0.002,178.9713210005109,178.9713210005109,178.9713210005109,355.09594003765983,177.54797001883,1076.6746279664274,-1.789713210005109,0.3579426420010218,-2.147655852006131,1426.6216768735412,1424.474021021535,42.4474021021535,1431.7705680040872,0.5096170535705092,ACTIVE,True
762,short,74,2.5,1.75,10,2024-06-12 09:45:00,469419,46941,0.4818,472299,2024-06-13 09:45:00,SL,-1.75,1431.7705680040872,12.5,0.002,178.9713210005109,178.9713210005109,178.9713210005109,534.0672610381707,356.5192910193409,897.7033069659165,-3.131998117508941,0.3579426420010218,-3.4899407595099627,1424.474021021535,1420.9840802620251,42.098408026202506,1431.7705680040872,0.7533670535705023,ACTIVE,True
763,short,8,2.5,1.25,7,2024-06-12 17:50:00,470386,47038,3620.37,473266,2024-06-13 17:50:00,TP,2.5,1426.6216768735412,12.5,0.002,178.32770960919265,178.32770960919265,178.32770960919265,357.94264200102157,0.0,1068.6790348725197,4.4581927402298165,0.35665541921838534,4.101537321011431,1420.9840802620251,1425.0856175830365,42.508561758303664,1431.7705680040872,0.46690095259952014,ACTIVE,True
764,short,28,1.5,2.0,8,2024-06-12 18:30:00,470467,47046,157.63,473347,2024-06-13 18:30:00,TP,1.5,1426.6216768735412,12.5,0.002,178.32770960919265,178.32770960919265,178.32770960919265,536.2703516102142,1.1368683772161603e-13,890.351325263327,2.6749156441378896,0.35665541921838534,2.3182602249195043,1425.0856175830365,1427.403877807956,42.74038778079559,1431.7705680040872,0.30498533031157865,ACTIVE,True
765,short,31,2.5,2.0,10,2024-06-12 18:35:00,470479,47047,0.4944,473359,2024-06-13 18:35:00,TP,2.5,1426.6216768735412,12.5,0.002,178.32770960919265,178.32770960919265,178.32770960919265,714.5980612194069,357.9426420010218,712.0236156541343,4.4581927402298165,0.35665541921838534,4.101537321011431,1427.403877807956,1431.5054151289673,43.150541512896744,1431.7705680040872,0.018519229340596525,ACTIVE,True
766,short,21,3.5,1.0,1,2024-06-12 19:15:00,470550,47055,0.4438,473430,2024-06-13 19:15:00,TP,3.5,1426.6216768735412,12.5,0.002,178.32770960919265,178.32770960919265,178.32770960919265,892.9257708285995,2.842170943040401e-14,533.6959060449417,6.241469836321744,0.35665541921838534,5.8848144171033585,1431.5054151289673,1437.3902295460707,43.73902295460708,1437.3902295460707,0.0,ACTIVE,True
767,short,19,3.5,1.25,5,2024-06-13 04:00:00,471604,47160,0.1432,474484,2024-06-14 04:00:00,SL,-1.25,1426.6216768735412,12.5,0.002,178.32770960919265,178.32770960919265,178.32770960919265,1071.2534804377922,0.0,355.36819643574904,-2.2290963701149082,0.35665541921838534,-2.5857517893332935,1437.3902295460707,1434.8044777567375,43.480447775673746,1437.3902295460707,0.17989212227704007,ACTIVE,True
768,short,42,3.0,2.0,7,2024-06-13 04:50:00,471706,47170,3503.01,474586,2024-06-14 04:50:00,Time_288,0.1624317372773716,1426.6216768735412,12.5,0.002,178.32770960919265,177.0404868265564,177.0404868265564,1249.5811900469848,178.32770960919265,177.0404868265564,0.2875699384366917,0.3540809736531128,-0.0665110352164211,1434.8044777567375,1434.7379667215212,43.47379667215212,1437.3902295460707,0.18451933024389205,ACTIVE,True
769,short,91,2.0,1.25,6,2024-06-13 13:25:00,472735,47273,6.52,475615,2024-06-14 13:25:00,TP,2.0,1420.9840802620251,12.5,0.002,177.62301003275314,177.62301003275314,177.62301003275314,1068.6790348725194,5.684341886080802e-14,352.3050453895057,3.5524602006550627,0.3552460200655063,3.1972141805895564,1434.7379667215212,1437.9351809021107,43.79351809021106,1437.9351809021107,0.0,ACTIVE,True
770,short,13,3.0,1.5,1,2024-06-14 17:40:00,476120,47612,0.4066,479000,2024-06-15 17:40:00,SL,-1.5,1437.9351809021107,12.5,0.002,179.74189761276384,179.74189761276384,179.74189761276384,-1.7053025658242404e-13,2.842170943040401e-14,1437.935180902111,-2.6961284641914576,0.3594837952255277,-3.055612259416985,1437.9351809021107,1434.8795686426938,43.487956864269385,1437.9351809021107,0.2124999999999924,ACTIVE,True
771,short,52,2.5,2.0,1,2024-06-14 17:45:00,476130,47613,0.4057,479010,2024-06-15 17:45:00,SL,-2.0,1437.9351809021107,12.5,0.002,179.74189761276384,179.74189761276384,179.74189761276384,179.74189761276367,179.74189761276386,1258.193283289347,-3.594837952255277,0.3594837952255277,-3.9543217474808046,1434.8795686426938,1430.925246895213,43.0925246895213,1437.9351809021107,0.4874999999999984,ACTIVE,True
772,short,62,3.5,1.75,3,2024-06-14 17:45:00,476132,47613,593.9,479012,2024-06-15 17:45:00,SL,-1.75,1437.9351809021107,12.5,0.002,179.74189761276384,179.74189761276384,179.74189761276384,359.4837952255275,1.7053025658242404e-13,1078.4513856765832,-3.1454832082233675,0.3594837952255277,-3.504967003448895,1430.925246895213,1427.420279891764,42.742027989176414,1437.9351809021107,0.7312499999999974,ACTIVE,True
773,short,52,2.5,2.0,1,2024-06-14 17:55:00,476150,47615,0.4063,479030,2024-06-15 17:55:00,SL,-2.0,1437.9351809021107,12.5,0.002,179.74189761276384,179.74189761276384,179.74189761276384,539.2256928382914,359.48379522552773,898.7094880638193,-3.594837952255277,0.3594837952255277,-3.9543217474808046,1427.420279891764,1423.4659581442831,42.346595814428326,1437.9351809021107,1.0062500000000034,ACTIVE,True
774,short,23,2.5,2.0,2,2024-06-14 18:00:00,476161,47616,29.82,479041,2024-06-15 18:00:00,SL,-2.0,1437.9351809021107,12.5,0.002,179.74189761276384,179.74189761276384,179.74189761276384,718.9675904510552,5.684341886080802e-14,718.9675904510555,-3.594837952255277,0.3594837952255277,-3.9543217474808046,1423.4659581442831,1419.5116363968023,41.95116363968023,1437.9351809021107,1.2812500000000093,ACTIVE,True
775,short,29,3.5,1.0,3,2024-06-14 18:00:00,476162,47616,595.1,479042,2024-06-15 18:00:00,SL,-1.0,1437.9351809021107,12.5,0.002,179.74189761276384,179.74189761276384,179.74189761276384,898.7094880638191,179.741897612764,539.2256928382916,-1.7974189761276385,0.3594837952255277,-2.1569027713531663,1419.5116363968023,1417.3547336254492,41.73547336254493,1437.9351809021107,1.4312500000000041,ACTIVE,True
776,short,52,2.5,2.0,1,2024-06-14 18:00:00,476160,47616,0.4067,479040,2024-06-15 18:00:00,SL,-2.0,1437.9351809021107,12.5,0.002,179.74189761276384,179.74189761276384,179.74189761276384,1078.451385676583,539.2256928382916,359.48379522552773,-3.594837952255277,0.3594837952255277,-3.9543217474808046,1417.3547336254492,1413.4004118779683,41.34004118779684,1437.9351809021107,1.7062500000000098,ACTIVE,True
777,short,50,3.5,1.75,2,2024-06-14 18:05:00,476171,47617,29.65,479051,2024-06-15 18:05:00,SL,-1.75,1437.9351809021107,12.5,0.002,179.74189761276384,179.74189761276384,179.74189761276384,1258.1932832893467,179.7418976127639,179.74189761276398,-3.1454832082233675,0.3594837952255277,-3.504967003448895,1413.4004118779683,1409.8954448745194,40.98954448745194,1437.9351809021107,1.950000000000009,ACTIVE,True
778,short,91,2.0,1.25,8,2024-06-16 23:00:00,482527,48252,150.66,485407,2024-06-17 23:00:00,TP,2.0,1409.8954448745194,12.5,0.002,176.23693060931492,176.23693060931492,176.23693060931492,-1.7053025658242404e-13,1.1368683772161603e-13,1409.8954448745196,3.5247386121862987,0.35247386121862984,3.1722647509676687,1409.8954448745194,1413.0677096254872,41.30677096254871,1437.9351809021107,1.729387500000002,ACTIVE,True
779,short,44,3.0,1.0,8,2024-06-17 02:35:00,482957,48295,148.35,485837,2024-06-18 02:35:00,TP,3.0,1409.8954448745194,12.5,0.002,176.23693060931492,176.23693060931492,176.23693060931492,176.23693060931475,176.23693060931504,1233.6585142652048,5.287107918279448,0.35247386121862984,4.934634057060818,1413.0677096254872,1418.002343682548,41.8002343682548,1437.9351809021107,1.386212500000007,ACTIVE,True
780,short,9,2.5,1.5,2,2024-06-17 11:35:00,484031,48403,28.65,486911,2024-06-18 11:35:00,SL,-1.5,1409.8954448745194,12.5,0.002,176.23693060931492,176.23693060931492,176.23693060931492,352.4738612186297,5.684341886080802e-14,1057.4215836558897,-2.643553959139724,0.35247386121862984,-2.996027820358354,1418.002343682548,1415.0063158621895,41.50063158621895,1437.9351809021107,1.5945687500000134,ACTIVE,True
781,short,9,2.5,1.5,2,2024-06-17 11:40:00,484041,48404,28.62,486921,2024-06-18 11:40:00,SL,-1.5,1409.8954448745194,12.5,0.002,176.23693060931492,176.23693060931492,176.23693060931492,528.7107918279446,176.23693060931498,881.1846530465748,-2.643553959139724,0.35247386121862984,-2.996027820358354,1415.0063158621895,1412.010288041831,41.2010288041831,1437.9351809021107,1.80292500000002,ACTIVE,True
782,short,45,3.0,1.0,8,2024-06-17 11:55:00,484077,48407,143.94,486957,2024-06-18 11:55:00,SL,-1.0,1409.8954448745194,12.5,0.002,176.23693060931492,176.23693060931492,176.23693060931492,704.9477224372595,352.47386121862996,704.9477224372599,-1.7623693060931493,0.35247386121862984,-2.114843167311779,1412.010288041831,1409.8954448745192,40.98954448745191,1437.9351809021107,1.950000000000025,ACTIVE,True
783,short,9,2.5,1.5,5,2024-06-17 22:35:00,485354,48535,0.13009,488234,2024-06-18 22:35:00,TP,2.5,1409.8954448745194,12.5,0.002,176.23693060931492,176.23693060931492,176.23693060931492,881.1846530465743,0.0,528.7107918279451,4.4059232652328735,0.35247386121862984,4.053449404014244,1409.8954448745192,1413.9488942785333,41.39488942785332,1437.9351809021107,1.6681062500000319,ACTIVE,True
784,short,41,3.5,1.0,1,2024-06-17 23:15:00,485430,48543,0.4027,488310,2024-06-18 23:15:00,TP,3.5,1413.0677096254872,12.5,0.002,176.6334637031859,176.6334637031859,176.6334637031859,881.1846530465743,5.684341886080802e-14,531.8830565789128,6.182171229611507,0.3532669274063718,5.828904302205135,1413.9488942785333,1419.7777985807384,41.97777985807383,1437.9351809021107,1.262739973437538,ACTIVE,True
785,short,41,3.5,1.0,1,2024-06-17 23:20:00,485440,48544,0.403,488320,2024-06-18 23:20:00,TP,3.5,1413.0677096254872,12.5,0.002,176.6334637031859,176.6334637031859,176.6334637031859,1057.8181167497603,176.63346370318595,355.2495928757269,6.182171229611507,0.3532669274063718,5.828904302205135,1419.7777985807384,1425.6067028829434,42.56067028829433,1437.9351809021107,0.857373696875044,ACTIVE,True
786,short,41,3.5,1.0,1,2024-06-17 23:25:00,485450,48545,0.402,488330,2024-06-18 23:25:00,TP,3.5,1413.0677096254872,12.5,0.002,176.6334637031859,176.6334637031859,176.6334637031859,1234.4515804529462,353.26692740637185,178.61612917254092,6.182171229611507,0.3532669274063718,5.828904302205135,1425.6067028829434,1431.4356071851485,43.14356071851484,1437.9351809021107,0.45200742031255015,ACTIVE,True
787,short,41,3.5,1.0,1,2024-06-17 23:30:00,485460,48546,0.4025,488340,2024-06-18 23:30:00,TP,3.5,1413.0677096254872,12.5,0.002,176.6334637031859,1.98266546935497,1.98266546935497,1411.0850441561322,529.9003911095577,1.98266546935497,0.06939329142742395,0.00396533093870994,0.06542796048871401,1431.4356071851485,1431.5010351456372,43.15010351456372,1437.9351809021107,0.4474572875000503,ACTIVE,True
788,short,45,3.0,1.0,2,2024-06-18 03:00:00,485881,48588,26.29,488761,2024-06-19 03:00:00,SL,-1.0,1418.002343682548,12.5,0.002,177.2502929603185,177.2502929603185,177.2502929603185,1236.8307790161723,352.4738612186299,181.17156466637562,-1.772502929603185,0.354500585920637,-2.127003515523822,1431.5010351456372,1429.3740316301134,42.93740316301133,1437.9351809021107,0.5953779687500427,ACTIVE,True
789,short,9,2.5,1.5,6,2024-06-18 03:05:00,485895,48589,5.706,488775,2024-06-19 03:05:00,SL,-1.5,1418.002343682548,12.5,0.002,177.2502929603185,3.9212717060570412,3.9212717060570412,1414.0810719764909,5.684341886080802e-14,3.9212717060570412,-0.05881907559085561,0.007842543412114083,-0.0666616190029697,1429.3740316301134,1429.3073700111104,42.93073700111103,1437.9351809021107,0.6000138953125493,ACTIVE,True
790,short,17,3.0,1.25,6,2024-06-18 12:20:00,487005,48700,5.824,489885,2024-06-19 12:20:00,TP,3.0,1409.8954448745192,12.5,0.002,176.2369306093149,176.2369306093149,176.2369306093149,889.2915518546033,3.921271706057098,520.6038930199159,5.287107918279447,0.3524738612186298,4.934634057060817,1429.3073700111104,1434.2420040681711,43.424200406817114,1437.9351809021107,0.25683889531255427,ACTIVE,True
791,short,91,2.0,1.25,6,2024-06-19 02:05:00,488655,48865,5.87,491535,2024-06-20 02:05:00,SL,-1.25,1431.5010351456372,12.5,0.002,178.93762939320465,178.93762939320465,178.93762939320465,357.40849527569054,180.158202315372,1074.0925398699467,-2.236720367415058,0.3578752587864093,-2.594595626201467,1434.2420040681711,1431.6474084419697,43.16474084419697,1437.9351809021107,0.4372778789789595,ACTIVE,True
792,short,19,3.5,1.25,5,2024-06-19 15:20:00,490244,49024,0.12244,493124,2024-06-20 15:20:00,SL,-1.25,1434.2420040681711,12.5,0.002,179.2802505085214,179.2802505085214,179.2802505085214,178.9376293932048,0.0,1255.3043746749663,-2.2410031313565173,0.3585605010170428,-2.59956363237356,1431.6474084419697,1429.0478448095962,42.90478448095962,1437.9351809021107,0.6180623584811995,ACTIVE,True
793,short,5,2.5,1.0,6,2024-06-20 13:10:00,492865,49286,5.806,495745,2024-06-21 13:10:00,TP,2.5,1431.6474084419697,12.5,0.002,178.9559260552462,178.9559260552462,178.9559260552462,179.28025050852153,2.842170943040401e-14,1252.3671579334482,4.473898151381156,0.3579118521104924,4.115986299270664,1429.0478448095962,1433.1638311088668,43.31638311088668,1437.9351809021107,0.3318195323832672,ACTIVE,True
794,short,18,3.0,1.75,2,2024-06-20 13:10:00,492861,49286,27.93,495741,2024-06-21 13:10:00,TP,3.0,1431.6474084419697,12.5,0.002,178.9559260552462,178.9559260552462,178.9559260552462,358.23617656376774,8.526512829121202e-14,1073.411231878202,5.368677781657386,0.3579118521104924,5.010765929546894,1433.1638311088668,1438.1745970384138,43.817459703841386,1438.1745970384138,0.0,ACTIVE,True
795,short,5,2.5,1.0,6,2024-06-20 13:30:00,492905,49290,5.741,495785,2024-06-21 13:30:00,TP,2.5,1431.6474084419697,12.5,0.002,178.9559260552462,178.9559260552462,178.9559260552462,537.1921026190139,178.95592605524624,894.4553058229558,4.473898151381156,0.3579118521104924,4.115986299270664,1438.1745970384138,1442.2905833376844,44.22905833376844,1442.2905833376844,0.0,ACTIVE,True
796,short,5,2.5,1.0,6,2024-06-20 13:35:00,492915,49291,5.761,495795,2024-06-21 13:35:00,TP,2.5,1431.6474084419697,12.5,0.002,178.9559260552462,178.9559260552462,178.9559260552462,716.1480286742601,357.9118521104924,715.4993797677096,4.473898151381156,0.3579118521104924,4.115986299270664,1442.2905833376844,1446.406569636955,44.640656963695506,1446.406569636955,0.0,ACTIVE,True
797,short,29,3.5,1.0,7,2024-06-20 15:25:00,493136,49313,3521.01,496016,2024-06-21 15:25:00,Time_288,0.5739830332773844,1429.0478448095962,12.5,0.002,178.63098060119952,178.63098060119952,178.63098060119952,715.823704220985,0.0,713.2241405886112,1.0253115208279013,0.35726196120239906,0.6680495596255023,1446.406569636955,1447.0746191965807,44.707461919658066,1447.0746191965807,0.0,ACTIVE,True
798,short,45,3.0,1.0,7,2024-06-20 15:30:00,493146,49314,3525.72,496026,2024-06-21 15:30:00,Time_288,0.6767412046333706,1429.0478448095962,12.5,0.002,178.63098060119952,178.63098060119952,178.63098060119952,894.4546848221845,178.63098060119952,534.5931599874117,1.2088694499689603,0.35726196120239906,0.8516074887665612,1447.0746191965807,1447.9262266853473,44.79262266853472,1447.9262266853473,0.0,ACTIVE,True
799,short,39,3.5,1.75,7,2024-06-20 15:35:00,493156,49315,3522.99,496036,2024-06-21 15:35:00,Time_288,1.2761886919917338,1429.0478448095962,12.5,0.002,178.63098060119952,178.63098060119952,178.63098060119952,1073.085665423384,357.26196120239905,355.96217938621226,2.279668374826456,0.35726196120239906,1.922406413624057,1447.9262266853473,1449.8486330989713,44.98486330989713,1449.8486330989713,0.0,ACTIVE,True
800,short,62,3.5,1.75,2,2024-06-20 15:50:00,493181,49318,27.29,496061,2024-06-21 15:50:00,SL,-1.75,1429.0478448095962,12.5,0.002,178.63098060119952,177.3311987850127,177.3311987850127,1251.7166460245835,178.9559260552463,177.3311987850127,-3.1032959787377226,0.35466239757002543,-3.457958376307748,1449.8486330989713,1446.3906747226636,44.63906747226636,1449.8486330989713,0.23850478576625758,ACTIVE,True
801,short,21,3.5,1.0,10,2024-06-22 21:15:00,499599,49959,0.4875,502479,2024-06-23 21:15:00,Time_288,1.558974358974358,1446.3906747226636,12.5,0.002,180.79883434033295,180.79883434033295,180.79883434033295,2.842170943040401e-14,0.0,1446.3906747226636,2.8186074686903173,0.3615976686806659,2.4570098000096516,1446.3906747226636,1448.8476845226733,44.88476845226732,1449.8486330989713,0.0690381432548957,ACTIVE,True
802,short,80,2.0,1.75,6,2024-06-23 02:35:00,500235,50023,5.756,503115,2024-06-24 02:35:00,TP,2.0,1446.3906747226636,12.5,0.002,180.79883434033295,180.79883434033295,180.79883434033295,180.79883434033297,0.0,1265.5918403823307,3.615976686806659,0.3615976686806659,3.2543790181259933,1448.8476845226733,1452.1020635407992,45.21020635407993,1452.1020635407992,0.0,ACTIVE,True
803,short,63,3.5,1.5,10,2024-06-23 12:30:00,501429,50142,0.4859,504309,2024-06-24 12:30:00,TP,3.5,1446.3906747226636,12.5,0.002,180.79883434033295,180.79883434033295,180.79883434033295,361.59766868066595,180.79883434033295,1084.7930060419976,6.3279592019116535,0.3615976686806659,5.966361533230987,1452.1020635407992,1458.0684250740303,45.80684250740303,1458.0684250740303,0.0,ACTIVE,True
804,short,7,3.0,1.75,10,2024-06-23 13:05:00,501499,50149,0.486,504379,2024-06-24 13:05:00,TP,3.0,1446.3906747226636,12.5,0.002,180.79883434033295,180.79883434033295,180.79883434033295,542.3965030209989,361.5976686806659,903.9941717016646,5.423965030209988,0.3615976686806659,5.062367361529322,1458.0684250740303,1463.1307924355597,46.31307924355597,1463.1307924355597,0.0,ACTIVE,True
805,short,7,3.0,1.75,10,2024-06-23 13:10:00,501509,50150,0.4857,504389,2024-06-24 13:10:00,TP,3.0,1446.3906747226636,12.5,0.002,180.79883434033295,180.79883434033295,180.79883434033295,723.1953373613319,542.3965030209988,723.1953373613317,5.423965030209988,0.3615976686806659,5.062367361529322,1463.1307924355597,1468.193159797089,46.8193159797089,1468.193159797089,0.0,ACTIVE,True
806,short,31,2.5,2.0,10,2024-06-23 20:50:00,502429,50242,0.4804,505309,2024-06-24 20:50:00,TP,2.5,1446.3906747226636,12.5,0.002,180.79883434033295,180.79883434033295,180.79883434033295,903.9941717016649,723.1953373613318,542.3965030209987,4.519970858508324,0.3615976686806659,4.158373189827658,1468.193159797089,1472.3515329869167,47.23515329869168,1472.3515329869167,0.0,ACTIVE,True
807,short,98,2.5,1.0,1,2024-06-23 20:50:00,502420,50242,0.3845,505300,2024-06-24 20:50:00,TP,2.5,1446.3906747226636,12.5,0.002,180.79883434033295,180.79883434033295,180.79883434033295,1084.7930060419978,5.684341886080802e-14,361.5976686806657,4.519970858508324,0.3615976686806659,4.158373189827658,1472.3515329869167,1476.5099061767444,47.65099061767444,1476.5099061767444,0.0,ACTIVE,True
808,short,31,2.5,2.0,10,2024-06-23 21:00:00,502449,50244,0.4798,505329,2024-06-24 21:00:00,TP,2.5,1446.3906747226636,12.5,0.002,180.79883434033295,180.79883434033286,180.79883434033286,1265.5918403823307,903.9941717016648,180.79883434033286,4.519970858508322,0.36159766868066573,4.158373189827656,1476.5099061767444,1480.668279366572,48.0668279366572,1480.668279366572,0.0,ACTIVE,True
809,short,8,2.5,1.25,1,2024-06-23 21:20:00,502480,50248,0.384,505360,2024-06-24 21:20:00,TP,2.5,1448.8476845226733,12.5,0.002,181.10596056533416,181.10596056533416,181.10596056533416,1265.5918403823307,180.798834340333,183.25584414034256,4.527649014133354,0.3622119211306683,4.165437093002686,1480.668279366572,1484.8337164595748,48.48337164595748,1484.8337164595748,0.0,ACTIVE,True
810,short,8,2.5,1.25,10,2024-06-23 21:20:00,502489,50248,0.4797,505369,2024-06-24 21:20:00,TP,2.5,1448.8476845226733,12.5,0.002,181.10596056533416,2.1498835750085163,2.1498835750085163,1446.6978009476647,903.9941717016646,2.1498835750085163,0.053747089375212914,0.004299767150017033,0.04944732222519588,1484.8337164595748,1484.8831637818,48.48831637818001,1484.8831637818,0.0,ACTIVE,True
811,short,28,1.5,2.0,7,2024-06-24 03:25:00,503216,50321,3411.18,506096,2024-06-25 03:25:00,TP,1.5,1452.1020635407992,12.5,0.002,181.5127579425999,181.5127579425999,181.5127579425999,1268.0488501823404,0.0,184.05321335845883,2.7226913691389987,0.3630255158851998,2.359665853253799,1484.8831637818,1487.2428296350538,48.724282963505374,1487.2428296350538,0.0,ACTIVE,True
812,short,80,2.0,1.75,6,2024-06-24 04:05:00,503295,50329,5.677,506175,2024-06-25 04:05:00,TP,2.0,1452.1020635407992,12.5,0.002,181.5127579425999,2.5404554158590145,2.5404554158590145,1449.5616081249402,0.0,2.5404554158590145,0.05080910831718029,0.005080910831718029,0.04572819748546226,1487.2428296350538,1487.2885578325393,48.72885578325392,1487.2885578325393,0.0,ACTIVE,True
813,short,74,2.5,1.75,10,2024-06-24 22:55:00,505559,50555,0.4723,508439,2024-06-25 22:55:00,Time_288,-0.7198814312936723,1484.8831637818,12.5,0.002,185.610395472725,185.610395472725,185.610395472725,184.05321335845906,0.0,1300.829950423341,-1.3361747715588983,0.37122079094545,-1.7073955625043484,1487.2885578325393,1485.5811622700348,48.55811622700348,1487.2885578325393,0.1147992132066587,ACTIVE,True
814,short,87,3.0,2.0,6,2024-06-25 00:40:00,505765,50576,5.732,508645,2024-06-26 00:40:00,SL,-2.0,1484.8831637818,12.5,0.002,185.610395472725,185.610395472725,185.610395472725,369.6636088311841,2.5404554158590145,1115.219554950616,-3.7122079094545,0.37122079094545,-4.08342870039995,1485.5811622700348,1481.4977335696349,48.149773356963486,1487.2885578325393,0.38935445528764673,ACTIVE,True
815,short,31,2.5,2.0,3,2024-06-26 08:35:00,509592,50959,575.1,512472,2024-06-27 08:35:00,Time_288,1.0606850982437876,1481.4977335696349,12.5,0.002,185.18721669620436,185.18721669620436,185.18721669620436,1.7053025658242404e-13,1.7053025658242404e-13,1481.4977335696346,1.9642532113490712,0.3703744333924087,1.5938787779566623,1481.4977335696349,1483.0916123475915,48.309161234759145,1487.2885578325393,0.2821877074791745,ACTIVE,True
816,short,31,2.5,2.0,3,2024-06-26 08:55:00,509632,50963,574.8,512512,2024-06-27 08:55:00,Time_288,0.7132915796798729,1481.4977335696349,12.5,0.002,185.18721669620436,185.18721669620436,185.18721669620436,185.18721669620453,185.18721669620453,1296.3105168734303,1.3209248233375452,0.3703744333924087,0.9505503899451365,1483.0916123475915,1484.0421627375367,48.40421627375366,1487.2885578325393,0.21827607547344913,ACTIVE,True
817,short,24,3.5,1.0,1,2024-06-26 16:45:00,510570,51057,0.3867,513450,2024-06-27 16:45:00,SL,-1.0,1481.4977335696349,12.5,0.002,185.18721669620436,185.18721669620436,185.18721669620436,370.3744333924089,2.842170943040401e-14,1111.123300177226,-1.8518721669620437,0.3703744333924087,-2.2222466003544525,1484.0421627375367,1481.8199161371822,48.18199161371821,1487.2885578325393,0.3676920437905234,ACTIVE,True
818,short,9,2.5,1.5,6,2024-06-26 18:30:00,510785,51078,5.808,513665,2024-06-27 18:30:00,SL,-1.5,1481.4977335696349,12.5,0.002,185.18721669620436,185.18721669620436,185.18721669620436,555.5616500886133,0.0,925.9360834810216,-2.7778082504430652,0.3703744333924087,-3.148182683835474,1481.8199161371822,1478.6717334533466,47.867173345334656,1487.2885578325393,0.5793646655730428,ACTIVE,True
819,short,65,2.5,1.25,1,2024-06-27 00:40:00,511520,51152,0.3854,514400,2024-06-28 00:40:00,SL,-1.25,1481.4977335696349,12.5,0.002,185.18721669620436,185.18721669620436,185.18721669620436,740.7488667848177,185.1872166962044,740.7488667848172,-2.3148402087025546,0.3703744333924087,-2.685214642094963,1478.6717334533466,1475.9865188112517,47.59865188112518,1487.2885578325393,0.7599089606228319,ACTIVE,True
820,short,80,2.0,1.75,6,2024-06-27 07:45:00,512375,51237,5.776,515255,2024-06-28 07:45:00,SL,-1.75,1481.4977335696349,12.5,0.002,185.18721669620436,185.18721669620436,185.18721669620436,925.936083481022,185.18721669620436,555.5616500886129,-3.2407762921835768,0.3703744333924087,-3.6111507255759854,1475.9865188112517,1472.3753680856757,47.23753680856757,1487.2885578325393,1.002709909138066,ACTIVE,True
821,short,39,3.5,1.75,3,2024-06-27 07:50:00,512382,51238,569.2,515262,2024-06-28 07:50:00,SL,-1.75,1481.4977335696349,12.5,0.002,185.18721669620436,185.18721669620436,185.18721669620436,1111.1233001772264,370.3744333924089,370.3744333924085,-3.2407762921835768,0.3703744333924087,-3.6111507255759854,1472.3753680856757,1468.7642173600998,46.87642173600999,1487.2885578325393,1.2455108576533003,ACTIVE,True
822,short,85,2.0,1.0,5,2024-06-27 08:35:00,512474,51247,0.12121,515354,2024-06-28 08:35:00,SL,-1.0,1483.0916123475915,12.5,0.002,185.38645154344894,185.38645154344894,185.38645154344894,1111.1233001772264,0.0,371.96831217036515,-1.8538645154344895,0.37077290308689786,-2.2246374185213873,1468.7642173600998,1466.5395799415785,46.65395799415786,1487.2885578325393,1.3950875760920756,ACTIVE,True
823,short,87,3.0,2.0,10,2024-06-27 14:40:00,513209,51320,0.4758,516089,2024-06-28 14:40:00,Time_288,-0.2732240437158519,1484.0421627375367,12.5,0.002,185.5052703421921,185.5052703421921,185.5052703421921,1111.3225350244709,0.0,372.71962771306585,-0.5068450009349602,0.3710105406843842,-0.8778555416193444,1466.5395799415785,1465.6617243999592,46.566172439995924,1487.2885578325393,1.4541114646977005,ACTIVE,True
824,short,39,3.5,1.75,8,2024-06-28 06:50:00,515147,51514,145.11,518027,2024-06-29 06:50:00,TP,3.5,1475.9865188112517,12.5,0.002,184.49831485140646,184.49831485140646,184.49831485140646,741.2661552780498,5.684341886080802e-14,734.7203635332019,6.4574410197992265,0.36899662970281294,6.088444390096414,1465.6617243999592,1471.7501687900556,47.17501687900556,1487.2885578325393,1.0447460891602736,ACTIVE,True
825,short,29,3.5,1.0,1,2024-06-28 06:55:00,515150,51515,0.3884,518030,2024-06-29 06:55:00,SL,-1.0,1475.9865188112517,12.5,0.002,184.49831485140646,184.49831485140646,184.49831485140646,925.7644701294563,0.0,550.2220486817954,-1.8449831485140646,0.36899662970281294,-2.2139797782168777,1471.7501687900556,1469.5361890118386,46.95361890118386,1487.2885578325393,1.1936062257193463,ACTIVE,True
826,short,39,3.5,1.75,3,2024-06-28 09:35:00,515472,51547,576.0,518352,2024-06-29 09:35:00,Time_288,0.7291666666666746,1466.5395799415785,12.5,0.002,183.3174474926973,183.3174474926973,183.3174474926973,554.5019000450051,2.2737367544323206e-13,912.0376798965734,1.3366897213009326,0.36663489498539464,0.970054826315538,1469.5361890118386,1470.5062438381542,47.05062438381542,1487.2885578325393,1.1283831846889425,ACTIVE,True
827,short,5,2.5,1.0,2,2024-06-28 16:00:00,516241,51624,28.37,519121,2024-06-29 16:00:00,SL,-1.0,1465.6617243999592,12.5,0.002,183.2077155499949,183.2077155499949,183.2077155499949,552.3140771955102,1.1368683772161603e-13,913.347647204449,-1.832077155499949,0.3664154310999898,-2.1984925865999387,1470.5062438381542,1468.3077512515542,46.830775125155434,1487.2885578325393,1.2762020174918978,ACTIVE,True
828,short,5,2.5,1.0,2,2024-06-28 16:05:00,516251,51625,28.31,519131,2024-06-29 16:05:00,SL,-1.0,1465.6617243999592,12.5,0.002,183.2077155499949,183.2077155499949,183.2077155499949,735.5217927455051,183.20771554999502,730.1399316544541,-1.832077155499949,0.3664154310999898,-2.1984925865999387,1468.3077512515542,1466.1092586649543,46.61092586649542,1487.2885578325393,1.4240208502948533,ACTIVE,True
829,short,5,2.5,1.0,2,2024-06-28 16:10:00,516261,51626,28.46,519141,2024-06-29 16:10:00,TP,2.5,1465.6617243999592,12.5,0.002,183.2077155499949,183.2077155499949,183.2077155499949,918.7295082955,366.4154310999899,546.9322161044593,4.580192888749873,0.3664154310999898,4.213777457649884,1466.1092586649543,1470.3230361226042,47.03230361226043,1487.2885578325393,1.1407014207558555,ACTIVE,True
830,short,5,2.5,1.0,6,2024-06-28 16:40:00,516325,51632,6.287,519205,2024-06-29 16:40:00,TP,2.5,1465.6617243999592,12.5,0.002,183.2077155499949,183.2077155499949,183.2077155499949,1101.9372238454948,0.0,363.7245005544644,4.580192888749873,0.3664154310999898,4.213777457649884,1470.3230361226042,1474.5368135802541,47.45368135802541,1487.2885578325393,0.8573819912168575,ACTIVE,True
831,short,8,2.5,1.25,7,2024-06-28 20:00:00,516726,51672,3384.7,519606,2024-06-29 20:00:00,Time_288,0.043430732413501934,1465.6617243999592,12.5,0.002,183.2077155499949,180.5167850044695,180.5167850044695,1285.1449393954897,0.0,180.5167850044695,0.07839976185674774,0.36103357000893904,-0.2826338081521913,1474.5368135802541,1474.254179772102,47.42541797721018,1487.2885578325393,0.8763852846035912,ACTIVE,True
832,short,45,3.0,1.0,1,2024-06-29 16:00:00,519120,51912,0.3905,522000,2024-06-30 16:00:00,TP,3.0,1470.5062438381542,12.5,0.002,183.81328047976928,183.81328047976928,183.81328047976928,913.347647204449,0.0,557.1585966337052,5.514398414393078,0.36762656095953855,5.146771853433539,1474.254179772102,1479.4009516255355,47.940095162553554,1487.2885578325393,0.5303346257499972,ACTIVE,True
833,short,45,3.0,1.0,1,2024-06-29 16:05:00,519130,51913,0.3896,522010,2024-06-30 16:05:00,Time_288,0.9496919917864428,1468.3077512515542,12.5,0.002,183.53846890644428,183.53846890644428,183.53846890644428,913.9532121342233,183.81328047976928,554.3545391173309,1.7430501410519517,0.3670769378128886,1.375973203239063,1479.4009516255355,1480.7769248287746,48.07769248287745,1487.2885578325393,0.4378190748172135,ACTIVE,True
834,short,85,2.0,1.0,2,2024-06-29 17:25:00,519291,51929,27.83,522171,2024-06-30 17:25:00,SL,-1.0,1474.5368135802541,12.5,0.002,184.31710169753177,184.31710169753177,184.31710169753177,547.868534390683,1.7053025658242404e-13,926.6682791895712,-1.8431710169753177,0.36863420339506353,-2.211805220370381,1480.7769248287746,1478.565119608404,47.8565119608404,1487.2885578325393,0.5865330018303948,ACTIVE,True
835,short,19,3.5,1.25,8,2024-06-30 05:35:00,520757,52075,137.8,523637,2024-07-01 05:35:00,SL,-1.25,1474.254179772102,12.5,0.002,184.28177247151274,184.28177247151274,184.28177247151274,551.6688510837453,5.684341886080802e-14,922.5853286883566,-2.3035221558939094,0.3685635449430255,-2.6720857008369348,1478.565119608404,1475.893033907567,47.58930339075671,1487.2885578325393,0.7661945535020543,ACTIVE,True
836,short,39,3.5,1.75,8,2024-06-30 05:40:00,520767,52076,137.56,523647,2024-07-01 05:40:00,SL,-1.75,1474.254179772102,12.5,0.002,184.28177247151274,184.28177247151274,184.28177247151274,735.9506235552581,184.2817724715128,738.3035562168438,-3.2249310182514734,0.3685635449430255,-3.593494563194499,1475.893033907567,1472.2995393443725,47.229953934437255,1487.2885578325393,1.0078083643708369,ACTIVE,True
837,short,39,3.5,1.75,8,2024-06-30 05:50:00,520787,52078,137.73,523667,2024-07-01 05:50:00,SL,-1.75,1474.254179772102,12.5,0.002,184.28177247151274,184.28177247151274,184.28177247151274,920.2323960267709,368.56354494302553,554.021783745331,-3.2249310182514734,0.3685635449430255,-3.593494563194499,1472.2995393443725,1468.706044781178,46.8706044781178,1487.2885578325393,1.2494221752396193,ACTIVE,True
838,short,39,3.5,1.75,8,2024-06-30 05:55:00,520797,52079,137.68,523677,2024-07-01 05:55:00,SL,-1.75,1474.254179772102,12.5,0.002,184.28177247151274,184.28177247151274,184.28177247151274,1104.5141684982837,552.8453174145383,369.74001127381825,-3.2249310182514734,0.3685635449430255,-3.593494563194499,1468.706044781178,1465.1125502179834,46.511255021798334,1487.2885578325393,1.4910359861084017,ACTIVE,True
839,short,74,2.5,1.75,2,2024-06-30 08:55:00,521151,52115,28.35,524031,2024-07-01 08:55:00,SL,-1.75,1474.254179772102,12.5,0.002,184.28177247151274,184.28177247151274,184.28177247151274,1288.7959409697964,184.31710169753194,185.45823880230546,-3.2249310182514734,0.3685635449430255,-3.593494563194499,1465.1125502179834,1461.5190556547889,46.15190556547888,1487.2885578325393,1.7326497969771841,ACTIVE,True
840,short,74,2.5,1.75,1,2024-07-01 00:20:00,523000,52300,0.3938,525880,2024-07-02 00:20:00,SL,-1.75,1478.565119608404,12.5,0.002,184.8206399510505,184.8206399510505,184.8206399510505,921.408862357564,0.0,557.1562572508401,-3.2343611991433843,0.36964127990210105,-3.6040024790454854,1461.5190556547889,1457.9150531757434,45.79150531757434,1487.2885578325393,1.97497012278522,ACTIVE,True
841,short,74,2.5,1.75,2,2024-07-01 00:25:00,523011,52301,29.5,525891,2024-07-02 00:25:00,SL,-1.75,1478.565119608404,12.5,0.002,184.8206399510505,184.8206399510505,184.8206399510505,1106.2295023086144,184.2817724715129,372.33561729978965,-3.2343611991433843,0.36964127990210105,-3.6040024790454854,1457.9150531757434,1454.311050696698,45.43110506966981,1487.2885578325393,2.217290448593256,ACTIVE,True
842,short,83,3.5,1.0,7,2024-07-01 02:55:00,523316,52331,3502.36,526196,2024-07-02 02:55:00,Time_288,1.471008120238924,1478.565119608404,12.5,0.002,184.8206399510505,184.8206399510505,184.8206399510505,1291.0501422596649,0.0,187.5149773487392,2.718726621557498,0.36964127990210105,2.349085341655397,1454.311050696698,1456.6601360383534,45.66601360383533,1487.2885578325393,2.0593462938235345,ACTIVE,True
843,short,83,3.5,1.0,7,2024-07-01 03:00:00,523326,52332,3504.27,526206,2024-07-02 03:00:00,Time_288,1.453655112191699,1478.565119608404,12.5,0.002,184.8206399510505,2.6943373976887415,2.6943373976887415,1475.8707822107153,184.8206399510505,2.6943373976887415,0.03916637332119518,0.005388674795377483,0.0337776985258177,1456.6601360383534,1456.6939137368793,45.66939137368793,1487.2885578325393,2.0570752013480345,ACTIVE,True
844,short,85,2.0,1.0,5,2024-07-01 07:55:00,523914,52391,0.12642,526794,2024-07-02 07:55:00,TP,2.0,1465.1125502179834,12.5,0.002,183.13906877724793,183.13906877724793,183.13906877724793,741.4380297223529,0.0,723.6745204956305,3.6627813755449585,0.36627813755449584,3.296503237990463,1456.6939137368793,1459.9904169748697,45.999041697486966,1487.2885578325393,1.8354300323167785,ACTIVE,True
845,short,85,2.0,1.0,1,2024-07-01 13:50:00,524620,52462,0.3998,527500,2024-07-02 13:50:00,SL,-1.0,1461.5190556547889,12.5,0.002,182.6898819568486,182.6898819568486,182.6898819568486,740.2953260280881,184.8206399510505,721.2237296267008,-1.826898819568486,0.36537976391369725,-2.1922785834821834,1459.9904169748697,1457.7981383913875,45.77981383913876,1487.2885578325393,1.9828310576213153,ACTIVE,True
846,short,60,2.0,1.0,4,2024-07-01 20:00:00,525363,52536,63275.99,528243,2024-07-02 20:00:00,TP,2.0,1461.5190556547889,12.5,0.002,182.6898819568486,182.6898819568486,182.6898819568486,922.9852079849367,2.842170943040401e-14,538.5338476698522,3.653797639136972,0.36537976391369725,3.288417875223275,1457.7981383913875,1461.0865562666108,46.10865562666109,1487.2885578325393,1.7617295196645102,ACTIVE,True
847,short,4,2.0,1.5,7,2024-07-02 16:15:00,527796,52779,3411.42,530676,2024-07-03 16:15:00,TP,2.0,1457.7981383913875,12.5,0.002,182.22476729892344,182.22476729892344,182.22476729892344,182.6898819568486,0.0,1275.1082564345388,3.644495345978469,0.3644495345978469,3.280045811380622,1461.0865562666108,1464.3666020779915,46.43666020779915,1487.2885578325393,1.5411908895441555,ACTIVE,True
848,short,45,3.0,1.0,7,2024-07-03 04:55:00,529316,52931,3361.24,532196,2024-07-04 04:55:00,TP,3.0,1461.0865562666108,12.5,0.002,182.63581953332636,182.63581953332636,182.63581953332636,182.2247672989234,182.22476729892344,1278.8617889676875,5.479074585999791,0.3652716390666527,5.113802946933138,1464.3666020779915,1469.4804050249247,46.94804050249248,1487.2885578325393,1.1973569428629758,ACTIVE,True
849,short,7,3.0,1.75,10,2024-07-03 05:00:00,529329,52932,0.4806,532209,2024-07-04 05:00:00,TP,3.0,1461.0865562666108,12.5,0.002,182.63581953332636,182.63581953332636,182.63581953332636,364.86058683224974,0.0,1096.225969434361,5.479074585999791,0.3652716390666527,5.113802946933138,1469.4804050249247,1474.594207971858,47.45942079718579,1487.2885578325393,0.8535229961817961,ACTIVE,True
850,short,29,3.5,1.0,7,2024-07-03 05:05:00,529336,52933,3364.97,532216,2024-07-04 05:05:00,TP,3.5,1461.0865562666108,12.5,0.002,182.63581953332636,182.63581953332636,182.63581953332636,547.4964063655761,364.8605868322498,913.5901499010347,6.392253683666423,0.3652716390666527,6.02698204459977,1474.594207971858,1480.6211900164576,48.06211900164576,1487.2885578325393,0.4482901304504194,ACTIVE,True
851,short,46,3.0,1.75,4,2024-07-03 05:15:00,529353,52935,60945.98,532233,2024-07-04 05:15:00,TP,3.0,1461.0865562666108,12.5,0.002,182.63581953332636,182.63581953332636,182.63581953332636,730.1322258989026,2.842170943040401e-14,730.9543303677083,5.479074585999791,0.3652716390666527,5.113802946933138,1480.6211900164576,1485.7349929633908,48.57349929633907,1487.2885578325393,0.10445618376923964,ACTIVE,True
852,short,52,2.5,2.0,4,2024-07-03 05:35:00,529393,52939,60928.74,532273,2024-07-04 05:35:00,TP,2.5,1461.0865562666108,12.5,0.002,182.63581953332636,182.63581953332636,182.63581953332636,912.768045432229,182.63581953332638,548.3185108343819,4.565895488333159,0.3652716390666527,4.200623849266506,1485.7349929633908,1489.9356168126574,48.99356168126574,1489.9356168126574,0.0,ACTIVE,True
853,short,44,3.0,1.0,6,2024-07-03 08:35:00,529755,52975,6.279,532635,2024-07-04 08:35:00,TP,3.0,1461.0865562666108,12.5,0.002,182.63581953332636,182.63581953332636,182.63581953332636,1095.4038649655554,0.0,365.68269130105546,5.479074585999791,0.3652716390666527,5.113802946933138,1489.9356168126574,1495.0494197595906,49.50494197595905,1495.0494197595906,0.0,ACTIVE,True
854,short,6,3.5,1.75,6,2024-07-03 08:40:00,529765,52976,6.266,532645,2024-07-04 08:40:00,TP,3.5,1461.0865562666108,12.5,0.002,182.63581953332636,182.63581953332636,182.63581953332636,1278.0396844988818,182.63581953332636,183.04687176772904,6.392253683666423,0.3652716390666527,6.02698204459977,1495.0494197595906,1501.0764018041903,50.107640180419025,1501.0764018041903,0.0,ACTIVE,True
855,short,2,3.5,1.25,6,2024-07-03 18:00:00,530885,53088,6.088,533765,2024-07-04 18:00:00,TP,3.5,1464.3666020779915,12.5,0.002,183.04582525974894,183.04582525974894,183.04582525974894,1278.4507367332849,365.2716390666527,185.91586534470662,6.406603884091213,0.3660916505194979,6.040512233571715,1501.0764018041903,1507.116914037762,50.71169140377621,1507.116914037762,0.0,ACTIVE,True
856,short,2,3.5,1.25,6,2024-07-03 18:05:00,530895,53089,6.114,533775,2024-07-04 18:05:00,TP,3.5,1464.3666020779915,12.5,0.002,183.04582525974894,2.8700400849577363,2.8700400849577363,1461.4965619930338,548.3174643264017,2.8700400849577363,0.10045140297352079,0.005740080169915473,0.09471132280360531,1507.116914037762,1507.2116253605654,50.72116253605654,1507.2116253605654,0.0,ACTIVE,True
857,short,52,2.5,2.0,9,2024-07-04 12:05:00,533058,53305,0.12669,535938,2024-07-05 12:05:00,TP,2.5,1501.0764018041903,12.5,0.002,187.63455022552378,187.63455022552378,187.63455022552378,185.91586534470673,0.0,1315.1605364594834,4.6908637556380945,0.37526910045104755,4.315594655187047,1507.2116253605654,1511.5272200157524,51.152722001575235,1511.5272200157524,0.0,ACTIVE,True
858,short,9,2.5,1.5,5,2024-07-04 14:30:00,533344,53334,0.10722,536224,2024-07-05 14:30:00,SL,-1.5,1501.0764018041903,12.5,0.002,187.63455022552378,187.63455022552378,187.63455022552378,373.5504155702305,0.0,1127.5259862339599,-2.8145182533828565,0.37526910045104755,-3.1897873538339043,1511.5272200157524,1508.3374326619185,50.83374326619185,1511.5272200157524,0.21103075826849438,ACTIVE,True
859,short,9,2.5,1.5,5,2024-07-04 14:35:00,533354,53335,0.108,536234,2024-07-05 14:35:00,SL,-1.5,1501.0764018041903,12.5,0.002,187.63455022552378,187.63455022552378,187.63455022552378,561.1849657957542,187.63455022552378,939.891436008436,-2.8145182533828565,0.37526910045104755,-3.1897873538339043,1508.3374326619185,1505.1476453080845,50.514764530808456,1511.5272200157524,0.42206151653698876,ACTIVE,True
860,short,17,3.0,1.25,1,2024-07-04 17:25:00,533690,53369,0.3816,536570,2024-07-05 17:25:00,TP,3.0,1501.0764018041903,12.5,0.002,187.63455022552378,187.63455022552378,187.63455022552378,748.819516021278,2.842170943040401e-14,752.2568857829123,5.629036506765713,0.37526910045104755,5.253767406314665,1505.1476453080845,1510.4014127143992,51.04014127143992,1511.5272200157524,0.07448144409476803,ACTIVE,True
861,short,85,2.0,1.0,2,2024-07-04 19:55:00,533991,53399,25.46,536871,2024-07-05 19:55:00,TP,2.0,1507.2116253605654,12.5,0.002,188.40145317007068,188.40145317007068,188.40145317007068,750.538200902095,1.7053025658242404e-13,756.6734244584704,3.7680290634014137,0.37680290634014135,3.3912261570612725,1510.4014127143992,1513.7926388714604,51.379263887146045,1513.7926388714604,0.0,ACTIVE,True
862,short,85,2.0,1.0,10,2024-07-04 20:00:00,534009,53400,0.4409,536889,2024-07-05 20:00:00,SL,-1.0,1507.2116253605654,12.5,0.002,188.40145317007068,188.40145317007068,188.40145317007068,938.9396540721657,0.0,568.2719712883998,-1.8840145317007069,0.37680290634014135,-2.2608174380408483,1513.7926388714604,1511.5318214334195,51.153182143341944,1513.7926388714604,0.14934789481645128,ACTIVE,True
863,short,91,2.0,1.25,6,2024-07-04 22:15:00,534275,53427,5.768,537155,2024-07-05 22:15:00,TP,2.0,1507.2116253605654,12.5,0.002,188.40145317007068,188.40145317007068,188.40145317007068,1127.3411072422364,5.684341886080802e-14,379.8705181183291,3.7680290634014137,0.37680290634014135,3.3912261570612725,1511.5318214334195,1514.9230475904808,51.49230475904807,1514.9230475904808,0.0,ACTIVE,True
864,short,1,3.5,2.0,1,2024-07-04 23:10:00,534380,53438,0.3712,537260,2024-07-05 23:10:00,TP,3.5,1507.2116253605654,12.5,0.002,188.40145317007068,188.40145317007068,188.40145317007068,1315.742560412307,187.6345502255238,191.4690649482584,6.594050860952475,0.37680290634014135,6.217247954612334,1514.9230475904808,1521.140295545093,52.1140295545093,1521.140295545093,0.0,ACTIVE,True
865,short,1,3.5,2.0,1,2024-07-04 23:15:00,534390,53439,0.3696,537270,2024-07-05 23:15:00,TP,3.5,1507.2116253605654,12.5,0.002,188.40145317007068,3.067611778187711,3.067611778187711,1504.1440135823777,376.0360033955945,3.067611778187711,0.1073664122365699,0.006135223556375422,0.10123118868019447,1521.140295545093,1521.2415267337733,52.12415267337733,1521.2415267337733,0.0,ACTIVE,True
866,short,74,2.5,1.75,10,2024-07-06 08:25:00,538379,53837,0.4331,541259,2024-07-07 08:25:00,SL,-1.75,1521.2415267337733,12.5,0.002,190.15519084172166,190.15519084172166,190.15519084172166,0.0,0.0,1521.2415267337733,-3.3277158397301294,0.38031038168344333,-3.7080262214135726,1521.2415267337733,1517.5335005123598,51.753350051235984,1521.2415267337733,0.24374999999999836,ACTIVE,True
867,short,73,3.5,1.0,1,2024-07-07 01:20:00,540400,54040,0.3668,543280,2024-07-08 01:20:00,SL,-1.0,1521.2415267337733,12.5,0.002,190.15519084172166,190.15519084172166,190.15519084172166,190.15519084172166,2.842170943040401e-14,1331.0863358920517,-1.9015519084172166,0.38031038168344333,-2.2818622901006598,1517.5335005123598,1515.251638222259,51.52516382222592,1521.2415267337733,0.39374999999999843,ACTIVE,True
868,short,1,3.5,2.0,2,2024-07-07 01:25:00,540411,54041,26.69,543291,2024-07-08 01:25:00,TP,3.5,1521.2415267337733,12.5,0.002,190.15519084172166,190.15519084172166,190.15519084172166,380.3103816834433,1.7053025658242404e-13,1140.93114505033,6.655431679460259,0.38031038168344333,6.275121297776815,1515.251638222259,1521.526759520036,52.15267595200359,1521.526759520036,0.0,ACTIVE,True
869,short,5,2.5,1.0,1,2024-07-07 01:25:00,540410,54041,0.3673,543290,2024-07-08 01:25:00,SL,-1.0,1521.2415267337733,12.5,0.002,190.15519084172166,190.15519084172166,190.15519084172166,570.465572525165,190.1551908417217,950.7759542086083,-1.9015519084172166,0.38031038168344333,-2.2818622901006598,1521.526759520036,1519.2448972299353,51.92448972299353,1521.526759520036,0.14997188027244904,ACTIVE,True
870,short,1,3.5,2.0,2,2024-07-07 01:30:00,540421,54042,26.72,543301,2024-07-08 01:30:00,TP,3.5,1521.2415267337733,12.5,0.002,190.15519084172166,190.15519084172166,190.15519084172166,760.6207633668866,190.15519084172183,760.6207633668866,6.655431679460259,0.38031038168344333,6.275121297776815,1519.2448972299353,1525.5200185277122,52.55200185277123,1525.5200185277122,0.0,ACTIVE,True
871,short,5,2.5,1.0,1,2024-07-07 01:30:00,540420,54042,0.3673,543300,2024-07-08 01:30:00,SL,-1.0,1521.2415267337733,12.5,0.002,190.15519084172166,190.15519084172166,190.15519084172166,950.7759542086083,380.3103816834433,570.465572525165,-1.9015519084172166,0.38031038168344333,-2.2818622901006598,1525.5200185277122,1523.2381562376115,52.32381562376116,1525.5200185277122,0.14957930819569973,ACTIVE,True
872,short,1,3.5,2.0,2,2024-07-07 01:35:00,540431,54043,26.65,543311,2024-07-08 01:35:00,TP,3.5,1521.2415267337733,12.5,0.002,190.15519084172166,190.15519084172166,190.15519084172166,1140.9311450503299,380.3103816834435,380.31038168344344,6.655431679460259,0.38031038168344333,6.275121297776815,1523.2381562376115,1529.5132775353884,52.951327753538834,1529.5132775353884,0.0,ACTIVE,True
873,short,5,2.5,1.0,1,2024-07-07 01:35:00,540430,54043,0.3665,543310,2024-07-08 01:35:00,SL,-1.0,1521.2415267337733,12.5,0.002,190.15519084172166,190.15519084172166,190.15519084172166,1331.0863358920515,570.465572525165,190.15519084172183,-1.9015519084172166,0.38031038168344333,-2.2818622901006598,1529.5132775353884,1527.2314152452877,52.72314152452877,1529.5132775353884,0.14918878597625423,ACTIVE,True
874,short,4,2.0,1.5,10,2024-07-07 09:15:00,541359,54135,0.4371,544239,2024-07-08 09:15:00,TP,2.0,1517.5335005123598,12.5,0.002,189.69168756404497,186.44716462030829,186.44716462030829,1331.0863358920515,0.0,186.44716462030829,3.7289432924061656,0.37289432924061655,3.356048963165549,1527.2314152452877,1530.5874642084532,53.05874642084532,1530.5874642084532,0.0,ACTIVE,True
875,short,36,3.0,2.0,9,2024-07-08 02:20:00,543408,54340,0.12372,546288,2024-07-09 02:20:00,SL,-2.0,1527.2314152452877,12.5,0.002,190.90392690566097,190.90392690566097,190.90392690566097,186.4471646203084,0.0,1340.7842506249794,-3.8180785381132196,0.38180785381132193,-4.199886391924542,1530.5874642084532,1526.3875778165286,52.638757781652856,1530.5874642084532,0.27439702010734457,ACTIVE,True
876,short,74,2.5,1.75,10,2024-07-08 10:05:00,544339,54433,0.4347,547219,2024-07-09 10:05:00,SL,-1.75,1530.5874642084532,12.5,0.002,191.32343302605665,191.32343302605665,191.32343302605665,190.90392690566108,0.0,1339.683537302792,-3.3481600779559915,0.3826468660521133,-3.730806944008105,1526.3875778165286,1522.6567708725206,52.26567708725207,1530.5874642084532,0.5181470201073384,ACTIVE,True
877,short,74,2.5,1.75,2,2024-07-08 10:15:00,544351,54435,26.88,547231,2024-07-09 10:15:00,TP,2.5,1530.5874642084532,12.5,0.002,191.32343302605665,191.32343302605665,191.32343302605665,382.22735993171773,1.7053025658242404e-13,1148.3601042767355,4.783085825651416,0.3826468660521133,4.400438959599303,1522.6567708725206,1527.05720983212,52.705720983212004,1530.5874642084532,0.23064702010733582,ACTIVE,True
878,short,74,2.5,1.75,2,2024-07-08 10:35:00,544391,54439,26.91,547271,2024-07-09 10:35:00,TP,2.5,1530.5874642084532,12.5,0.002,191.32343302605665,191.32343302605665,191.32343302605665,573.5507929577743,191.32343302605682,957.0366712506789,4.783085825651416,0.3826468660521133,4.400438959599303,1527.05720983212,1531.4576487917193,53.14576487917193,1531.4576487917193,0.0,ACTIVE,True
879,short,17,3.0,1.25,5,2024-07-08 10:40:00,544404,54440,0.1092,547284,2024-07-09 10:40:00,TP,3.0,1530.5874642084532,12.5,0.002,191.32343302605665,191.32343302605665,191.32343302605665,764.8742259838309,0.0,765.7132382246223,5.7397029907817,0.3826468660521133,5.357056124729587,1531.4576487917193,1536.8147049164488,53.68147049164489,1536.8147049164488,0.0,ACTIVE,True
880,short,87,3.0,2.0,10,2024-07-08 12:10:00,544589,54458,0.4386,547469,2024-07-09 12:10:00,TP,3.0,1530.5874642084532,12.5,0.002,191.32343302605665,191.32343302605665,191.32343302605665,956.1976590098875,191.32343302605665,574.3898051985657,5.7397029907817,0.3826468660521133,5.357056124729587,1536.8147049164488,1542.1717610411783,54.217176104117826,1542.1717610411783,0.0,ACTIVE,True
881,short,16,3.0,1.0,8,2024-07-08 14:45:00,544897,54489,139.32,547777,2024-07-09 14:45:00,TP,3.0,1530.5874642084532,12.5,0.002,191.32343302605665,191.32343302605665,191.32343302605665,1147.521092035944,0.0,383.0663721725091,5.7397029907817,0.3826468660521133,5.357056124729587,1542.1717610411783,1547.5288171659079,54.752881716590785,1547.5288171659079,0.0,ACTIVE,True
882,short,98,2.5,1.0,5,2024-07-08 14:50:00,544904,54490,0.10666,547784,2024-07-09 14:50:00,SL,-1.0,1530.5874642084532,12.5,0.002,191.32343302605665,191.32343302605665,191.32343302605665,1338.8445250620007,191.32343302605665,191.7429391464525,-1.9132343302605666,0.3826468660521133,-2.29588119631268,1547.5288171659079,1545.2329359695952,54.52329359695953,1547.5288171659079,0.14835789620494566,ACTIVE,True
883,short,31,2.5,2.0,10,2024-07-09 16:00:00,547929,54792,0.4311,550809,2024-07-10 16:00:00,SL,-2.0,1545.2329359695952,12.5,0.002,193.1541169961994,193.1541169961994,193.1541169961994,5.684341886080802e-14,0.0,1545.2329359695952,-3.8630823399239884,0.38630823399239883,-4.249390573916387,1545.2329359695952,1540.983545395679,54.098354539567886,1547.5288171659079,0.4229499119903793,ACTIVE,True
884,short,38,2.0,1.5,10,2024-07-09 16:40:00,548009,54800,0.4336,550889,2024-07-10 16:40:00,SL,-1.5,1545.2329359695952,12.5,0.002,193.1541169961994,193.1541169961994,193.1541169961994,193.15411699619946,193.1541169961994,1352.0788189733958,-2.897311754942991,0.38630823399239883,-3.28361998893539,1540.983545395679,1537.6999254067434,53.76999254067434,1547.5288171659079,0.6351346514609489,ACTIVE,True
885,short,85,2.0,1.0,10,2024-07-10 05:35:00,549559,54955,0.438,552439,2024-07-11 05:35:00,SL,-1.0,1545.2329359695952,12.5,0.002,193.1541169961994,193.1541169961994,193.1541169961994,386.30823399239887,386.3082339923988,1158.9247019771965,-1.9315411699619942,0.38630823399239883,-2.317849403954393,1537.6999254067434,1535.382076002789,53.538207600278895,1547.5288171659079,0.7849121146166401,ACTIVE,True
886,short,82,3.5,1.5,5,2024-07-10 06:00:00,549604,54960,0.1096,552484,2024-07-11 06:00:00,Time_288,1.1770072992700724,1545.2329359695952,12.5,0.002,193.1541169961994,193.1541169961994,193.1541169961994,579.4623509885982,0.0,965.770584980997,2.2734380558859226,0.38630823399239883,1.8871298218935237,1535.382076002789,1537.2692058246826,53.72692058246826,1547.5288171659079,0.6629673856422535,ACTIVE,True
887,short,5,2.5,1.0,3,2024-07-10 14:55:00,550672,55067,522.8,553552,2024-07-11 14:55:00,SL,-1.0,1545.2329359695952,12.5,0.002,193.1541169961994,193.1541169961994,193.1541169961994,772.6164679847976,2.2737367544323206e-13,772.6164679847976,-1.9315411699619942,0.38630823399239883,-2.317849403954393,1537.2692058246826,1534.9513564207282,53.495135642072825,1547.5288171659079,0.8127448487979446,ACTIVE,True
888,short,5,2.5,1.0,3,2024-07-10 15:00:00,550682,55068,521.9,553562,2024-07-11 15:00:00,SL,-1.0,1545.2329359695952,12.5,0.002,193.1541169961994,193.1541169961994,193.1541169961994,965.770584980997,193.15411699619963,579.4623509885982,-1.9315411699619942,0.38630823399239883,-2.317849403954393,1534.9513564207282,1532.6335070167738,53.26335070167738,1547.5288171659079,0.9625223119536357,ACTIVE,True
889,short,42,3.0,2.0,6,2024-07-11 17:45:00,553895,55389,5.999,556775,2024-07-12 17:45:00,TP,3.0,1532.6335070167738,12.5,0.002,191.57918837709673,191.57918837709673,191.57918837709673,1.7053025658242404e-13,5.684341886080802e-14,1532.6335070167736,5.747375651312901,0.38315837675419345,5.364217274558708,1532.6335070167738,1537.9977242913326,53.799772429133256,1547.5288171659079,0.6158911400454695,ACTIVE,True
890,short,85,2.0,1.0,2,2024-07-12 01:00:00,554761,55476,25.28,557641,2024-07-13 01:00:00,SL,-1.0,1532.6335070167738,12.5,0.002,191.57918837709673,191.57918837709673,191.57918837709673,191.5791883770969,1.7053025658242404e-13,1341.054318639677,-1.9157918837709673,0.38315837675419345,-2.2989502605251606,1537.9977242913326,1535.6987740308075,53.569877403080746,1547.5288171659079,0.7644473565775344,ACTIVE,True
891,short,63,3.5,1.5,4,2024-07-12 21:35:00,557233,55723,57599.36,560113,2024-07-13 21:35:00,SL,-1.5,1537.9977242913326,12.5,0.002,192.24971553641657,192.24971553641657,192.24971553641657,191.5791883770969,0.0,1346.4185359142357,-2.8837457330462484,0.38449943107283313,-3.2682451641190813,1535.6987740308075,1532.4305288666885,53.24305288666886,1547.5288171659079,0.9756385879049312,ACTIVE,True
892,short,87,3.0,2.0,1,2024-07-13 16:55:00,559550,55955,0.4319,562430,2024-07-14 16:55:00,SL,-2.0,1535.6987740308075,12.5,0.002,191.96234675385094,191.96234675385094,191.96234675385094,192.24971553641677,5.684341886080802e-14,1343.4490584943908,-3.8392469350770186,0.38392469350770186,-4.223171628584721,1532.4305288666885,1528.207357238104,52.82073572381039,1547.5288171659079,1.2485363576743367,ACTIVE,True
893,short,74,2.5,1.75,1,2024-07-13 17:35:00,559630,55963,0.4351,562510,2024-07-14 17:35:00,SL,-1.75,1535.6987740308075,12.5,0.002,191.96234675385094,191.96234675385094,191.96234675385094,384.2120622902677,191.962346753851,1151.4867117405397,-3.359341068192392,0.38392469350770186,-3.7432657617000937,1528.207357238104,1524.4640914764038,52.44640914764038,1547.5288171659079,1.4904230172426767,ACTIVE,True
894,short,60,2.0,1.0,2,2024-07-13 18:05:00,559691,55969,25.84,562571,2024-07-14 18:05:00,SL,-1.0,1535.6987740308075,12.5,0.002,191.96234675385094,191.96234675385094,191.96234675385094,576.1744090441186,1.7053025658242404e-13,959.5243649866889,-1.9196234675385093,0.38392469350770186,-2.303548161046211,1524.4640914764038,1522.1605433153577,52.21605433153578,1547.5288171659079,1.6392763462078057,ACTIVE,True
895,short,92,3.5,1.25,2,2024-07-13 18:10:00,559701,55970,25.74,562581,2024-07-14 18:10:00,SL,-1.25,1535.6987740308075,12.5,0.002,191.96234675385094,191.96234675385094,191.96234675385094,768.1367557979696,191.9623467538511,767.5620182328379,-2.399529334423137,0.38392469350770186,-2.783454027930839,1522.1605433153577,1519.3770892874268,51.93770892874268,1547.5288171659079,1.8191407853740147,ACTIVE,True
896,short,85,2.0,1.0,1,2024-07-14 00:30:00,560460,56046,0.4385,563340,2024-07-15 00:30:00,TP,2.0,1532.4305288666885,12.5,0.002,191.55381610833606,191.55381610833606,191.55381610833606,767.849387015404,383.92469350770193,764.5811418512845,3.8310763221667212,0.38310763221667216,3.447968689950049,1519.3770892874268,1522.825057977377,52.2825057977377,1547.5288171659079,1.5963359721967958,ACTIVE,True
897,short,6,3.5,1.75,9,2024-07-14 04:55:00,560998,56099,0.13896,563878,2024-07-15 04:55:00,Time_288,0.4893494530800331,1532.4305288666885,12.5,0.002,191.55381610833606,191.55381610833606,191.55381610833606,959.40320312374,0.0,573.0273257429485,0.9373675514800748,0.38310763221667216,0.5542599192634026,1522.825057977377,1523.3793178966403,52.33793178966402,1547.5288171659079,1.560520166176562,ACTIVE,True
898,short,6,3.5,1.75,9,2024-07-14 05:00:00,561008,56100,0.1388,563888,2024-07-15 05:00:00,Time_288,0.46829971181557034,1532.4305288666885,12.5,0.002,191.55381610833606,191.55381610833606,191.55381610833606,1150.9570192320762,191.55381610833606,381.47350963461236,0.8970459688070653,0.38310763221667216,0.5139383365903931,1523.3793178966403,1523.8932562332307,52.38932562332306,1547.5288171659079,1.527309906639579,ACTIVE,True
899,short,6,3.5,1.75,9,2024-07-14 05:15:00,561038,56103,0.13875,563918,2024-07-15 05:15:00,Time_288,0.34594594594595185,1532.4305288666885,12.5,0.002,191.55381610833606,189.9196935262762,189.9196935262762,1342.5108353404123,383.10763221667213,189.9196935262762,0.6570194803071289,0.37983938705255244,0.27718009325457643,1523.8932562332307,1524.1704363264853,52.41704363264852,1547.5288171659079,1.509398764037256,ACTIVE,True
900,short,5,2.5,1.0,10,2024-07-15 20:20:00,565729,56572,0.5367,568609,2024-07-16 20:20:00,SL,-1.0,1524.1704363264853,12.5,0.002,190.52130454081066,190.52130454081066,190.52130454081066,5.400124791776761e-13,5.684341886080802e-14,1524.1704363264848,-1.9052130454081067,0.38104260908162135,-2.286255654489728,1524.1704363264853,1521.8841806719956,52.188418067199564,1547.5288171659079,1.657134665891195,ACTIVE,True
901,short,5,2.5,1.0,10,2024-07-15 20:25:00,565739,56573,0.5341,568619,2024-07-16 20:25:00,SL,-1.0,1524.1704363264853,12.5,0.002,190.52130454081066,190.52130454081066,190.52130454081066,190.5213045408112,190.52130454081072,1333.6491317856742,-1.9052130454081067,0.38104260908162135,-2.286255654489728,1521.8841806719956,1519.597925017506,51.9597925017506,1547.5288171659079,1.8048705677451342,ACTIVE,True
902,short,64,3.5,2.0,2,2024-07-16 21:20:00,568721,56872,28.31,571601,2024-07-17 21:20:00,SL,-2.0,1519.597925017506,12.5,0.002,189.94974062718825,189.94974062718825,189.94974062718825,5.684341886080801e-13,1.7053025658242404e-13,1519.5979250175055,-3.798994812543765,0.3798994812543765,-4.178894293798142,1519.597925017506,1515.419030723708,51.541903072370786,1547.5288171659079,2.0749071736838305,ACTIVE,True
903,short,80,2.0,1.75,6,2024-07-17 08:55:00,570115,57011,6.437,572995,2024-07-18 08:55:00,TP,2.0,1519.597925017506,12.5,0.002,189.94974062718825,189.94974062718825,189.94974062718825,189.94974062718882,5.684341886080802e-14,1329.648184390317,3.798994812543765,0.3798994812543765,3.419095331289389,1515.419030723708,1518.8381260549972,51.88381260549973,1547.5288171659079,1.8539681324612607,ACTIVE,True
904,short,8,2.5,1.25,3,2024-07-17 09:05:00,570132,57013,579.5,573012,2024-07-18 09:05:00,TP,2.5,1519.597925017506,12.5,0.002,189.94974062718825,189.94974062718825,189.94974062718825,379.89948125437706,2.2737367544323206e-13,1139.698443763129,4.748743515679706,0.3798994812543765,4.368844034425329,1518.8381260549972,1523.2069700894226,52.32069700894226,1547.5288171659079,1.5716571353435258,ACTIVE,True
905,short,67,2.0,1.25,1,2024-07-17 09:25:00,570170,57017,0.4472,573050,2024-07-18 09:25:00,SL,-1.25,1519.597925017506,12.5,0.002,189.94974062718825,189.94974062718825,189.94974062718825,569.8492218815653,0.0,949.7487031359407,-2.374371757839853,0.3798994812543765,-2.7542712390942294,1523.2069700894226,1520.4526988503285,52.04526988503284,1547.5288171659079,1.7496358074394807,ACTIVE,True
906,short,21,3.5,1.0,5,2024-07-17 09:40:00,570204,57020,0.12584,573084,2024-07-18 09:40:00,TP,3.5,1519.597925017506,12.5,0.002,189.94974062718825,189.94974062718825,189.94974062718825,759.7989625087536,0.0,759.7989625087524,6.648240921951589,0.3798994812543765,6.268341440697212,1520.4526988503285,1526.7210402910257,52.67210402910256,1547.5288171659079,1.3445808985314294,ACTIVE,True
907,short,66,3.5,1.0,2,2024-07-17 12:30:00,570541,57054,28.23,573421,2024-07-18 12:30:00,SL,-1.0,1519.597925017506,12.5,0.002,189.94974062718825,189.94974062718825,189.94974062718825,949.7487031359418,189.94974062718842,569.8492218815642,-1.8994974062718826,0.3798994812543765,-2.279396887526259,1526.7210402910257,1524.4416434034995,52.44416434034995,1547.5288171659079,1.491873592679809,ACTIVE,True
908,short,14,3.0,1.75,2,2024-07-17 13:00:00,570601,57060,28.28,573481,2024-07-18 13:00:00,TP,3.0,1519.597925017506,12.5,0.002,189.94974062718825,189.94974062718825,189.94974062718825,1139.69844376313,379.89948125437667,379.89948125437604,5.698492218815647,0.3798994812543765,5.3185927375612705,1524.4416434034995,1529.7602361410607,52.97602361410607,1547.5288171659079,1.1481906396669233,ACTIVE,True
909,short,86,3.5,2.0,5,2024-07-17 18:00:00,571204,57120,0.1217,574084,2024-07-18 18:00:00,TP,3.5,1519.597925017506,12.5,0.002,189.94974062718825,189.9497406271878,189.9497406271878,1329.6481843903182,189.94974062718825,189.9497406271878,6.648240921951573,0.3798994812543756,6.268341440697197,1529.7602361410607,1536.0285775817579,53.602857758175794,1547.5288171659079,0.7431357307588717,ACTIVE,True
910,short,17,3.0,1.25,6,2024-07-18 11:20:00,573285,57328,6.163,576165,2024-07-19 11:20:00,TP,3.0,1526.7210402910257,12.5,0.002,190.8401300363782,190.8401300363782,190.8401300363782,569.8492218815647,5.684341886080802e-14,956.871818409461,5.725203901091346,0.38168026007275646,5.34352364101859,1536.0285775817579,1541.3721012227766,54.13721012227766,1547.5288171659079,0.3978417639037253,ACTIVE,True
911,short,29,3.5,1.0,1,2024-07-18 16:50:00,573940,57394,0.4273,576820,2024-07-19 16:50:00,SL,-1.0,1529.7602361410607,12.5,0.002,191.22002951763258,191.22002951763258,191.22002951763258,380.7898706635665,0.0,1148.9703654774942,-1.912200295176326,0.3824400590352652,-2.294640354211591,1541.3721012227766,1539.077460868565,53.90774608685649,1547.5288171659079,0.5461194779442288,ACTIVE,True
912,short,29,3.5,1.0,1,2024-07-18 16:55:00,573950,57395,0.4283,576830,2024-07-19 16:55:00,SL,-1.0,1529.7602361410607,12.5,0.002,191.22002951763258,191.22002951763258,191.22002951763258,572.0099001811991,191.22002951763258,957.7503359598616,-1.912200295176326,0.3824400590352652,-2.294640354211591,1539.077460868565,1536.7828205143533,53.678282051435325,1547.5288171659079,0.6943971919847323,ACTIVE,True
913,short,42,3.0,2.0,6,2024-07-18 17:10:00,573985,57398,6.123,576865,2024-07-19 17:10:00,SL,-2.0,1529.7602361410607,12.5,0.002,191.22002951763258,191.22002951763258,191.22002951763258,763.2299296988317,190.84013003637827,766.530306442229,-3.824400590352652,0.3824400590352652,-4.206840649387917,1536.7828205143533,1532.5759798649653,53.25759798649654,1547.5288171659079,0.9662396677256481,ACTIVE,True
914,short,49,3.5,1.0,1,2024-07-18 19:05:00,574210,57421,0.4228,577090,2024-07-19 19:05:00,SL,-1.0,1536.0285775817579,12.5,0.002,192.00357219771973,192.00357219771973,192.00357219771973,764.5002185892765,382.44005903526516,771.5283589924813,-1.9200357219771973,0.3840071443954395,-2.3040428663726367,1532.5759798649653,1530.2719369985928,53.02719369985929,1547.5288171659079,1.1151249641295062,ACTIVE,True
915,short,43,2.5,1.0,7,2024-07-18 23:50:00,574786,57478,3426.58,577666,2024-07-19 23:50:00,SL,-1.0,1536.0285775817579,12.5,0.002,192.00357219771973,192.00357219771973,192.00357219771973,956.5037907869962,0.0,579.5247867947617,-1.9200357219771973,0.3840071443954395,-2.3040428663726367,1530.2719369985928,1527.9678941322202,52.796789413222015,1547.5288171659079,1.2640102605333645,ACTIVE,True
916,short,2,3.5,1.25,1,2024-07-19 01:10:00,574940,57494,0.417,577820,2024-07-20 01:10:00,SL,-1.25,1536.0285775817579,12.5,0.002,192.00357219771973,192.00357219771973,192.00357219771973,1148.5073629847159,574.4436312329849,387.521214597042,-2.4000446524714967,0.3840071443954395,-2.7840517968669363,1527.9678941322202,1525.1838423353533,52.51838423353534,1547.5288171659079,1.4439133270213573,ACTIVE,True
917,short,49,3.5,1.0,7,2024-07-19 01:20:00,574966,57496,3401.0,577846,2024-07-20 01:20:00,SL,-1.0,1536.0285775817579,12.5,0.002,192.00357219771973,192.00357219771973,192.00357219771973,1340.5109351824356,192.00357219771973,195.5176423993223,-1.9200357219771973,0.3840071443954395,-2.3040428663726367,1525.1838423353533,1522.8797994689808,52.28797994689807,1547.5288171659079,1.5927986234252158,ACTIVE,True
918,short,7,3.0,1.75,10,2024-07-19 02:20:00,575089,57508,0.5503,577969,2024-07-20 02:20:00,SL,-1.75,1536.0285775817579,12.5,0.002,192.00357219771973,3.5140702016026353,3.5140702016026353,1532.5145073801552,5.684341886080802e-14,3.5140702016026353,-0.06149622852804612,0.007028140403205271,-0.0685243689312514,1522.8797994689808,1522.8112751000494,52.28112751000496,1547.5288171659079,1.5972266100430554,ACTIVE,True
919,short,85,2.0,1.0,5,2024-07-20 10:00:00,578884,57888,0.12705,581764,2024-07-21 10:00:00,SL,-1.0,1522.8112751000494,12.5,0.002,190.35140938750618,190.35140938750618,190.35140938750618,2.8421709430404007e-13,0.0,1522.8112751000492,-1.9035140938750619,0.3807028187750124,-2.2842169126500744,1522.8112751000494,1520.5270581873995,52.05270581873995,1547.5288171659079,1.744830770127985,ACTIVE,True
920,short,4,2.0,1.5,1,2024-07-20 13:30:00,579300,57930,0.4294,582180,2024-07-21 13:30:00,SL,-1.5,1522.8112751000494,12.5,0.002,190.35140938750618,190.35140938750618,190.35140938750618,190.35140938750646,0.0,1332.459865712543,-2.855271140812593,0.3807028187750124,-3.2359739595876054,1520.5270581873995,1517.2910842278118,51.72910842278118,1547.5288171659079,1.9539366635816484,ACTIVE,True
921,short,5,2.5,1.0,5,2024-07-20 18:20:00,579884,57988,0.13363,582764,2024-07-21 18:20:00,SL,-1.0,1522.8112751000494,12.5,0.002,190.35140938750618,190.35140938750618,190.35140938750618,380.70281877501264,190.35140938750618,1142.1084563250367,-1.9035140938750619,0.3807028187750124,-2.2842169126500744,1517.2910842278118,1515.0068673151618,51.500686731516176,1547.5288171659079,2.1015408236665776,ACTIVE,True
922,short,85,2.0,1.0,5,2024-07-20 18:25:00,579894,57989,0.13343,582774,2024-07-21 18:25:00,SL,-1.0,1522.8112751000494,12.5,0.002,190.35140938750618,190.35140938750618,190.35140938750618,571.0542281625188,380.70281877501236,951.7570469375306,-1.9035140938750619,0.3807028187750124,-2.2842169126500744,1515.0068673151618,1512.7226504025118,51.27226504025118,1547.5288171659079,2.249144983751507,ACTIVE,True
923,short,34,2.0,2.0,7,2024-07-20 23:30:00,580506,58050,3520.41,583386,2024-07-21 23:30:00,TP,2.0,1522.8112751000494,12.5,0.002,190.35140938750618,190.35140938750618,190.35140938750618,761.405637550025,0.0,761.4056375500245,3.8070281877501237,0.3807028187750124,3.426325368975111,1512.7226504025118,1516.148975771487,51.614897577148696,1547.5288171659079,2.0277387436241057,ACTIVE,True
924,short,82,3.5,1.5,2,2024-07-21 17:40:00,582681,58268,31.22,585561,2024-07-22 17:40:00,TP,3.5,1517.2910842278118,12.5,0.002,189.66138552847647,189.66138552847647,189.66138552847647,571.0542281625187,2.2737367544323206e-13,946.2368560652931,6.6381484934966775,0.37932277105695295,6.258825722439725,1516.148975771487,1522.4078014939266,52.24078014939266,1547.5288171659079,1.62329873236138,ACTIVE,True
925,short,26,3.5,1.0,1,2024-07-22 02:20:00,583720,58372,0.4392,586600,2024-07-23 02:20:00,TP,3.5,1516.148975771487,12.5,0.002,189.51862197143586,189.51862197143586,189.51862197143586,189.66138552847667,0.0,1326.4875902430103,6.633151769000256,0.37903724394287175,6.254114525057385,1522.4078014939266,1528.661916018984,52.86619160189838,1547.5288171659079,1.2191631546788364,ACTIVE,True
926,short,26,3.5,1.0,1,2024-07-22 02:25:00,583730,58373,0.4408,586610,2024-07-23 02:25:00,TP,3.5,1516.148975771487,12.5,0.002,189.51862197143586,189.51862197143586,189.51862197143586,379.18000749991256,189.51862197143586,1136.9689682715743,6.633151769000256,0.37903724394287175,6.254114525057385,1528.661916018984,1534.9160305440412,53.49160305440412,1547.5288171659079,0.8150275769962929,ACTIVE,True
927,short,97,2.5,1.0,9,2024-07-22 02:50:00,583788,58378,0.13625,586668,2024-07-23 02:50:00,TP,2.5,1516.148975771487,12.5,0.002,189.51862197143586,189.51862197143586,189.51862197143586,568.6986294713485,0.0,947.4503463001384,4.737965549285897,0.37903724394287175,4.358928305343025,1534.9160305440412,1539.2749588493841,53.927495884938416,1547.5288171659079,0.5333573258842175,ACTIVE,True
928,short,97,2.5,1.0,9,2024-07-22 02:55:00,583798,58379,0.13625,586678,2024-07-23 02:55:00,TP,2.5,1516.148975771487,12.5,0.002,189.51862197143586,189.51862197143586,189.51862197143586,758.2172514427843,189.51862197143586,757.9317243287026,4.737965549285897,0.37903724394287175,4.358928305343025,1539.2749588493841,1543.633887154727,54.3633887154727,1547.5288171659079,0.2516870747721421,ACTIVE,True
929,short,97,2.5,1.0,9,2024-07-22 03:00:00,583808,58380,0.13633,586688,2024-07-23 03:00:00,TP,2.5,1516.148975771487,12.5,0.002,189.51862197143586,189.51862197143586,189.51862197143586,947.7358734142202,379.0372439428717,568.4131023572667,4.737965549285897,0.37903724394287175,4.358928305343025,1543.633887154727,1547.99281546007,54.799281546006995,1547.99281546007,0.0,ACTIVE,True
930,short,5,2.5,1.0,1,2024-07-22 14:20:00,585160,58516,0.4311,588040,2024-07-23 14:20:00,TP,2.5,1516.148975771487,12.5,0.002,189.51862197143586,189.51862197143586,189.51862197143586,1137.2544953856561,379.0372439428717,378.8944803858308,4.737965549285897,0.37903724394287175,4.358928305343025,1547.99281546007,1552.351743765413,55.23517437654129,1552.351743765413,0.0,ACTIVE,True
931,short,5,2.5,1.0,1,2024-07-22 14:25:00,585170,58517,0.4312,588050,2024-07-23 14:25:00,TP,2.5,1516.148975771487,12.5,0.002,189.51862197143586,189.375858414395,189.375858414395,1326.773117357092,568.5558659143076,189.375858414395,4.734396460359875,0.37875171682879,4.3556447435310846,1552.351743765413,1556.707388508944,55.670738850894395,1556.707388508944,0.0,ACTIVE,True
932,short,17,3.0,1.25,5,2024-07-22 19:30:00,585784,58578,0.14054,588664,2024-07-23 19:30:00,SL,-1.25,1522.4078014939266,12.5,0.002,190.30097518674083,190.30097518674083,190.30097518674083,1326.4875902430103,0.0,195.92021125091628,-2.3787621898342604,0.38060195037348166,-2.759364140207742,1556.707388508944,1553.9480243687362,55.394802436873626,1556.707388508944,0.177256442705697,ACTIVE,True
933,short,85,2.0,1.0,1,2024-07-22 20:35:00,585910,58591,0.4318,588790,2024-07-23 20:35:00,TP,2.0,1522.4078014939266,12.5,0.002,190.30097518674083,5.619236064175539,5.619236064175539,1516.788565429751,757.9317243287026,5.619236064175539,0.11238472128351078,0.011238472128351077,0.1011462491551597,1553.9480243687362,1554.0491706178914,55.404917061789135,1556.707388508944,0.17075899495785685,ACTIVE,True
934,short,2,3.5,1.25,2,2024-07-23 04:40:00,586881,58688,31.52,589761,2024-07-24 04:40:00,TP,3.5,1547.99281546007,12.5,0.002,193.49910193250875,193.49910193250875,193.49910193250875,574.8146916367474,2.2737367544323206e-13,973.1781238233226,6.772468567637807,0.3869982038650175,6.385470363772789,1554.0491706178914,1560.4346409816642,56.04346409816643,1560.4346409816642,0.0,ACTIVE,True
935,short,2,3.5,1.25,2,2024-07-23 04:45:00,586891,58689,31.63,589771,2024-07-24 04:45:00,TP,3.5,1547.99281546007,12.5,0.002,193.49910193250875,193.49910193250875,193.49910193250875,768.3137935692562,193.49910193250898,779.6790218908138,6.772468567637807,0.3869982038650175,6.385470363772789,1560.4346409816642,1566.820111345437,56.6820111345437,1566.820111345437,0.0,ACTIVE,True
936,short,9,2.5,1.5,2,2024-07-23 06:50:00,587141,58714,30.92,590021,2024-07-24 06:50:00,TP,2.5,1547.99281546007,12.5,0.002,193.49910193250875,193.49910193250875,193.49910193250875,961.812895501765,386.99820386501773,586.179919958305,4.8374775483127195,0.3869982038650175,4.450479344447702,1566.820111345437,1571.2705906898848,57.12705906898847,1571.2705906898848,0.0,ACTIVE,True
937,short,36,3.0,2.0,8,2024-07-23 06:55:00,587157,58715,175.02,590037,2024-07-24 06:55:00,SL,-2.0,1547.99281546007,12.5,0.002,193.49910193250875,193.49910193250875,193.49910193250875,1155.3119974342737,0.0,392.68081802579627,-3.8699820386501753,0.3869982038650175,-4.256980242515192,1571.2705906898848,1567.0136104473695,56.701361044736956,1571.2705906898848,0.2709259797605074,ACTIVE,True
938,short,39,3.5,1.75,5,2024-07-23 07:05:00,587174,58717,0.13371,590054,2024-07-24 07:05:00,SL,-1.75,1547.99281546007,12.5,0.002,193.49910193250875,193.49910193250875,193.49910193250875,1348.8110993667824,190.30097518674083,199.1817160932876,-3.3862342838189035,0.3869982038650175,-3.773232487683921,1567.0136104473695,1563.2403779596855,56.32403779596855,1571.2705906898848,0.5110649163664135,ACTIVE,True
939,short,66,3.5,1.0,9,2024-07-23 11:15:00,587678,58767,0.1322,590558,2024-07-24 11:15:00,SL,-1.0,1547.99281546007,12.5,0.002,193.49910193250875,5.6826141607789395,5.6826141607789395,1542.310201299291,0.0,5.6826141607789395,-0.0568261416077894,0.011365228321557879,-0.06819136992934728,1563.2403779596855,1563.1721865897562,56.31721865897561,1571.2705906898848,0.5154048034828247,ACTIVE,True
940,short,85,2.0,1.0,1,2024-07-23 15:05:00,588130,58813,0.4197,591010,2024-07-24 15:05:00,TP,2.0,1556.707388508944,12.5,0.002,194.588423563618,194.588423563618,194.588423563618,1169.0983350742392,5.619236064175453,387.6090534347047,3.89176847127236,0.389176847127236,3.5025916241451243,1563.1721865897562,1566.6747782139014,56.66747782139014,1571.2705906898848,0.29249019890110384,ACTIVE,True
941,short,16,3.0,1.0,2,2024-07-24 11:30:00,590581,59058,30.21,593461,2024-07-25 11:30:00,TP,3.0,1563.1721865897562,12.5,0.002,195.39652332371952,195.39652332371952,195.39652332371952,194.58842356361802,1.7053025658242404e-13,1368.583763026138,5.861895699711585,0.390793046647439,5.471102653064146,1566.6747782139014,1572.1458808669656,57.21458808669657,1572.1458808669656,0.0,ACTIVE,True
942,short,29,3.5,1.0,2,2024-07-24 17:30:00,591301,59130,29.21,594181,2024-07-25 17:30:00,TP,3.5,1566.6747782139014,12.5,0.002,195.83434727673767,195.83434727673767,195.83434727673767,195.39652332371952,195.3965233237197,1371.2782548901819,6.85420215468582,0.39166869455347536,6.462533460132344,1572.1458808669656,1578.608414327098,57.8608414327098,1578.608414327098,0.0,ACTIVE,True
943,short,59,3.0,1.75,6,2024-07-24 22:45:00,591935,59193,5.724,594815,2024-07-25 22:45:00,TP,3.0,1566.6747782139014,12.5,0.002,195.83434727673767,195.83434727673767,195.83434727673767,391.2308706004572,5.684341886080802e-14,1175.4439076134443,5.87503041830213,0.39166869455347536,5.483361723748654,1578.608414327098,1584.0917760508466,58.409177605084665,1584.0917760508466,0.0,ACTIVE,True
944,short,66,3.5,1.0,2,2024-07-24 23:10:00,591981,59198,28.39,594861,2024-07-25 23:10:00,TP,3.5,1566.6747782139014,12.5,0.002,195.83434727673767,195.83434727673767,195.83434727673767,587.0652178771949,391.23087060045737,979.6095603367065,6.85420215468582,0.39166869455347536,6.462533460132344,1584.0917760508466,1590.554309510979,59.05543095109791,1590.554309510979,0.0,ACTIVE,True
945,short,39,3.5,1.75,7,2024-07-24 23:40:00,592046,59204,3331.54,594926,2024-07-25 23:40:00,TP,3.5,1566.6747782139014,12.5,0.002,195.83434727673767,195.83434727673767,195.83434727673767,782.8995651539326,0.0,783.7752130599688,6.85420215468582,0.39166869455347536,6.462533460132344,1590.554309510979,1597.0168429711114,59.701684297111136,1597.0168429711114,0.0,ACTIVE,True
946,short,38,2.0,1.5,4,2024-07-25 00:05:00,592093,59209,65434.02,594973,2024-07-26 00:05:00,TP,2.0,1566.6747782139014,12.5,0.002,195.83434727673767,195.83434727673767,195.83434727673767,978.7339124306702,0.0,587.9408657832312,3.9166869455347535,0.39166869455347536,3.525018250981278,1597.0168429711114,1600.5418612220926,60.05418612220925,1600.5418612220926,0.0,ACTIVE,True
947,short,38,2.0,1.5,4,2024-07-25 00:10:00,592103,59210,65440.0,594983,2024-07-26 00:10:00,TP,2.0,1566.6747782139014,12.5,0.002,195.83434727673767,195.83434727673767,195.83434727673767,1174.5682597074078,195.83434727673767,392.10651850649356,3.9166869455347535,0.39166869455347536,3.525018250981278,1600.5418612220926,1604.0668794730739,60.40668794730739,1604.0668794730739,0.0,ACTIVE,True
948,short,29,3.5,1.0,1,2024-07-25 03:05:00,592450,59245,0.3943,595330,2024-07-26 03:05:00,SL,-1.0,1566.6747782139014,12.5,0.002,195.83434727673767,195.83434727673767,195.83434727673767,1370.4026069841455,0.0,196.27217122975594,-1.9583434727673767,0.39166869455347536,-2.3500121673208523,1604.0668794730739,1601.716867305753,60.17168673057532,1604.0668794730739,0.1465033782190379,ACTIVE,True
949,short,5,2.5,1.0,6,2024-07-25 14:00:00,593765,59376,5.695,596645,2024-07-26 14:00:00,TP,2.5,1572.1458808669656,12.5,0.002,196.5182351083707,196.5182351083707,196.5182351083707,1370.8404309371635,195.83434727673773,201.30544992980208,4.912955877709268,0.39303647021674143,4.519919407492527,1601.716867305753,1606.2367867132457,60.62367867132457,1606.2367867132457,0.0,ACTIVE,True
950,short,76,3.5,1.0,2,2024-07-25 23:45:00,594931,59493,27.24,597811,2024-07-26 23:45:00,SL,-1.0,1597.0168429711114,12.5,0.002,199.62710537138892,199.62710537138892,199.62710537138892,784.0212769385837,1.1368683772161603e-13,812.9955660325277,-1.9962710537138892,0.39925421074277784,-2.395525264456667,1606.2367867132457,1603.841261448789,60.38412614487891,1606.2367867132457,0.14913898649765514,ACTIVE,True
951,short,76,3.5,1.0,2,2024-07-25 23:55:00,594951,59495,27.23,597831,2024-07-26 23:55:00,SL,-1.0,1597.0168429711114,12.5,0.002,199.62710537138892,199.62710537138892,199.62710537138892,983.6483823099726,199.62710537138904,613.3684606611388,-1.9962710537138892,0.39925421074277784,-2.395525264456667,1603.841261448789,1601.4457361843324,60.14457361843324,1606.2367867132457,0.2982779729953103,ACTIVE,True
952,short,76,3.5,1.0,2,2024-07-26 00:00:00,594961,59496,27.2,597841,2024-07-27 00:00:00,SL,-1.0,1597.0168429711114,12.5,0.002,199.62710537138892,199.62710537138892,199.62710537138892,1183.2754876813615,399.25421074277796,413.7413552897499,-1.9962710537138892,0.39925421074277784,-2.395525264456667,1601.4457361843324,1599.0502109198758,59.905021091987585,1606.2367867132457,0.44741695949296545,ACTIVE,True
953,short,81,3.5,1.5,2,2024-07-26 05:50:00,595661,59566,28.05,598541,2024-07-27 05:50:00,SL,-1.5,1601.716867305753,12.5,0.002,200.21460841321914,200.21460841321914,200.21460841321914,795.3995512225376,598.8813161141669,806.3173160832155,-3.003219126198287,0.4004292168264383,-3.4036483430247255,1599.0502109198758,1595.646562576851,59.5646562576851,1606.2367867132457,0.6593189885823046,ACTIVE,True
954,short,81,3.5,1.5,2,2024-07-26 06:00:00,595681,59568,28.07,598561,2024-07-27 06:00:00,SL,-1.5,1601.716867305753,12.5,0.002,200.21460841321914,200.21460841321914,200.21460841321914,995.6141596357568,799.095924527386,606.1027076699963,-3.003219126198287,0.4004292168264383,-3.4036483430247255,1595.646562576851,1592.2429142338262,59.22429142338261,1606.2367867132457,0.8712210176716438,ACTIVE,True
955,short,81,3.5,1.5,2,2024-07-26 06:05:00,595691,59569,28.18,598571,2024-07-27 06:05:00,SL,-1.5,1601.716867305753,12.5,0.002,200.21460841321914,200.21460841321914,200.21460841321914,1195.828768048976,999.3105329406052,405.8880992567772,-3.003219126198287,0.4004292168264383,-3.4036483430247255,1592.2429142338262,1588.8392658908015,58.88392658908015,1606.2367867132457,1.0831230467609831,ACTIVE,True
956,short,5,2.5,1.0,2,2024-07-26 10:25:00,596211,59621,27.93,599091,2024-07-27 10:25:00,SL,-1.0,1601.716867305753,12.5,0.002,200.21460841321914,200.21460841321914,200.21460841321914,1396.043376462195,1199.5251413538244,205.67349084355806,-2.0021460841321916,0.4004292168264383,-2.40257530095863,1588.8392658908015,1586.4366905898428,58.64366905898428,1606.2367867132457,1.2327009496475771,ACTIVE,True
957,short,5,2.5,1.0,2,2024-07-26 10:30:00,596221,59622,27.97,599101,2024-07-27 10:30:00,SL,-1.0,1601.716867305753,12.5,0.002,200.21460841321914,5.458882430338917,5.458882430338917,1596.2579848754142,1399.7397497670436,5.458882430338917,-0.054588824303389176,0.010917764860677834,-0.06550658916406701,1586.4366905898428,1586.3711840006788,58.63711840006789,1606.2367867132457,1.236779214428079,ACTIVE,True
958,short,45,3.0,1.0,8,2024-07-28 06:30:00,601507,60150,181.98,604387,2024-07-29 06:30:00,SL,-1.0,1586.3711840006788,12.5,0.002,198.29639800008485,198.29639800008485,198.29639800008485,2.2737367544323206e-13,0.0,1586.3711840006786,-1.9829639800008485,0.3965927960001697,-2.379556776001018,1586.3711840006788,1583.9916272246778,58.39916272246779,1606.2367867132457,1.3849240456064345,ACTIVE,True
959,short,56,2.5,1.25,4,2024-07-28 06:40:00,601523,60152,67484.01,604403,2024-07-29 06:40:00,SL,-1.25,1586.3711840006788,12.5,0.002,198.29639800008485,198.29639800008485,198.29639800008485,198.29639800008508,0.0,1388.0747860005938,-2.478704975001061,0.3965927960001697,-2.8752977710012306,1583.9916272246778,1581.1163294536766,58.11163294536765,1606.2367867132457,1.5639323832802827,ACTIVE,True
960,short,29,3.5,1.0,1,2024-07-28 16:00:00,602640,60264,0.4081,605520,2024-07-29 16:00:00,SL,-1.0,1586.3711840006788,12.5,0.002,198.29639800008485,198.29639800008485,198.29639800008485,396.5927960001699,0.0,1189.7783880005088,-1.9829639800008485,0.3965927960001697,-2.379556776001018,1581.1163294536766,1578.7367726776756,57.873677267767555,1606.2367867132457,1.7120772144586385,ACTIVE,True
961,short,28,1.5,2.0,8,2024-07-29 07:35:00,604517,60451,192.43,607397,2024-07-30 07:35:00,TP,1.5,1581.1163294536766,12.5,0.002,197.63954118170957,197.63954118170957,197.63954118170957,198.29639800008502,0.0,1382.8199314535916,2.9645931177256437,0.39527908236341913,2.5693140353622246,1578.7367726776756,1581.3060867130378,58.130608671303776,1606.2367867132457,1.552118604581474,ACTIVE,True
962,short,5,2.5,1.0,10,2024-07-29 07:45:00,604539,60453,0.6103,607419,2024-07-30 07:45:00,TP,2.5,1581.1163294536766,12.5,0.002,197.63954118170957,197.63954118170957,197.63954118170957,395.9359391817946,5.684341886080802e-14,1185.180390271882,4.940988529542739,0.39527908236341913,4.54570944717932,1581.3060867130378,1585.851796160217,58.5851796160217,1606.2367867132457,1.2691149101834118,ACTIVE,True
963,short,28,1.5,2.0,8,2024-07-29 08:25:00,604617,60461,191.89,607497,2024-07-30 08:25:00,TP,1.5,1581.1163294536766,12.5,0.002,197.63954118170957,197.63954118170957,197.63954118170957,593.5754803635042,197.63954118170957,987.5408490901724,2.9645931177256437,0.39527908236341913,2.5693140353622246,1585.851796160217,1588.421110195579,58.84211101955792,1606.2367867132457,1.1091563003062477,ACTIVE,True
964,short,4,2.0,1.5,8,2024-07-29 09:05:00,604697,60469,191.84,607577,2024-07-30 09:05:00,TP,2.0,1581.1163294536766,12.5,0.002,197.63954118170957,197.63954118170957,197.63954118170957,791.2150215452137,395.27908236341915,789.9013079084629,3.9527908236341918,0.39527908236341913,3.5575117412707726,1588.421110195579,1591.9786219368498,59.19786219368497,1606.2367867132457,0.8876751481686344,ACTIVE,True
965,short,36,3.0,2.0,9,2024-07-29 13:30:00,605228,60522,0.1361,608108,2024-07-30 13:30:00,Time_288,0.7347538574577523,1581.1163294536766,12.5,0.002,197.63954118170957,197.63954118170957,197.63954118170957,988.8545627269233,0.0,592.2617667267533,1.452164152694414,0.39527908236341913,1.0568850703309949,1591.9786219368498,1593.0355070071807,59.30355070071806,1606.2367867132457,0.82187631457987,ACTIVE,True
966,short,7,3.0,1.75,9,2024-07-29 13:40:00,605248,60524,0.1361,608128,2024-07-30 13:40:00,Time_288,0.9551800146950739,1581.1163294536766,12.5,0.002,197.63954118170957,197.63954118170957,197.63954118170957,1186.494103908633,197.63954118170957,394.62222554504365,1.8878133985027301,0.39527908236341913,1.492534316139311,1593.0355070071807,1594.52804132332,59.452804132332005,1606.2367867132457,0.7289551258432274,ACTIVE,True
967,short,65,2.5,1.25,1,2024-07-29 17:10:00,605660,60566,0.4124,608540,2024-07-30 17:10:00,TP,2.5,1578.7367726776756,12.5,0.002,197.34209658470945,197.34209658470945,197.34209658470945,1185.8372470902577,0.0,392.8995255874179,4.933552414617736,0.39468419316941894,4.538868221448317,1594.52804132332,1599.0669095447684,59.90669095447683,1606.2367867132457,0.4463773478347902,ACTIVE,True
968,short,38,2.0,1.5,3,2024-07-29 18:25:00,605812,60581,577.5,608692,2024-07-30 18:25:00,Time_288,0.6233766233766272,1578.7367726776756,12.5,0.002,197.34209658470945,195.55742900270843,195.55742900270843,1383.1793436749672,2.2737367544323206e-13,195.55742900270843,1.219059297679229,0.3911148580054169,0.827944439673812,1599.0669095447684,1599.894853984442,59.989485398444195,1606.2367867132457,0.3948317446882015,ACTIVE,True
969,short,5,2.5,1.0,10,2024-07-30 09:45:00,607659,60765,0.6045,610539,2024-07-31 09:45:00,SL,-1.0,1591.9786219368498,12.5,0.002,198.99732774210622,198.99732774210622,198.99732774210622,788.1786079508374,5.684341886080802e-14,803.8000139860123,-1.9899732774210623,0.3979946554842125,-2.387967932905275,1599.894853984442,1597.5068860515369,59.75068860515369,1606.2367867132457,0.5435002319659445,ACTIVE,True
970,short,5,2.5,1.0,8,2024-07-30 14:25:00,608217,60821,180.43,611097,2024-07-31 14:25:00,TP,2.5,1594.52804132332,12.5,0.002,199.316005165415,199.316005165415,199.316005165415,591.8968533295246,5.684341886080802e-14,1002.6311879937954,4.982900129135375,0.39863201033083,4.5842681188045455,1597.5068860515369,1602.0911541703415,60.209115417034155,1606.2367867132457,0.2580959779527386,ACTIVE,True
971,short,5,2.5,1.0,8,2024-07-30 14:30:00,608227,60822,181.01,611107,2024-07-31 14:30:00,TP,2.5,1594.52804132332,12.5,0.002,199.316005165415,199.316005165415,199.316005165415,791.2128584949396,199.31600516541505,803.3151828283803,4.982900129135375,0.39863201033083,4.5842681188045455,1602.0911541703415,1606.6754222891461,60.66754222891462,1606.6754222891461,0.0,ACTIVE,True
972,short,5,2.5,1.0,8,2024-07-30 14:35:00,608237,60823,181.83,611117,2024-07-31 14:35:00,TP,2.5,1594.52804132332,12.5,0.002,199.316005165415,199.316005165415,199.316005165415,990.5288636603545,398.63201033083004,603.9991776629654,4.982900129135375,0.39863201033083,4.5842681188045455,1606.6754222891461,1611.2596904079508,61.125969040795084,1611.2596904079508,0.0,ACTIVE,True
973,short,4,2.0,1.5,7,2024-07-30 16:35:00,608476,60847,3322.06,611356,2024-07-31 16:35:00,TP,2.0,1594.52804132332,12.5,0.002,199.316005165415,199.316005165415,199.316005165415,1189.8448688257695,0.0,404.68317249755046,3.9863201033083,0.39863201033083,3.5876880929774697,1611.2596904079508,1614.8473785009282,61.48473785009283,1614.8473785009282,0.0,ACTIVE,True
974,short,42,3.0,2.0,5,2024-07-30 21:15:00,609034,60903,0.12468,611914,2024-07-31 21:15:00,SL,-2.0,1599.894853984442,12.5,0.002,199.98685674805526,199.98685674805526,199.98685674805526,996.2613484037665,0.0,603.6335055806755,-3.9997371349611055,0.39997371349611055,-4.399710848457216,1614.8473785009282,1610.447667652471,61.044766765247104,1614.8473785009282,0.27245366385903075,ACTIVE,True
975,short,85,2.0,1.0,2,2024-07-31 01:35:00,609551,60955,26.43,612431,2024-08-01 01:35:00,SL,-1.0,1599.894853984442,12.5,0.002,199.98685674805526,199.98685674805526,199.98685674805526,1196.2482051518218,2.2737367544323206e-13,403.64664883262026,-1.9998685674805528,0.39997371349611055,-2.3998422809766633,1610.447667652471,1608.0478253714944,60.80478253714943,1614.8473785009282,0.4210647532366775,ACTIVE,True
976,short,52,2.5,2.0,9,2024-07-31 03:30:00,609788,60978,0.1311,612668,2024-08-01 03:30:00,Time_288,1.8306636155606297,1599.894853984442,12.5,0.002,199.98685674805526,199.98685674805526,199.98685674805526,1396.235061899877,0.0,203.65979208456497,3.6610866223900054,0.39997371349611055,3.261112908893895,1608.0478253714944,1611.3089382803882,61.13089382803882,1614.8473785009282,0.21911917297254124,ACTIVE,True
977,short,35,3.5,1.0,8,2024-07-31 07:30:00,610267,61026,183.2,613147,2024-08-01 07:30:00,TP,3.5,1599.894853984442,12.5,0.002,199.98685674805526,3.6729353365096813,3.6729353365096813,1596.2219186479324,597.948015496245,3.6729353365096813,0.12855273677783885,0.0073458706730193625,0.12120686610481948,1611.3089382803882,1611.430145146493,61.143014514649295,1614.8473785009282,0.21161339454923894,ACTIVE,True
978,short,65,2.5,1.25,5,2024-07-31 12:20:00,610844,61084,0.12557,613724,2024-08-01 12:20:00,SL,-1.25,1597.5068860515369,12.5,0.002,199.6883607564421,196.6093598092009,196.6093598092009,1400.897526242336,199.98685674805526,196.6093598092009,-2.4576169976150113,0.3932187196184018,-2.850835717233413,1611.430145146493,1608.5793094292596,60.857930942925954,1614.8473785009282,0.3881524133560714,ACTIVE,True
979,short,52,2.5,2.0,9,2024-07-31 17:25:00,611458,61145,0.13,614338,2024-08-01 17:25:00,Time_288,2.1538461538461515,1614.8473785009282,12.5,0.002,201.85592231261603,201.85592231261603,201.85592231261603,800.2428653898771,199.98685674805526,814.6045131110511,4.347666019040957,0.4037118446252321,3.9439541744157247,1608.5793094292596,1612.5232636036753,61.252326360367526,1614.8473785009282,0.1439216441253043,ACTIVE,True
980,short,52,2.5,2.0,9,2024-07-31 17:30:00,611468,61146,0.13,614348,2024-08-01 17:30:00,Time_288,2.1538461538461515,1614.8473785009282,12.5,0.002,201.85592231261603,201.85592231261603,201.85592231261603,1002.0987877024932,401.8427790606713,612.7485907984351,4.347666019040957,0.4037118446252321,3.9439541744157247,1612.5232636036753,1616.467217778091,61.6467217778091,1616.467217778091,0.0,ACTIVE,True
981,short,52,2.5,2.0,9,2024-07-31 17:40:00,611488,61148,0.1301,614368,2024-08-01 17:40:00,Time_288,2.2290545734050626,1614.8473785009282,12.5,0.002,201.85592231261603,201.85592231261603,201.85592231261603,1203.9547100151092,603.6987013732873,410.89266848581906,4.499478667998338,0.4037118446252321,4.095766823373106,1616.467217778091,1620.5629846014642,62.05629846014642,1620.5629846014642,0.0,ACTIVE,True
982,short,7,3.0,1.75,9,2024-07-31 17:55:00,611518,61151,0.13,614398,2024-08-01 17:55:00,Time_288,2.076923076923083,1614.8473785009282,12.5,0.002,201.85592231261603,201.85592231261603,201.85592231261603,1405.8106323277252,805.5546236859034,209.03674617320303,4.192392232646652,0.4037118446252321,3.78868038802142,1620.5629846014642,1624.3516649894857,62.43516649894858,1624.3516649894857,0.0,ACTIVE,True
983,short,5,2.5,1.0,3,2024-07-31 20:20:00,611802,61180,578.1,614682,2024-08-01 20:20:00,TP,2.5,1614.8473785009282,12.5,0.002,201.85592231261603,7.180823860586997,7.180823860586997,1607.6665546403412,2.2737367544323206e-13,7.180823860586997,0.17952059651467495,0.014361647721173995,0.16515894879350096,1624.3516649894857,1624.5168239382792,62.45168239382792,1624.5168239382792,0.0,ACTIVE,True
984,short,19,3.5,1.25,3,2024-07-31 21:25:00,611932,61193,576.0,614812,2024-08-01 21:25:00,TP,3.5,1610.447667652471,12.5,0.002,201.30595845655887,195.587145899598,195.587145899598,1414.860521752873,7.180823860587225,195.587145899598,6.8455501064859305,0.391174291799196,6.454375814686735,1624.5168239382792,1630.971199752966,63.09711997529659,1630.971199752966,0.0,ACTIVE,True
985,short,6,3.5,1.75,8,2024-08-01 05:05:00,612857,61285,167.22,615737,2024-08-02 05:05:00,SL,-1.75,1611.3089382803882,12.5,0.002,201.41361728504853,201.41361728504853,201.41361728504853,1210.4739541563604,3.672935336509738,400.83498412402787,-3.5247383024883496,0.40282723457009706,-3.9275655370584466,1630.971199752966,1627.0436342159076,62.704363421590756,1630.971199752966,0.2408114586973262,ACTIVE,True
986,short,5,2.5,1.0,2,2024-08-01 15:30:00,614101,61410,24.59,616981,2024-08-02 15:30:00,SL,-1.0,1608.5793094292596,12.5,0.002,201.07241367865745,201.07241367865745,201.07241367865745,1211.6052762956983,2.2737367544323206e-13,396.9740331335613,-2.0107241367865747,0.40214482735731494,-2.4128689641438896,1627.0436342159076,1624.6307652517637,62.463076525176376,1630.971199752966,0.3887520823275484,ACTIVE,True
987,short,5,2.5,1.0,2,2024-08-01 15:35:00,614111,61411,24.64,616991,2024-08-02 15:35:00,SL,-1.0,1608.5793094292596,12.5,0.002,201.07241367865745,195.90161945490377,195.90161945490377,1412.6776899743559,201.07241367865768,195.90161945490377,-1.9590161945490376,0.39180323890980756,-2.3508194334588453,1624.6307652517637,1622.279945818305,62.22799458183048,1630.971199752966,0.5328882530836522,ACTIVE,True
988,short,19,3.5,1.25,3,2024-08-01 17:30:00,614342,61434,558.1,617222,2024-08-02 17:30:00,SL,-1.25,1612.5232636036753,12.5,0.002,201.56540795045942,201.56540795045942,201.56540795045942,1406.7233871166436,202.76796976018522,205.79987648703172,-2.5195675993807427,0.4031308159009188,-2.9226984152816615,1622.279945818305,1619.3572474030232,61.93572474030231,1630.971199752966,0.7120881320100497,ACTIVE,True
989,short,62,3.5,1.75,2,2024-08-01 17:40:00,614361,61436,24.37,617241,2024-08-02 17:40:00,SL,-1.75,1616.467217778091,12.5,0.002,202.05840222226138,202.05840222226138,202.05840222226138,1406.4328727544869,396.9740331335614,210.03434502360415,-3.5360220388895747,0.40411680444452275,-3.9401388433340974,1619.3572474030232,1615.417108559689,61.541710855968915,1630.971199752966,0.9536704998612366,ACTIVE,True
990,short,19,3.5,1.25,8,2024-08-01 17:55:00,614397,61439,162.24,617277,2024-08-02 17:55:00,SL,-1.25,1620.5629846014642,12.5,0.002,202.57037307518303,202.57037307518303,202.57037307518303,1406.6353526641321,201.4136172850486,213.92763193733208,-2.532129663439788,0.40514074615036605,-2.937270409590154,1615.417108559689,1612.4798381500989,61.24798381500989,1630.971199752966,1.1337638338229306,ACTIVE,True
991,short,67,2.0,1.25,5,2024-08-01 19:25:00,614574,61457,0.1146,617454,2024-08-02 19:25:00,SL,-1.25,1624.3516649894857,12.5,0.002,203.0439581236857,203.0439581236857,203.0439581236857,1407.349803426699,2.842170943040401e-14,217.00186156278664,-2.5380494765460715,0.40608791624737145,-2.944137392793443,1612.4798381500989,1609.5357007573054,60.953570075730546,1630.971199752966,1.3142782042323755,ACTIVE,True
992,short,83,3.5,1.0,7,2024-08-02 00:05:00,615136,61513,3202.31,618016,2024-08-03 00:05:00,TP,3.5,1630.971199752966,12.5,0.002,203.87139996912074,203.87139996912074,203.87139996912074,1407.6257917901999,0.0,223.3454079627661,7.135498998919227,0.4077427999382415,6.727756198980985,1609.5357007573054,1616.2634569562865,61.62634569562866,1630.971199752966,0.9017782042323702,ACTIVE,True
993,short,5,2.5,1.0,8,2024-08-02 12:35:00,616637,61663,163.49,619517,2024-08-03 12:35:00,SL,-1.0,1627.0436342159076,12.5,0.002,203.38045427698844,203.38045427698844,203.38045427698844,1410.0835744742722,202.57037307518306,216.9600597416354,-2.0338045427698845,0.4067609085539769,-2.4405654513238613,1616.2634569562865,1613.8228915049626,61.38228915049626,1630.971199752966,1.0514169870443262,ACTIVE,True
994,short,5,2.5,1.0,8,2024-08-02 12:40:00,616647,61664,162.56,619527,2024-08-03 12:40:00,SL,-1.0,1627.0436342159076,12.5,0.002,203.38045427698844,13.579605464646875,13.579605464646875,1613.4640287512607,405.9508273521715,13.579605464646875,-0.13579605464646874,0.02715921092929375,-0.16295526557576248,1613.8228915049626,1613.6599362393868,61.365993623938685,1630.971199752966,1.0614082895026746,ACTIVE,True
995,short,63,3.5,1.5,4,2024-08-02 16:20:00,617083,61708,63318.01,619963,2024-08-03 16:20:00,TP,3.5,1622.279945818305,12.5,0.002,202.7849932272881,202.7849932272881,202.7849932272881,1230.0696010823463,0.0,392.21034473595864,7.097474762955085,0.40556998645457626,6.691904776500508,1613.6599362393868,1620.3518410158872,62.035184101588726,1630.971199752966,0.6511064535466482,ACTIVE,True
996,short,23,2.5,2.0,4,2024-08-02 16:25:00,617093,61709,63092.02,619973,2024-08-03 16:25:00,TP,2.5,1622.279945818305,12.5,0.002,202.7849932272881,189.42535150867047,189.42535150867047,1432.8545943096344,202.7849932272881,189.42535150867047,4.735633787716762,0.378850703017341,4.356783084699421,1620.3518410158872,1624.7086241005866,62.47086241005866,1630.971199752966,0.383978310182788,ACTIVE,True
997,short,52,2.5,2.0,9,2024-08-02 17:30:00,617228,61722,0.1237,620108,2024-08-03 17:30:00,Time_288,-1.0509296685529472,1619.3572474030232,12.5,0.002,202.4196559253779,198.64270953517757,198.64270953517757,1420.7145378678456,0.0,198.64270953517757,-2.0875951689226353,0.39728541907035514,-2.4848805879929903,1624.7086241005866,1622.2237435125935,62.22237435125935,1630.971199752966,0.5363341941106861,ACTIVE,True
998,short,21,3.5,1.0,8,2024-08-02 21:40:00,617727,61772,154.51,620607,2024-08-03 21:40:00,TP,3.5,1609.5357007573054,12.5,0.002,201.19196259466318,201.19196259466318,201.19196259466318,1011.6845139818932,216.96005974163532,597.8511867754122,7.041718690813212,0.40238392518932636,6.639334765623886,1622.2237435125935,1628.8630782782175,62.88630782782174,1630.971199752966,0.12925559170313933,ACTIVE,True
999,short,21,3.5,1.0,6,2024-08-02 21:45:00,617735,61773,5.118,620615,2024-08-03 21:45:00,SL,-1.0,1609.5357007573054,12.5,0.002,201.19196259466318,201.19196259466318,201.19196259466318,1212.8764765765563,8.526512829121202e-14,396.6592241807491,-2.0119196259466317,0.40238392518932636,-2.414303551135958,1628.8630782782175,1626.4487747270816,62.644877472708174,1630.971199752966,0.2772841743967838,ACTIVE,True
1000,short,8,2.5,1.25,2,2024-08-02 22:45:00,617851,61785,23.56,620731,2024-08-03 22:45:00,SL,-1.25,1609.5357007573054,12.5,0.002,201.19196259466318,195.4672615860859,195.4672615860859,1414.0684391712196,2.5579538487363607e-13,195.4672615860859,-2.443340769826074,0.3909345231721718,-2.834275292998246,1626.4487747270816,1623.6144994340834,62.36144994340835,1630.971199752966,0.45106255217730445,ACTIVE,True
1001,short,1,3.5,2.0,1,2024-08-03 16:00:00,619920,61992,0.3589,622800,2024-08-04 16:00:00,SL,-2.0,1613.6599362393868,12.5,0.002,201.70749202992334,201.70749202992334,201.70749202992334,1188.7042410465492,0.0,424.95569519283754,-4.034149840598467,0.4034149840598467,-4.437564824658313,1623.6144994340834,1619.1769346094252,61.917693460942516,1630.971199752966,0.7231436793811675,ACTIVE,True
1002,short,1,3.5,2.0,2,2024-08-03 16:00:00,619921,61992,23.29,622801,2024-08-04 16:00:00,TP,3.5,1613.6599362393868,12.5,0.002,201.70749202992334,201.70749202992334,201.70749202992334,1390.4117330764725,195.46726158608615,223.24820316291425,7.059762221047317,0.4034149840598467,6.656347236987471,1619.1769346094252,1625.8332818464125,62.58332818464125,1630.971199752966,0.31502198857537295,ACTIVE,True
1003,short,1,3.5,2.0,6,2024-08-03 16:00:00,619925,61992,5.046,622805,2024-08-04 16:00:00,TP,3.5,1613.6599362393868,12.5,0.002,201.70749202992334,21.540711132990964,21.540711132990964,1592.1192251063958,201.19196259466327,21.540711132990964,0.7539248896546838,0.04308142226598193,0.710843467388702,1625.8332818464125,1626.5441253138013,62.65441253138013,1630.971199752966,0.2714379285075814,ACTIVE,True
1004,short,1,3.5,2.0,6,2024-08-03 16:20:00,619965,61996,4.987,622845,2024-08-04 16:20:00,SL,-2.0,1620.3518410158872,12.5,0.002,202.5439801269859,202.5439801269859,202.5439801269859,1410.8749430120986,222.73267372765423,209.47689800378862,-4.050879602539718,0.4050879602539718,-4.455967562793689,1626.5441253138013,1622.0881577510077,62.20881577510076,1630.971199752966,0.5446473857603228,ACTIVE,True
1005,short,5,2.5,1.0,1,2024-08-03 16:20:00,619960,61996,0.3544,622840,2024-08-04 16:20:00,SL,-1.0,1620.3518410158872,12.5,0.002,202.5439801269859,6.932917876802776,6.932917876802776,1613.4189231390844,201.70749202992334,6.932917876802776,-0.06932917876802776,0.013865835753605553,-0.0831950145216333,1622.0881577510077,1622.004962736486,62.20049627364861,1630.971199752966,0.5497483350924881,ACTIVE,True
1006,short,1,3.5,2.0,6,2024-08-03 16:25:00,619975,61997,5.03,622855,2024-08-04 16:25:00,SL,-2.0,1624.7086241005866,12.5,0.002,203.08857801257332,193.78213459336985,193.78213459336985,1430.9264895072167,425.27665385464013,193.78213459336985,-3.875642691867397,0.3875642691867397,-4.263206961054137,1622.004962736486,1617.741755775432,61.77417557754321,1630.971199752966,0.8111390305075735,ACTIVE,True
1007,short,12,3.5,1.25,7,2024-08-03 18:25:00,620216,62021,2910.7,623096,2024-08-04 18:25:00,TP,3.5,1622.2237435125935,12.5,0.002,202.7779679390742,196.1578289471845,196.1578289471845,1426.065914565409,0.0,196.1578289471845,6.865524013151458,0.392315657894369,6.473208355257089,1617.741755775432,1624.2149641306892,62.42149641306891,1630.971199752966,0.4142461634699693,ACTIVE,True
1008,short,28,1.5,2.0,7,2024-08-03 23:05:00,620776,62077,2904.47,623656,2024-08-04 23:05:00,TP,1.5,1623.6144994340834,12.5,0.002,202.95181242926043,202.95181242926043,202.95181242926043,1024.3725567371812,196.1578289471845,599.2419426969022,3.044277186438906,0.4059036248585209,2.6383735615803854,1624.2149641306892,1626.8533376922696,62.68533376922696,1630.971199752966,0.25247914011725253,ACTIVE,True
1009,short,73,3.5,1.0,7,2024-08-03 23:20:00,620806,62080,2910.2,623686,2024-08-04 23:20:00,TP,3.5,1623.6144994340834,12.5,0.002,202.95181242926043,202.95181242926043,202.95181242926043,1227.3243691664416,399.1096413764449,396.29013026764187,7.103313435024115,0.4059036248585209,6.697409810165595,1626.8533376922696,1633.5507475024351,63.35507475024351,1633.5507475024351,0.0,ACTIVE,True
1010,short,61,3.0,1.5,6,2024-08-04 08:55:00,621955,62195,4.973,624835,2024-08-05 08:55:00,TP,3.0,1623.6144994340834,12.5,0.002,202.95181242926043,193.3383178383815,193.3383178383815,1430.276181595702,417.86682585334677,193.3383178383815,5.800149535151445,0.386676635676763,5.413472899474682,1633.5507475024351,1638.9642204019099,63.89642204019099,1638.9642204019099,0.0,ACTIVE,True
1011,short,36,3.0,2.0,9,2024-08-04 16:15:00,622838,62283,0.1269,625718,2024-08-05 16:15:00,TP,3.0,1626.5441253138013,12.5,0.002,203.31801566422516,203.31801566422516,203.31801566422516,1198.658804241246,0.0,427.88532107255537,6.099540469926755,0.40663603132845033,5.692904438598304,1638.9642204019099,1644.6571248405082,64.46571248405081,1644.6571248405082,0.0,ACTIVE,True
1012,short,34,2.0,2.0,8,2024-08-04 18:05:00,623057,62305,136.61,625937,2024-08-05 18:05:00,SL,-2.0,1617.741755775432,12.5,0.002,202.217719471929,202.217719471929,202.217719471929,998.7177873083126,0.0,619.0239684671194,-4.04435438943858,0.404435438943858,-4.448789828382438,1644.6571248405082,1640.2083350121259,64.02083350121259,1644.6571248405082,0.27049953216320294,ACTIVE,True
1013,short,48,3.5,1.5,7,2024-08-04 19:10:00,623186,62318,2732.66,626066,2024-08-05 19:10:00,TP,3.5,1624.2149641306892,12.5,0.002,203.02687051633615,203.02687051633615,203.02687051633615,1004.7776778330572,405.90362485852086,619.437286297632,7.105940468071766,0.4060537410326723,6.699886727039093,1640.2083350121259,1646.908221739165,64.69082217391649,1646.908221739165,0.0,ACTIVE,True
1014,short,67,2.0,1.25,7,2024-08-04 19:20:00,623206,62320,2758.63,626086,2024-08-05 19:20:00,TP,2.0,1624.2149641306892,12.5,0.002,203.02687051633615,203.02687051633615,203.02687051633615,1207.8045483493934,608.930495374857,416.4104157812958,4.060537410326723,0.4060537410326723,3.6544836692940508,1646.908221739165,1650.562705408459,65.05627054084589,1650.562705408459,0.0,ACTIVE,True
1015,short,19,3.5,1.25,5,2024-08-05 02:55:00,624114,62411,0.09336,626994,2024-08-06 02:55:00,TP,3.5,1633.5507475024351,12.5,0.002,204.1938434378044,204.1938434378044,204.1938434378044,1004.9277940072088,2.842170943040401e-14,628.6229534952263,7.146784520323155,0.4083876868756088,6.7383968334475455,1650.562705408459,1657.3011022419064,65.73011022419064,1657.3011022419064,0.0,ACTIVE,True
1016,short,32,2.5,1.25,1,2024-08-05 02:55:00,624110,62411,0.3136,626990,2024-08-06 02:55:00,TP,2.5,1633.5507475024351,12.5,0.002,204.1938434378044,204.1938434378044,204.1938434378044,1209.1216374450132,0.0,424.4291100574219,5.10484608594511,0.4083876868756088,4.696458399069501,1657.3011022419064,1661.997560640976,66.1997560640976,1661.997560640976,0.0,ACTIVE,True
1017,short,32,2.5,1.25,10,2024-08-05 02:55:00,624119,62411,0.4777,626999,2024-08-06 02:55:00,TP,2.5,1633.5507475024351,12.5,0.002,204.1938434378044,204.1938434378044,204.1938434378044,1413.3154808828176,5.684341886080802e-14,220.2352666196175,5.10484608594511,0.4083876868756088,4.696458399069501,1661.997560640976,1666.6940190400455,66.66940190400454,1666.6940190400455,0.0,ACTIVE,True
1018,short,19,3.5,1.25,7,2024-08-05 03:00:00,624126,62412,2316.04,627006,2024-08-06 03:00:00,TP,3.5,1633.5507475024351,12.5,0.002,204.1938434378044,16.041423181813116,16.041423181813116,1617.509324320622,406.05374103267235,16.041423181813116,0.5614498113634591,0.03208284636362623,0.5293669649998328,1666.6940190400455,1667.2233860050453,66.72233860050454,1667.2233860050453,0.0,ACTIVE,True
1019,short,91,2.0,1.25,6,2024-08-05 22:10:00,626425,62642,4.197,629305,2024-08-06 22:10:00,SL,-1.25,1650.562705408459,12.5,0.002,206.32033817605736,206.32033817605736,206.32033817605736,628.622953495227,5.684341886080802e-14,1021.9397519132319,-2.579004227200717,0.4126406763521147,-2.991644903552832,1667.2233860050453,1664.2317411014924,66.42317411014925,1667.2233860050453,0.17943875599786427,ACTIVE,True
1020,short,87,3.0,2.0,10,2024-08-06 01:35:00,626839,62683,0.5063,629719,2024-08-07 01:35:00,SL,-2.0,1650.562705408459,12.5,0.002,206.32033817605736,206.32033817605736,206.32033817605736,834.9432916712843,204.19384343780445,815.6194137371746,-4.126406763521147,0.4126406763521147,-4.539047439873261,1664.2317411014924,1659.6926936616192,65.96926936616192,1667.2233860050453,0.4516906616497859,ACTIVE,True
1021,short,31,2.5,2.0,2,2024-08-06 15:40:00,628521,62852,20.95,631401,2024-08-07 15:40:00,SL,-2.0,1667.2233860050453,12.5,0.002,208.40292325063066,208.40292325063066,208.40292325063066,412.6406763521154,2.8421709430404007e-13,1254.58270965293,-4.168058465012614,0.41680584650126135,-4.584864311513875,1659.6926936616192,1655.1078293501052,65.51078293501051,1667.2233860050453,0.7266906616497881,ACTIVE,True
1022,short,5,2.5,1.0,1,2024-08-07 04:45:00,630090,63009,0.337,632970,2024-08-08 04:45:00,SL,-1.0,1659.6926936616192,12.5,0.002,207.4615867077024,207.4615867077024,207.4615867077024,208.40292325063137,0.0,1451.2897704109878,-2.074615867077024,0.4149231734154048,-2.4895390404924287,1655.1078293501052,1652.6182903096128,65.26182903096127,1667.2233860050453,0.8760131256573144,ACTIVE,True
1023,short,44,3.0,1.0,6,2024-08-07 12:10:00,630985,63098,4.541,633865,2024-08-08 12:10:00,TP,3.0,1659.6926936616192,12.5,0.002,207.4615867077024,207.4615867077024,207.4615867077024,415.86450995833377,5.684341886080802e-14,1243.8281837032855,6.223847601231071,0.4149231734154048,5.808924427815667,1652.6182903096128,1658.4272147374284,65.84272147374284,1667.2233860050453,0.5275940429730954,ACTIVE,True
1024,short,1,3.5,2.0,2,2024-08-07 12:15:00,630991,63099,21.05,633871,2024-08-08 12:15:00,TP,3.5,1659.6926936616192,12.5,0.002,207.4615867077024,207.4615867077024,207.4615867077024,623.3260966660362,208.40292325063095,1036.366596995583,7.261155534769585,0.4149231734154048,6.84623236135418,1658.4272147374284,1665.2734470987825,66.52734470987825,1667.2233860050453,0.11695726695240144,ACTIVE,True
1025,short,44,3.0,1.0,6,2024-08-07 12:15:00,630995,63099,4.561,633875,2024-08-08 12:15:00,TP,3.0,1659.6926936616192,12.5,0.002,207.4615867077024,207.4615867077024,207.4615867077024,830.7876833737386,207.46158670770245,828.9050102878806,6.223847601231071,0.4149231734154048,5.808924427815667,1665.2734470987825,1671.082371526598,67.10823715265981,1671.082371526598,0.0,ACTIVE,True
1026,short,12,3.5,1.25,7,2024-08-07 19:20:00,631846,63184,2355.03,634726,2024-08-08 19:20:00,SL,-1.25,1655.1078293501052,12.5,0.002,206.88847866876316,206.88847866876316,206.88847866876316,829.8463468308103,5.684341886080802e-14,825.261482519295,-2.5861059833595395,0.41377695733752634,-2.999882940697066,1671.082371526598,1668.082488585901,66.80824885859012,1671.082371526598,0.17951735903697708,ACTIVE,True
1027,short,62,3.5,1.75,3,2024-08-07 19:55:00,631912,63191,472.3,634792,2024-08-08 19:55:00,SL,-1.75,1655.1078293501052,12.5,0.002,206.88847866876316,206.88847866876316,206.88847866876316,1036.7348254995734,2.2737367544323206e-13,618.3730038505319,-3.6205483767033555,0.41377695733752634,-4.034325334040882,1668.082488585901,1664.0481632518602,66.40481632518602,1671.082371526598,0.42093725567291457,ACTIVE,True
1028,short,39,3.5,1.75,3,2024-08-07 20:05:00,631932,63193,471.5,634812,2024-08-08 20:05:00,SL,-1.75,1655.1078293501052,12.5,0.002,206.88847866876316,206.88847866876316,206.88847866876316,1243.6233041683365,206.88847866876338,411.48452518176873,-3.6205483767033555,0.41377695733752634,-4.034325334040882,1664.0481632518602,1660.0138379178193,66.00138379178193,1671.082371526598,0.6623571523088522,ACTIVE,True
1029,short,95,2.5,1.0,7,2024-08-08 03:20:00,632806,63280,2452.0,635686,2024-08-09 03:20:00,SL,-1.0,1655.1078293501052,12.5,0.002,206.88847866876316,204.5960465130056,204.5960465130056,1450.5117828370996,206.8884786687632,204.5960465130056,-2.0459604651300562,0.4091920930260112,-2.4551525581560676,1660.0138379178193,1657.5586853596633,65.75586853596633,1671.082371526598,0.8092770528469154,ACTIVE,True
1030,short,5,2.5,1.0,8,2024-08-08 08:05:00,633377,63337,153.93,636257,2024-08-09 08:05:00,SL,-1.0,1652.6182903096128,12.5,0.002,206.5772862887016,204.97204766721006,204.97204766721006,1447.6462426424027,0.0,204.97204766721006,-2.0497204766721007,0.4099440953344201,-2.459664572006521,1657.5586853596633,1655.0990207876569,65.50990207876568,1671.082371526598,0.9564669588573195,ACTIVE,True
1031,short,74,2.5,1.75,2,2024-08-08 17:10:00,634461,63446,21.99,637341,2024-08-09 17:10:00,SL,-1.75,1671.082371526598,12.5,0.002,208.88529644082476,208.88529644082476,208.88529644082476,1030.233530186506,2.5579538487363607e-13,640.8488413400921,-3.6554926877144336,0.4177705928816495,-4.073263280596083,1655.0990207876569,1651.0257575070607,65.10257575070607,1671.082371526598,1.2002169588573244,ACTIVE,True
1032,short,5,2.5,1.0,8,2024-08-08 17:45:00,634537,63453,157.14,637417,2024-08-09 17:45:00,SL,-1.0,1671.082371526598,12.5,0.002,208.88529644082476,208.88529644082476,208.88529644082476,1239.1188266273307,204.97204766721006,431.9635448992674,-2.0888529644082476,0.4177705928816495,-2.506623557289897,1651.0257575070607,1648.5191339497708,64.85191339497706,1671.082371526598,1.3502169588573254,ACTIVE,True
1033,short,66,3.5,1.0,2,2024-08-08 17:45:00,634531,63453,21.85,637411,2024-08-09 17:45:00,SL,-1.0,1671.082371526598,12.5,0.002,208.88529644082476,208.88529644082476,208.88529644082476,1448.0041230681554,208.88529644082502,223.07824845844266,-2.0888529644082476,0.4177705928816495,-2.506623557289897,1648.5191339497708,1646.0125103924809,64.60125103924807,1671.082371526598,1.5002169588573264,ACTIVE,True
1034,short,66,3.5,1.0,2,2024-08-08 17:50:00,634541,63454,21.86,637421,2024-08-09 17:50:00,SL,-1.0,1671.082371526598,12.5,0.002,208.88529644082476,14.192952017617927,14.192952017617927,1656.8894195089802,417.7705928816498,14.192952017617927,-0.14192952017617927,0.028385904035235852,-0.17031542421141513,1646.0125103924809,1645.8421949682695,64.58421949682696,1671.082371526598,1.510408881596346,ACTIVE,True
1035,short,78,3.0,2.0,7,2024-08-09 00:30:00,635346,63534,2693.01,638226,2024-08-10 00:30:00,TP,3.0,1660.0138379178193,12.5,0.002,207.5017297397274,207.5017297397274,207.5017297397274,1050.4169355203087,204.5960465130057,609.5969023975106,6.225051892191822,0.41500345947945483,5.810048432712367,1645.8421949682695,1651.652243400982,65.16522434009819,1671.082371526598,1.1627271316294254,ACTIVE,True
1036,short,17,3.0,1.25,6,2024-08-09 01:55:00,635515,63551,4.862,638395,2024-08-10 01:55:00,Time_288,2.097902097902104,1660.0138379178193,12.5,0.002,207.5017297397274,207.5017297397274,207.5017297397274,1257.918665260036,5.684341886080802e-14,402.0951726577832,4.353183141392896,0.41500345947945483,3.938179681913441,1651.652243400982,1655.5904230828953,65.55904230828953,1671.082371526598,0.9270607306778226,ACTIVE,True
1037,short,1,3.5,2.0,2,2024-08-09 04:50:00,635861,63586,21.77,638741,2024-08-10 04:50:00,Time_288,1.423977951309135,1657.5586853596633,12.5,0.002,207.1948356699579,207.1948356699579,207.1948356699579,1260.8243484867578,431.96354489926773,396.7343368729055,2.9504087761913955,0.41438967133991583,2.5360191048514795,1655.5904230828953,1658.1264421877468,65.81264421877468,1671.082371526598,0.775301658350664,ACTIVE,True
1038,short,1,3.5,2.0,2,2024-08-09 04:55:00,635871,63587,21.72,638751,2024-08-10 04:55:00,Time_288,0.9668508287292694,1657.5586853596633,12.5,0.002,207.1948356699579,189.53950120294758,189.53950120294758,1468.0191841567157,639.1583805692256,189.53950120294758,1.8325642381500222,0.37907900240589515,1.453485235744127,1658.1264421877468,1659.579927423491,65.9579927423491,1671.082371526598,0.6883229874897898,ACTIVE,True
1039,short,66,3.5,1.0,9,2024-08-09 10:25:00,636538,63653,0.1268,639418,2024-08-10 10:25:00,SL,-1.0,1655.0990207876569,12.5,0.002,206.8873775984571,202.51238309520363,202.51238309520363,1452.5866376924532,0.0,202.51238309520363,-2.0251238309520363,0.4050247661904073,-2.4301485971424435,1659.579927423491,1657.1497788263484,65.71497788263486,1671.082371526598,0.8337466146280799,ACTIVE,True
1040,short,66,3.5,1.0,9,2024-08-10 07:30:00,639068,63906,0.1288,641948,2024-08-11 07:30:00,Time_288,-0.07763975155278648,1659.579927423491,12.5,0.002,207.44749092793637,207.44749092793637,207.44749092793637,202.51238309520454,202.51238309520363,1457.0675443282864,-0.16106171655893906,0.41489498185587276,-0.5759566984148118,1657.1497788263484,1656.5738221279337,65.65738221279335,1671.082371526598,0.8682127012931313,ACTIVE,True
1041,short,66,3.5,1.0,9,2024-08-10 07:35:00,639078,63907,0.1289,641958,2024-08-11 07:35:00,Time_288,-0.07757951900699515,1659.579927423491,12.5,0.002,207.44749092793637,207.44749092793637,207.44749092793637,409.9598740231409,409.95987402314,1249.6200534003501,-0.16093676565397294,0.41489498185587276,-0.5758317475098457,1656.5738221279337,1655.9979903804237,65.59979903804238,1671.082371526598,0.9026713107142752,ACTIVE,True
1042,short,66,3.5,1.0,9,2024-08-10 07:55:00,639118,63911,0.1288,641998,2024-08-11 07:55:00,Time_288,-0.07763975155278648,1659.579927423491,12.5,0.002,207.44749092793637,207.44749092793637,207.44749092793637,617.4073649510773,617.4073649510764,1042.1725624724136,-0.16106171655893906,0.41489498185587276,-0.5759566984148118,1655.9979903804237,1655.422033682009,65.54220336820089,1671.082371526598,0.9371373973793269,ACTIVE,True
1043,short,66,3.5,1.0,9,2024-08-10 08:15:00,639158,63915,0.1287,642038,2024-08-11 08:15:00,Time_288,-0.07770007770006913,1659.579927423491,12.5,0.002,207.44749092793637,207.44749092793637,207.44749092793637,824.8548558790137,824.8548558790128,834.7250715444773,-0.16118686163785043,0.41489498185587276,-0.5760818434937232,1655.422033682009,1654.8459518385152,65.48459518385152,1671.082371526598,0.9716109729079505,ACTIVE,True
1044,short,66,3.5,1.0,9,2024-08-10 08:20:00,639168,63916,0.1287,642048,2024-08-11 08:20:00,Time_288,-0.07770007770006913,1659.579927423491,12.5,0.002,207.44749092793637,207.44749092793637,207.44749092793637,1032.30234680695,1032.3023468069491,627.277580616541,-0.16118686163785043,0.41489498185587276,-0.5760818434937232,1654.8459518385152,1654.2698699950215,65.42698699950216,1671.082371526598,1.0060845484365744,ACTIVE,True
1045,short,66,3.5,1.0,9,2024-08-10 08:25:00,639178,63917,0.1287,642058,2024-08-11 08:25:00,Time_288,-0.07770007770006913,1659.579927423491,12.5,0.002,207.44749092793637,207.44749092793637,207.44749092793637,1239.7498377348863,1239.7498377348854,419.83008968860463,-0.16118686163785043,0.41489498185587276,-0.5760818434937232,1654.2698699950215,1653.6937881515278,65.36937881515277,1671.082371526598,1.0405581239651982,ACTIVE,True
1046,short,66,3.5,1.0,9,2024-08-10 08:30:00,639188,63918,0.1287,642068,2024-08-11 08:30:00,Time_288,-0.07770007770006913,1659.579927423491,12.5,0.002,207.44749092793637,207.44749092793637,207.44749092793637,1447.1973286628227,1447.1973286628217,212.38259876066832,-0.16118686163785043,0.41489498185587276,-0.5760818434937232,1653.6937881515278,1653.117706308034,65.3117706308034,1671.082371526598,1.075031699493822,ACTIVE,True
1047,short,66,3.5,1.0,9,2024-08-10 08:40:00,639208,63920,0.1286,642088,2024-08-11 08:40:00,Time_288,-0.1555209953343746,1659.579927423491,12.5,0.002,207.44749092793637,4.935107832732001,4.935107832732001,1654.644819590759,1654.644819590758,4.935107832732001,-0.0076751288222894915,0.009870215665464002,-0.017545344487753495,1653.117706308034,1653.1001609635464,65.31001609635463,1671.082371526598,1.0760816384308005,ACTIVE,True
1048,short,8,2.5,1.25,7,2024-08-10 17:50:00,640306,64030,2614.4,643186,2024-08-11 17:50:00,SL,-1.25,1657.1497788263484,12.5,0.002,207.14372235329355,200.0822344980611,200.0822344980611,1457.0675443282873,5.684341886080802e-14,200.0822344980611,-2.5010279312257637,0.4001644689961222,-2.901192400221886,1653.1001609635464,1650.1989685633246,65.01989685633245,1671.082371526598,1.2496932119627184,ACTIVE,True
1049,short,2,3.5,1.25,1,2024-08-11 11:50:00,642460,64246,0.3476,645340,2024-08-12 11:50:00,TP,3.5,1653.1001609635464,12.5,0.002,206.6375201204433,206.6375201204433,206.6375201204433,200.08223449806212,0.0,1453.0179264654844,7.232313204215516,0.4132750402408866,6.819038163974629,1650.1989685633246,1657.0180067272993,65.70180067272993,1671.082371526598,0.8416320487212405,ACTIVE,True
1050,short,22,3.5,1.25,1,2024-08-11 11:55:00,642470,64247,0.3475,645350,2024-08-12 11:55:00,TP,3.5,1653.1001609635464,12.5,0.002,206.6375201204433,206.6375201204433,206.6375201204433,406.7197546185054,206.6375201204433,1246.380406345041,7.232313204215516,0.4132750402408866,6.819038163974629,1657.0180067272993,1663.837044891274,66.38370448912741,1671.082371526598,0.4335708854797628,ACTIVE,True
1051,short,2,3.5,1.25,1,2024-08-11 12:00:00,642480,64248,0.3474,645360,2024-08-12 12:00:00,TP,3.5,1653.1001609635464,12.5,0.002,206.6375201204433,206.6375201204433,206.6375201204433,613.3572747389487,413.2750402408866,1039.7428862245977,7.232313204215516,0.4132750402408866,6.819038163974629,1663.837044891274,1670.6560830552487,67.06560830552486,1671.082371526598,0.025509722238284967,ACTIVE,True
1052,short,22,3.5,1.25,1,2024-08-11 12:05:00,642490,64249,0.3464,645370,2024-08-12 12:05:00,TP,3.5,1653.1001609635464,12.5,0.002,206.6375201204433,206.6375201204433,206.6375201204433,819.994794859392,619.91256036133,833.1053661041544,7.232313204215516,0.4132750402408866,6.819038163974629,1670.6560830552487,1677.4751212192234,67.74751212192234,1677.4751212192234,0.0,ACTIVE,True
1053,short,22,3.5,1.25,1,2024-08-11 12:10:00,642500,64250,0.3447,645380,2024-08-12 12:10:00,TP,3.5,1653.1001609635464,12.5,0.002,206.6375201204433,206.6375201204433,206.6375201204433,1026.6323149798352,826.5500804817732,626.4678459837112,7.232313204215516,0.4132750402408866,6.819038163974629,1677.4751212192234,1684.2941593831981,68.42941593831982,1684.2941593831981,0.0,ACTIVE,True
1054,short,17,3.0,1.25,6,2024-08-11 16:00:00,642965,64296,4.621,645845,2024-08-12 16:00:00,TP,3.0,1653.1001609635464,12.5,0.002,206.6375201204433,206.6375201204433,206.6375201204433,1233.2698351002784,5.684341886080802e-14,419.83032586326794,6.1991256036132985,0.4132750402408866,5.785850563372412,1684.2941593831981,1690.0800099465705,69.00800099465705,1690.0800099465705,0.0,ACTIVE,True
1055,short,39,3.5,1.75,8,2024-08-11 16:30:00,643027,64302,149.23,645907,2024-08-12 16:30:00,TP,3.5,1653.1001609635464,12.5,0.002,206.6375201204433,206.6375201204433,206.6375201204433,1439.9073552207217,0.0,213.1928057428247,7.232313204215516,0.4132750402408866,6.819038163974629,1690.0800099465705,1696.8990481105452,69.68990481105453,1696.8990481105452,0.0,ACTIVE,True
1056,short,60,2.0,1.0,3,2024-08-11 19:35:00,643392,64339,513.1,646272,2024-08-12 19:35:00,TP,2.0,1650.1989685633246,12.5,0.002,206.27487107041557,203.73632772022074,203.73632772022074,1446.4626408431038,2.2737367544323206e-13,203.73632772022074,4.074726554404415,0.4074726554404415,3.6672538989639736,1696.8990481105452,1700.5663020095092,70.05663020095092,1700.5663020095092,0.0,ACTIVE,True
1057,short,17,3.0,1.25,1,2024-08-12 16:20:00,645880,64588,0.3401,648760,2024-08-13 16:20:00,Time_288,0.5880623346074688,1690.0800099465705,12.5,0.002,211.2600012433213,211.2600012433213,211.2600012433213,410.37384784066506,5.684341886080802e-14,1279.7061621059054,1.2423404954032429,0.4225200024866426,0.8198204929166002,1700.5663020095092,1701.3861225024257,70.13861225024256,1701.3861225024257,0.0,ACTIVE,True
1058,short,5,2.5,1.0,6,2024-08-12 17:05:00,645975,64597,4.622,648855,2024-08-13 17:05:00,TP,2.5,1696.8990481105452,12.5,0.002,212.11238101381815,212.11238101381815,212.11238101381815,414.99632896354314,5.684341886080802e-14,1281.902719147002,5.302809525345454,0.4242247620276363,4.878584763317818,1701.3861225024257,1706.2647072657435,70.62647072657435,1706.2647072657435,0.0,ACTIVE,True
1059,short,63,3.5,1.5,4,2024-08-13 05:10:00,647423,64742,59184.01,650303,2024-08-14 05:10:00,SL,-1.5,1700.5663020095092,12.5,0.002,212.57078775118865,212.57078775118865,212.57078775118865,423.37238225714054,0.0,1277.1939197523686,-3.1885618162678298,0.4251415755023773,-3.613703391770207,1706.2647072657435,1702.6510038739732,70.26510038739733,1706.2647072657435,0.21179031462012582,ACTIVE,True
1060,short,45,3.0,1.0,7,2024-08-13 05:15:00,647436,64743,2658.79,650316,2024-08-14 05:15:00,SL,-1.0,1700.5663020095092,12.5,0.002,212.57078775118865,212.57078775118865,212.57078775118865,635.9431700083292,5.684341886080802e-14,1064.62313200118,-2.1257078775118865,0.4251415755023773,-2.550849453014264,1702.6510038739732,1700.100154420959,70.01001544209589,1706.2647072657435,0.3612893602343299,ACTIVE,True
1061,short,64,3.5,2.0,5,2024-08-13 05:15:00,647434,64743,0.10475,650314,2024-08-14 05:15:00,SL,-2.0,1700.5663020095092,12.5,0.002,212.57078775118865,212.57078775118865,212.57078775118865,848.5139577595178,2.842170943040401e-14,852.0523442499914,-4.251415755023773,0.4251415755023773,-4.67655733052615,1700.100154420959,1695.4235970904328,69.54235970904328,1706.2647072657435,0.6353709438603641,ACTIVE,True
1062,short,52,2.5,2.0,7,2024-08-13 05:25:00,647456,64745,2662.67,650336,2024-08-14 05:25:00,SL,-2.0,1700.5663020095092,12.5,0.002,212.57078775118865,212.57078775118865,212.57078775118865,1061.0847455107064,212.5707877511887,639.4815564988028,-4.251415755023773,0.4251415755023773,-4.67655733052615,1695.4235970904328,1690.7470397599068,69.07470397599067,1706.2647072657435,0.9094525274863983,ACTIVE,True
1063,short,45,3.0,1.0,7,2024-08-13 05:40:00,647486,64748,2656.27,650366,2024-08-14 05:40:00,SL,-1.0,1700.5663020095092,12.5,0.002,212.57078775118865,212.57078775118865,212.57078775118865,1273.655533261895,425.14157550237735,426.91076874761416,-2.1257078775118865,0.4251415755023773,-2.550849453014264,1690.7470397599068,1688.1961903068925,68.81961903068925,1706.2647072657435,1.0589515731006023,ACTIVE,True
1064,short,4,2.0,1.5,7,2024-08-13 05:55:00,647516,64751,2652.38,650396,2024-08-14 05:55:00,SL,-1.5,1700.5663020095092,12.5,0.002,212.57078775118865,212.57078775118865,212.57078775118865,1486.2263210130836,637.712363253566,214.33998099642554,-3.1885618162678298,0.4251415755023773,-3.613703391770207,1688.1961903068925,1684.5824869151222,68.45824869151222,1706.2647072657435,1.2707418877207282,ACTIVE,True
1065,short,60,2.0,1.0,6,2024-08-13 10:15:00,648035,64803,4.423,650915,2024-08-14 10:15:00,SL,-1.0,1700.5663020095092,12.5,0.002,212.57078775118865,1.7691932452369201,1.7691932452369201,1698.7971087642723,212.1123810138182,1.7691932452369201,-0.0176919324523692,0.0035383864904738405,-0.02123031894284304,1684.5824869151222,1684.5612565961794,68.45612565961794,1706.2647072657435,1.2719861447725438,ACTIVE,True
1066,short,66,3.5,1.0,8,2024-08-13 18:30:00,649027,64902,146.93,651907,2024-08-14 18:30:00,SL,-1.0,1706.2647072657435,12.5,0.002,213.28308840821794,213.28308840821794,213.28308840821794,1277.1939197523698,0.0,429.0707875133737,-2.1328308840821792,0.4265661768164359,-2.559397060898615,1684.5612565961794,1682.0018595352808,68.20018595352808,1706.2647072657435,1.4219861447725441,ACTIVE,True
1067,short,4,2.0,1.5,5,2024-08-13 21:00:00,649324,64932,0.10557,652204,2024-08-14 21:00:00,TP,2.0,1706.2647072657435,12.5,0.002,213.28308840821794,213.28308840821794,213.28308840821794,1490.4770081605877,212.57078775118867,215.78769910515575,4.2656617681643585,0.4265661768164359,3.8390955913479226,1682.0018595352808,1685.8409551266286,68.58409551266287,1706.2647072657435,1.1969861447725505,ACTIVE,True
1068,short,85,2.0,1.0,5,2024-08-14 04:00:00,650164,65016,0.10581,653044,2024-08-15 04:00:00,SL,-1.0,1706.2647072657435,12.5,0.002,213.28308840821794,2.504610696937789,2.504610696937789,1703.7600965688057,425.8538761594066,2.504610696937789,-0.02504610696937789,0.0050092213938755775,-0.030055328363253468,1685.8409551266286,1685.8108997982654,68.58108997982654,1706.2647072657435,1.198747614035511,ACTIVE,True
1069,short,19,3.5,1.25,5,2024-08-14 15:00:00,651484,65148,0.10351,654364,2024-08-15 15:00:00,SL,-1.25,1684.5612565961794,12.5,0.002,210.57015707452243,210.57015707452243,210.57015707452243,429.07078751337485,215.78769910515572,1255.4904690828046,-2.6321269634315305,0.42114031414904485,-3.0532672775805754,1685.8108997982654,1682.7576325206849,68.27576325206847,1706.2647072657435,1.3776921391481076,ACTIVE,True
1070,short,29,3.5,1.0,1,2024-08-14 15:25:00,651530,65153,0.3349,654410,2024-08-15 15:25:00,SL,-1.0,1684.5612565961794,12.5,0.002,210.57015707452243,210.57015707452243,210.57015707452243,639.6409445878973,5.684341886080802e-14,1044.920312008282,-2.1057015707452242,0.42114031414904485,-2.526841884894269,1682.7576325206849,1680.2307906357905,68.02307906357905,1706.2647072657435,1.525784159930953,ACTIVE,True
1071,short,7,3.0,1.75,5,2024-08-14 15:40:00,651564,65156,0.10347,654444,2024-08-15 15:40:00,Time_288,-0.9181405238233232,1684.5612565961794,12.5,0.002,210.57015707452243,210.57015707452243,210.57015707452243,850.2111016624197,426.35785617967815,834.3501549337598,-1.9333299431796147,0.42114031414904485,-2.3544702573286598,1680.2307906357905,1677.876320378462,67.7876320378462,1706.2647072657435,1.6637739013410973,ACTIVE,True
1072,short,39,3.5,1.75,7,2024-08-14 15:40:00,651566,65156,2672.97,654446,2024-08-15 15:40:00,Time_288,0.22521764179919646,1684.5612565961794,12.5,0.002,210.57015707452243,210.57015707452243,210.57015707452243,1060.7812587369422,5.684341886080802e-14,623.7799978592373,0.4742411420961033,0.42114031414904485,0.05310082794705845,1677.876320378462,1677.929421206409,67.79294212064089,1706.2647072657435,1.6606617917299171,ACTIVE,True
1073,short,98,2.5,1.0,5,2024-08-14 22:45:00,652414,65241,0.1025,655294,2024-08-15 22:45:00,SL,-1.0,1685.8409551266286,12.5,0.002,210.73011939082858,210.73011939082858,210.73011939082858,844.7852389950287,423.6449248459826,841.0557161315999,-2.107301193908286,0.42146023878165717,-2.5287614326899432,1677.929421206409,1675.400659773719,67.5400659773719,1706.2647072657435,1.8088663125127535,ACTIVE,True
1074,short,52,2.5,2.0,4,2024-08-15 03:35:00,652993,65299,58470.01,655873,2024-08-16 03:35:00,SL,-2.0,1685.8409551266286,12.5,0.002,210.73011939082858,210.73011939082858,210.73011939082858,1055.5153583858573,0.0,630.3255967407713,-4.214602387816572,0.42146023878165717,-4.636062626598229,1675.400659773719,1670.7645971471209,67.07645971471207,1706.2647072657435,2.080574600614629,ACTIVE,True
1075,short,63,3.5,1.5,4,2024-08-15 03:45:00,653013,65301,58469.98,655893,2024-08-16 03:45:00,SL,-1.5,1685.8409551266286,12.5,0.002,210.73011939082858,210.73011939082858,210.73011939082858,1266.245477776686,210.73011939082858,419.5954773499427,-3.1609517908624287,0.42146023878165717,-3.582412029644086,1670.7645971471209,1667.1821851174768,66.71821851174768,1706.2647072657435,2.290531005056985,ACTIVE,True
1076,short,85,2.0,1.0,1,2024-08-15 13:00:00,654120,65412,0.335,657000,2024-08-16 13:00:00,TP,2.0,1685.8108997982654,12.5,0.002,210.72636247478317,210.72636247478317,210.72636247478317,1474.4709864705767,210.57015707452248,211.3399133276887,4.214527249495664,0.42145272494956637,3.793074524546097,1667.1821851174768,1670.9752596420228,67.09752596420229,1706.2647072657435,2.068228187188571,ACTIVE,True
1077,short,23,2.5,2.0,5,2024-08-15 19:50:00,654944,65494,0.09914,657824,2024-08-16 19:50:00,SL,-2.0,1677.929421206409,12.5,0.002,209.74117765080112,209.74117765080112,209.74117765080112,842.9167206472699,210.73011939082855,835.012700559139,-4.194823553016023,0.41948235530160227,-4.614305908317625,1670.9752596420228,1666.3609537337052,66.63609537337052,1706.2647072657435,2.338661367261315,ACTIVE,True
1078,short,5,2.5,1.0,2,2024-08-15 19:55:00,654951,65495,20.05,657831,2024-08-16 19:55:00,SL,-1.0,1677.929421206409,12.5,0.002,209.74117765080112,209.74117765080112,209.74117765080112,1052.6578982980711,3.410605131648481e-13,625.2715229083378,-2.0974117765080114,0.41948235530160227,-2.5168941318096136,1666.3609537337052,1663.8440596018957,66.38440596018957,1706.2647072657435,2.4861703745737147,ACTIVE,True
1079,short,64,3.5,2.0,2,2024-08-15 20:00:00,654961,65496,19.99,657841,2024-08-16 20:00:00,SL,-2.0,1677.929421206409,12.5,0.002,209.74117765080112,209.74117765080112,209.74117765080112,1262.3990759488722,209.74117765080146,415.53034525753674,-4.194823553016023,0.41948235530160227,-4.614305908317625,1663.8440596018957,1659.229753693578,65.9229753693578,1706.2647072657435,2.7566035546464587,ACTIVE,True
1080,short,50,3.5,1.75,8,2024-08-15 20:05:00,654977,65497,139.18,657857,2024-08-16 20:05:00,SL,-1.75,1677.929421206409,12.5,0.002,209.74117765080112,205.78916760673565,205.78916760673565,1472.1402535996733,0.0,205.78916760673565,-3.6013104331178742,0.4115783352134713,-4.0128887683313454,1659.229753693578,1655.2168649252467,65.52168649252468,1706.2647072657435,2.9917891475526086,ACTIVE,True
1081,short,29,3.5,1.0,3,2024-08-18 02:30:00,661502,66150,538.2,664382,2024-08-19 02:30:00,Time_288,0.650315867707172,1655.2168649252467,12.5,0.002,206.90210811565584,206.90210811565584,206.90210811565584,1.1084466677857563e-12,2.2737367544323206e-13,1655.2168649252455,1.3455172396967583,0.4138042162313117,0.9317130234654466,1655.2168649252467,1656.148577948712,65.6148577948712,1706.2647072657435,2.9371837267466883,ACTIVE,True
1082,short,39,3.5,1.75,3,2024-08-18 02:35:00,661512,66151,538.9,664392,2024-08-19 02:35:00,Time_288,0.8721469660419247,1655.2168649252467,12.5,0.002,206.90210811565584,206.90210811565584,206.90210811565584,206.90210811565694,206.90210811565606,1448.3147568095897,1.804490458607475,0.4138042162313117,1.3906862423761632,1656.148577948712,1657.5392641910883,65.75392641910882,1706.2647072657435,2.855679008489651,ACTIVE,True
1083,short,39,3.5,1.75,5,2024-08-18 19:05:00,663494,66349,0.10228,666374,2024-08-19 19:05:00,TP,3.5,1655.2168649252467,12.5,0.002,206.90210811565584,206.90210811565584,206.90210811565584,413.8042162313128,0.0,1241.412648693934,7.241573784047955,0.4138042162313117,6.8277695678166435,1657.5392641910883,1664.3670337589049,66.43670337589049,1706.2647072657435,2.4555201387233065,ACTIVE,True
1084,short,28,1.5,2.0,7,2024-08-18 20:55:00,663716,66371,2665.7,666596,2024-08-19 20:55:00,TP,1.5,1655.2168649252467,12.5,0.002,206.90210811565584,206.90210811565584,206.90210811565584,620.7063243469686,5.684341886080802e-14,1034.510540578278,3.103531621734837,0.4138042162313117,2.6897274055035254,1664.3670337589049,1667.0567611644085,66.70567611644086,1706.2647072657435,2.297881796088074,ACTIVE,True
1085,short,29,3.5,1.0,7,2024-08-19 01:20:00,664246,66424,2619.13,667126,2024-08-20 01:20:00,SL,-1.0,1655.2168649252467,12.5,0.002,206.90210811565584,206.90210811565584,206.90210811565584,827.6084324626245,206.9021081156559,827.6084324626222,-2.0690210811565586,0.4138042162313117,-2.4828252973878704,1667.0567611644085,1664.5739358670207,66.45739358670207,1706.2647072657435,2.4433941123667386,ACTIVE,True
1086,short,29,3.5,1.0,7,2024-08-19 01:25:00,664256,66425,2620.86,667136,2024-08-20 01:25:00,SL,-1.0,1655.2168649252467,12.5,0.002,206.90210811565584,206.90210811565584,206.90210811565584,1034.5105405782804,413.8042162313117,620.7063243469663,-2.0690210811565586,0.4138042162313117,-2.4828252973878704,1664.5739358670207,1662.091110569633,66.2091110569633,1706.2647072657435,2.5889064286454033,ACTIVE,True
1087,short,36,3.0,2.0,10,2024-08-19 01:25:00,664259,66425,0.5654,667139,2024-08-20 01:25:00,SL,-2.0,1655.2168649252467,12.5,0.002,206.90210811565584,206.90210811565584,206.90210811565584,1241.4126486939363,5.684341886080802e-14,413.8042162313104,-4.138042162313117,0.4138042162313117,-4.551846378544429,1662.091110569633,1657.5392641910885,65.75392641910884,1706.2647072657435,2.8556790084896377,ACTIVE,True
1088,short,63,3.5,1.5,4,2024-08-19 11:20:00,665443,66544,58045.99,668323,2024-08-20 11:20:00,SL,-1.5,1657.5392641910883,12.5,0.002,207.19240802388603,207.19240802388603,207.19240802388603,1034.5105405782804,0.0,623.0287236128079,-3.10788612035829,0.41438481604777205,-3.5222709364060623,1657.5392641910885,1654.0169932546823,65.40169932546824,1706.2647072657435,3.0621106905966013,ACTIVE,True
1089,short,4,2.0,1.5,8,2024-08-19 11:35:00,665477,66547,141.13,668357,2024-08-20 11:35:00,SL,-1.5,1657.5392641910883,12.5,0.002,207.19240802388603,207.19240802388603,207.19240802388603,1241.7029486021663,0.0,415.83631558892193,-3.10788612035829,0.41438481604777205,-3.5222709364060623,1654.0169932546823,1650.4947223182762,65.04947223182762,1706.2647072657435,3.2685423727035645,ACTIVE,True
1090,short,4,2.0,1.5,1,2024-08-19 11:40:00,665480,66548,0.3293,668360,2024-08-20 11:40:00,SL,-1.5,1657.5392641910883,12.5,0.002,207.19240802388603,207.19240802388603,207.19240802388603,1448.8953566260523,8.526512829121202e-14,208.643907565036,-3.10788612035829,0.41438481604777205,-3.5222709364060623,1650.4947223182762,1646.97245138187,64.697245138187,1706.2647072657435,3.4749740548105286,ACTIVE,True
1091,short,4,2.0,1.5,4,2024-08-19 11:45:00,665493,66549,58248.46,668373,2024-08-20 11:45:00,SL,-1.5,1657.5392641910883,12.5,0.002,207.19240802388603,1.4514995411500422,1.4514995411500422,1656.0877646499382,207.19240802388603,1.4514995411500422,-0.021772493117250633,0.0029029990823000846,-0.024675492199550716,1646.97245138187,1646.9477758896705,64.69477758896704,1706.2647072657435,3.476420225038071,ACTIVE,True
1092,short,66,3.5,1.0,2,2024-08-20 14:55:00,668751,66875,21.78,671631,2024-08-21 14:55:00,SL,-1.0,1646.9477758896705,12.5,0.002,205.86847198620882,205.86847198620882,205.86847198620882,6.252776074688882e-13,3.410605131648481e-13,1646.9477758896699,-2.058684719862088,0.41173694397241767,-2.4704216638345056,1646.9477758896705,1644.477354225836,64.44773542258359,1706.2647072657435,3.6212055947005126,ACTIVE,True
1093,short,66,3.5,1.0,2,2024-08-20 15:00:00,668761,66876,21.58,671641,2024-08-21 15:00:00,SL,-1.0,1646.9477758896705,12.5,0.002,205.86847198620882,205.86847198620882,205.86847198620882,205.86847198620944,205.86847198620916,1441.079303903461,-2.058684719862088,0.41173694397241767,-2.4704216638345056,1644.477354225836,1642.0069325620016,64.20069325620015,1706.2647072657435,3.7659909643629543,ACTIVE,True
1094,short,7,3.0,1.75,5,2024-08-20 16:25:00,668934,66893,0.10284,671814,2024-08-21 16:25:00,SL,-1.75,1646.9477758896705,12.5,0.002,205.86847198620882,205.86847198620882,205.86847198620882,411.73694397241826,0.0,1235.2108319172523,-3.6026982597586548,0.41173694397241767,-4.014435203731073,1642.0069325620016,1637.9924973582704,63.79924973582705,1706.2647072657435,4.001267190064431,ACTIVE,True
1095,short,59,3.0,1.75,10,2024-08-20 16:35:00,668959,66895,0.5948,671839,2024-08-21 16:35:00,Time_288,-0.16812373907195713,1646.9477758896705,12.5,0.002,205.86847198620882,205.86847198620882,205.86847198620882,617.6054159586271,5.684341886080802e-14,1029.3423599310436,-0.34611377267351884,0.41173694397241767,-0.7578507166459365,1637.9924973582704,1637.2346466416245,63.72346466416246,1706.2647072657435,4.045682966433637,ACTIVE,True
1096,short,45,3.0,1.0,7,2024-08-20 16:40:00,668966,66896,2577.37,671846,2024-08-21 16:40:00,SL,-1.0,1646.9477758896705,12.5,0.002,205.86847198620882,205.86847198620882,205.86847198620882,823.473887944836,5.684341886080802e-14,823.4738879448346,-2.058684719862088,0.41173694397241767,-2.4704216638345056,1637.2346466416245,1634.76422497779,63.476422497779005,1706.2647072657435,4.190468336096079,ACTIVE,True
1097,short,28,1.5,2.0,7,2024-08-20 16:50:00,668986,66898,2572.67,671866,2024-08-21 16:50:00,Time_288,-1.2722191342068752,1646.9477758896705,12.5,0.002,205.86847198620882,205.86847198620882,205.86847198620882,1029.3423599310447,205.86847198620887,617.6054159586258,-2.619098091907869,0.41173694397241767,-3.030835035880287,1634.76422497779,1631.7333899419098,63.17333899419098,1706.2647072657435,4.368098162404632,ACTIVE,True
1098,short,39,3.5,1.75,7,2024-08-20 17:30:00,669066,66906,2576.95,671946,2024-08-21 17:30:00,SL,-1.75,1646.9477758896705,12.5,0.002,205.86847198620882,205.86847198620882,205.86847198620882,1235.2108319172535,411.7369439724177,411.73694397241707,-3.6026982597586548,0.41173694397241767,-4.014435203731073,1631.7333899419098,1627.7189547381786,62.77189547381785,1706.2647072657435,4.603374388106109,ACTIVE,True
1099,short,29,3.5,1.0,7,2024-08-20 17:35:00,669076,66907,2577.8,671956,2024-08-21 17:35:00,SL,-1.0,1646.9477758896705,12.5,0.002,205.86847198620882,205.8684719862083,205.8684719862083,1441.0793039034622,617.6054159586265,205.8684719862083,-2.0586847198620832,0.4117369439724166,-2.4704216638345,1627.7189547381786,1625.248533074344,62.524853307434405,1706.2647072657435,4.74815975776855,ACTIVE,True
1100,short,74,2.5,1.75,10,2024-08-22 07:15:00,673599,67359,0.6015,676479,2024-08-23 07:15:00,Time_288,0.2992518703241935,1625.248533074344,12.5,0.002,203.156066634293,203.156066634293,203.156066634293,7.958078640513122e-13,5.684341886080802e-14,1625.2485330743434,0.6079483290801866,0.406312133268586,0.20163619581160058,1625.248533074344,1625.4501692701556,62.54501692701555,1706.2647072657435,4.736342353648728,ACTIVE,True
1101,short,87,3.0,2.0,6,2024-08-23 01:30:00,675785,67578,4.708,678665,2024-08-24 01:30:00,SL,-2.0,1625.248533074344,12.5,0.002,203.156066634293,203.156066634293,203.156066634293,203.1560666342938,5.684341886080802e-14,1422.0924664400502,-4.06312133268586,0.406312133268586,-4.469433465954446,1625.4501692701556,1620.9807358042012,62.09807358042012,1706.2647072657435,4.998284914314859,ACTIVE,True
1102,short,87,3.0,2.0,1,2024-08-23 09:15:00,676710,67671,0.3838,679590,2024-08-24 09:15:00,SL,-2.0,1625.4501692701556,12.5,0.002,203.18127115876945,203.18127115876945,203.18127115876945,203.1560666342938,8.526512829121202e-14,1422.2941026358617,-4.063625423175389,0.4063625423175389,-4.469987965492928,1620.9807358042012,1616.5107478387083,61.65107478387084,1706.2647072657435,5.2602599728423245,ACTIVE,True
1103,short,28,1.5,2.0,7,2024-08-23 23:20:00,678406,67840,2767.42,681286,2024-08-24 23:20:00,Time_288,0.4047090792145851,1625.4501692701556,12.5,0.002,203.18127115876945,203.18127115876945,203.18127115876945,406.3373377930633,1.1368683772161603e-13,1219.1128314770922,0.8222930516431453,0.4063625423175389,0.4159305093256064,1616.5107478387083,1616.9266783480339,61.69266783480338,1706.2647072657435,5.23588330329308,ACTIVE,True
1104,short,43,2.5,1.0,7,2024-08-23 23:25:00,678416,67841,2767.24,681296,2024-08-24 23:25:00,SL,-1.0,1625.4501692701556,12.5,0.002,203.18127115876945,203.18127115876945,203.18127115876945,609.5186089518327,203.18127115876956,1015.9315603183229,-2.0318127115876945,0.4063625423175389,-2.4381752539052335,1616.9266783480339,1614.4885030941286,61.448850309412876,1706.2647072657435,5.378778789762607,ACTIVE,True
1105,short,38,2.0,1.5,4,2024-08-24 12:40:00,680003,68000,64171.5,682883,2024-08-25 12:40:00,Time_288,0.39503517916832237,1616.5107478387083,12.5,0.002,202.06384347983854,202.06384347983854,202.06384347983854,406.36254231753975,0.0,1210.1482055211686,0.7982232661249786,0.4041276869596771,0.3940955791653015,1614.4885030941286,1614.8825986732938,61.488259867329376,1706.2647072657435,5.355681812049416,ACTIVE,True
1106,short,38,2.0,1.5,4,2024-08-24 12:45:00,680013,68001,64157.98,682893,2024-08-25 12:45:00,Time_288,0.3486549919433285,1616.5107478387083,12.5,0.002,202.06384347983854,202.06384347983854,202.06384347983854,608.4263857973783,202.06384347983854,1008.08436204133,0.704505677205011,0.4041276869596771,0.3003779902453339,1614.8825986732938,1615.1829766635392,61.51829766635393,1706.2647072657435,5.338077392936352,ACTIVE,True
1107,short,65,2.5,1.25,7,2024-08-24 14:30:00,680226,68022,2761.0,683106,2024-08-25 14:30:00,SL,-1.25,1616.5107478387083,12.5,0.002,202.06384347983854,202.06384347983854,202.06384347983854,810.4902292772168,406.362542317539,806.0205185614915,-2.525798043497982,0.4041276869596771,-2.929925730457659,1615.1829766635392,1612.2530509330816,61.225305093308144,1706.2647072657435,5.509793171735574,ACTIVE,True
1108,short,29,3.5,1.0,3,2024-08-24 23:15:00,681272,68127,579.3,684152,2024-08-25 23:15:00,Time_288,0.3970308993612903,1616.5107478387083,12.5,0.002,202.06384347983854,202.06384347983854,202.06384347983854,1012.5540727570553,2.2737367544323206e-13,603.956675081653,0.802255895051993,0.4041276869596771,0.3981282080923159,1612.2530509330816,1612.6511791411738,61.265117914117376,1706.2647072657435,5.486459851507074,ACTIVE,True
1109,short,29,3.5,1.0,3,2024-08-24 23:20:00,681282,68128,579.2,684162,2024-08-25 23:20:00,Time_288,0.39709944751382387,1616.5107478387083,12.5,0.002,202.06384347983854,202.06384347983854,202.06384347983854,1214.617916236894,202.06384347983877,401.89283160181435,0.8023944060836367,0.4041276869596771,0.39826671912395956,1612.6511791411738,1613.0494458602977,61.30494458602978,1706.2647072657435,5.463118413485877,ACTIVE,True
1110,short,29,3.5,1.0,3,2024-08-24 23:25:00,681292,68129,579.6,684172,2024-08-25 23:25:00,Time_288,0.4313319530710835,1616.9266783480339,12.5,0.002,202.11583479350423,202.11583479350423,202.11583479350423,1213.500488557963,404.1276869596773,403.4261897900708,0.8717901776807463,0.40423166958700846,0.46755850809373783,1613.0494458602977,1613.5170043683916,61.35170043683915,1706.2647072657435,5.4357159532402415,ACTIVE,True
1111,short,56,2.5,1.25,7,2024-08-24 23:25:00,681296,68129,2758.05,684176,2024-08-25 23:25:00,Time_288,-0.3709142328819281,1614.4885030941286,12.5,0.002,201.81106288676608,201.81106288676608,201.81106288676608,1212.4350521926979,202.06384347983862,402.0534509014308,-0.748545955777314,0.4036221257735322,-1.1521680815508462,1613.5170043683916,1612.3648362868407,61.23648362868408,1706.2647072657435,5.503241705642234,ACTIVE,True
1112,short,52,2.5,2.0,7,2024-08-24 23:30:00,681306,68130,2761.37,684186,2024-08-25 23:30:00,Time_288,-0.15282269308351487,1614.4885030941286,12.5,0.002,201.81106288676608,200.2423880146648,200.2423880146648,1414.2461150794638,403.8749063666047,200.2423880146648,-0.30601581005875217,0.40048477602932964,-0.7065005860880818,1612.3648362868407,1611.6583357007526,61.16583357007526,1706.2647072657435,5.544647976491046,ACTIVE,True
1113,short,17,3.0,1.25,6,2024-08-26 00:50:00,684345,68434,4.833,687225,2024-08-27 00:50:00,TP,3.0,1611.6583357007526,12.5,0.002,201.45729196259407,201.45729196259407,201.45729196259407,7.389644451905042e-13,5.684341886080802e-14,1611.6583357007519,6.043718758877822,0.40291458392518814,5.640804174952634,1611.6583357007526,1617.2991398757051,61.729913987570505,1706.2647072657435,5.21405424440877,ACTIVE,True
1114,short,38,2.0,1.5,2,2024-08-26 03:15:00,684631,68463,26.66,687511,2024-08-27 03:15:00,SL,-1.5,1611.6583357007526,12.5,0.002,201.45729196259407,201.45729196259407,201.45729196259407,201.4572919625948,3.410605131648481e-13,1410.2010437381578,-3.021859379438911,0.40291458392518814,-3.4247739633640992,1617.2991398757051,1613.874365912341,61.38743659123411,1706.2647072657435,5.414771867458722,ACTIVE,True
1115,short,65,2.5,1.25,10,2024-08-26 03:15:00,684639,68463,0.5978,687519,2024-08-27 03:15:00,TP,2.5,1611.6583357007526,12.5,0.002,201.45729196259407,201.45729196259407,201.45729196259407,402.9145839251889,5.684341886080802e-14,1208.7437517755636,5.0364322990648525,0.40291458392518814,4.633517715139664,1613.874365912341,1618.5078836274809,61.85078836274809,1706.2647072657435,5.143212730391128,ACTIVE,True
1116,short,4,2.0,1.5,10,2024-08-26 03:40:00,684689,68468,0.5964,687569,2024-08-27 03:40:00,TP,2.0,1611.6583357007526,12.5,0.002,201.45729196259407,201.45729196259407,201.45729196259407,604.371875887783,201.45729196259413,1007.2864598129696,4.029145839251881,0.40291458392518814,3.626231255326693,1618.5078836274809,1622.1341148828076,62.21341148828077,1706.2647072657435,4.930688188338231,ACTIVE,True
1117,short,42,3.0,2.0,7,2024-08-26 03:40:00,684686,68468,2741.98,687566,2024-08-27 03:40:00,Time_288,2.243269462213445,1611.6583357007526,12.5,0.002,201.45729196259407,201.45729196259407,201.45729196259407,805.829167850377,1.1368683772161603e-13,805.8291678503756,4.519229909999054,0.40291458392518814,4.116315326073866,1622.1341148828076,1626.2504302088814,62.625043020888135,1706.2647072657435,4.689441017922911,ACTIVE,True
1118,short,7,3.0,1.75,3,2024-08-26 03:50:00,684702,68470,569.9,687582,2024-08-27 03:50:00,TP,3.0,1611.6583357007526,12.5,0.002,201.45729196259407,201.45729196259407,201.45729196259407,1007.2864598129711,2.5579538487363607e-13,604.3718758877815,6.043718758877822,0.40291458392518814,5.640804174952634,1626.2504302088814,1631.891234383834,63.18912343838341,1706.2647072657435,4.358847285840634,ACTIVE,True
1119,short,34,2.0,2.0,7,2024-08-26 04:05:00,684736,68473,2747.74,687616,2024-08-27 04:05:00,TP,2.0,1611.6583357007526,12.5,0.002,201.45729196259407,201.45729196259407,201.45729196259407,1208.7437517755652,201.45729196259418,402.91458392518734,4.029145839251881,0.40291458392518814,3.626231255326693,1631.891234383834,1635.5174656391607,63.55174656391607,1706.2647072657435,4.146322743787737,ACTIVE,True
1120,short,17,3.0,1.25,1,2024-08-26 08:45:00,685290,68529,0.3792,688170,2024-08-27 08:45:00,TP,3.0,1611.6583357007526,12.5,0.002,201.45729196259407,201.45729196259322,201.45729196259322,1410.2010437381593,8.526512829121202e-14,201.45729196259322,6.043718758877796,0.4029145839251864,5.64080417495261,1635.5174656391607,1641.1582698141133,64.11582698141135,1706.2647072657435,3.815729011705459,ACTIVE,True
1121,short,6,3.5,1.75,6,2024-08-27 11:00:00,688445,68844,4.518,691325,2024-08-28 11:00:00,TP,3.5,1641.1582698141133,12.5,0.002,205.14478372676416,205.14478372676416,205.14478372676416,5.684341886080801e-13,5.684341886080802e-14,1641.1582698141128,7.180067430436746,0.41028956745352835,6.769777862983218,1641.1582698141133,1647.9280476770964,64.79280476770964,1706.2647072657435,3.41896889387875,ACTIVE,True
1122,short,19,3.5,1.25,5,2024-08-27 11:15:00,688474,68847,0.10429,691354,2024-08-28 11:15:00,TP,3.5,1641.1582698141133,12.5,0.002,205.14478372676416,205.14478372676416,205.14478372676416,205.14478372676473,0.0,1436.0134860873486,7.180067430436746,0.41028956745352835,6.769777862983218,1647.9280476770964,1654.6978255400795,65.46978255400795,1706.2647072657435,3.022208776052041,ACTIVE,True
1123,short,29,3.5,1.0,5,2024-08-27 11:20:00,688484,68848,0.10447,691364,2024-08-28 11:20:00,TP,3.5,1641.1582698141133,12.5,0.002,205.14478372676416,205.14478372676416,205.14478372676416,410.2895674535289,205.14478372676416,1230.8687023605844,7.180067430436746,0.41028956745352835,6.769777862983218,1654.6978255400795,1661.4676034030626,66.14676034030626,1706.2647072657435,2.6254486582253316,ACTIVE,True
1124,short,4,2.0,1.5,4,2024-08-27 12:00:00,688563,68856,62322.01,691443,2024-08-28 12:00:00,TP,2.0,1641.1582698141133,12.5,0.002,205.14478372676416,205.14478372676416,205.14478372676416,615.4343511802931,0.0,1025.7239186338202,4.102895674535283,0.41028956745352835,3.6926061070817546,1661.4676034030626,1665.1602095101443,66.51602095101443,1706.2647072657435,2.409034048501672,ACTIVE,True
1125,short,32,2.5,1.25,7,2024-08-27 13:35:00,688756,68875,2611.62,691636,2024-08-28 13:35:00,TP,2.5,1641.1582698141133,12.5,0.002,205.14478372676416,205.14478372676416,205.14478372676416,820.5791349070573,1.1368683772161603e-13,820.579134907056,5.1286195931691045,0.41028956745352835,4.718330025715576,1665.1602095101443,1669.87853953586,66.987853953586,1706.2647072657435,2.1325042694103202,ACTIVE,True
1126,short,28,1.5,2.0,7,2024-08-27 14:30:00,688866,68886,2598.51,691746,2024-08-28 14:30:00,TP,1.5,1641.1582698141133,12.5,0.002,205.14478372676416,205.14478372676416,205.14478372676416,1025.7239186338215,205.14478372676427,615.4343511802917,3.077171755901462,0.41028956745352835,2.666882188447934,1669.87853953586,1672.545421724308,67.25454217243079,1706.2647072657435,1.9762048290543395,ACTIVE,True
1127,short,43,2.5,1.0,7,2024-08-27 14:35:00,688876,68887,2602.49,691756,2024-08-28 14:35:00,TP,2.5,1641.1582698141133,12.5,0.002,205.14478372676416,205.14478372676416,205.14478372676416,1230.8687023605858,410.28956745352843,410.2895674535275,5.1286195931691045,0.41028956745352835,4.718330025715576,1672.545421724308,1677.2637517500236,67.72637517500237,1706.2647072657435,1.6996750499629878,ACTIVE,True
1128,short,8,2.5,1.25,7,2024-08-27 14:40:00,688886,68888,2599.0,691766,2024-08-28 14:40:00,TP,2.5,1641.1582698141133,12.5,0.002,205.14478372676416,205.1447837267633,205.1447837267633,1436.01348608735,615.4343511802927,205.1447837267633,5.128619593169083,0.4102895674535266,4.718330025715557,1677.2637517500236,1681.9820817757393,68.19820817757393,1706.2647072657435,1.4231452708716361,ACTIVE,True
1129,short,45,3.0,1.0,2,2024-08-29 20:10:00,695301,69530,23.2,698181,2024-08-30 20:10:00,SL,-1.0,1681.9820817757393,12.5,0.002,210.2477602219674,210.2477602219674,210.2477602219674,5.684341886080801e-13,3.410605131648481e-13,1681.9820817757386,-2.102477602219674,0.42049552044393484,-2.522973122663609,1681.9820817757393,1679.4591086530756,67.94591086530757,1706.2647072657435,1.5710105529653307,ACTIVE,True
1130,short,45,3.0,1.0,2,2024-08-29 20:15:00,695311,69531,23.2,698191,2024-08-30 20:15:00,SL,-1.0,1681.9820817757393,12.5,0.002,210.2477602219674,210.2477602219674,210.2477602219674,210.24776022196798,210.24776022196775,1471.7343215537712,-2.102477602219674,0.42049552044393484,-2.522973122663609,1679.4591086530756,1676.936135530412,67.6936135530412,1706.2647072657435,1.7188758350590254,ACTIVE,True
1131,short,7,3.0,1.75,8,2024-08-29 20:20:00,695327,69532,139.55,698207,2024-08-30 20:20:00,TP,3.0,1681.9820817757393,12.5,0.002,210.2477602219674,210.2477602219674,210.2477602219674,420.4955204439354,0.0,1261.4865613318038,6.307432806659022,0.42049552044393484,5.886937286215087,1676.936135530412,1682.823072816627,68.2823072816627,1706.2647072657435,1.37385684350708,ACTIVE,True
1132,short,29,3.5,1.0,5,2024-08-29 20:20:00,695324,69532,0.09901,698204,2024-08-30 20:20:00,SL,-1.0,1681.9820817757393,12.5,0.002,210.2477602219674,210.2477602219674,210.2477602219674,630.7432806659028,0.0,1051.2388011098365,-2.102477602219674,0.42049552044393484,-2.522973122663609,1682.823072816627,1680.3000996939634,68.03000996939635,1706.2647072657435,1.5217221256007747,ACTIVE,True
1133,short,45,3.0,1.0,2,2024-08-29 20:20:00,695321,69532,23.11,698201,2024-08-30 20:20:00,SL,-1.0,1681.9820817757393,12.5,0.002,210.2477602219674,210.2477602219674,210.2477602219674,840.9910408878702,420.49552044393516,840.9910408878691,-2.102477602219674,0.42049552044393484,-2.522973122663609,1680.3000996939634,1677.7771265712997,67.77771265712997,1706.2647072657435,1.6695874076944692,ACTIVE,True
1134,short,38,2.0,1.5,8,2024-08-29 23:05:00,695657,69565,140.25,698537,2024-08-30 23:05:00,TP,2.0,1681.9820817757393,12.5,0.002,210.2477602219674,210.2477602219674,210.2477602219674,1051.2388011098376,210.2477602219674,630.7432806659017,4.204955204439348,0.42049552044393484,3.784459683995413,1677.7771265712997,1681.5615862552952,68.15615862552953,1706.2647072657435,1.4477894845539274,ACTIVE,True
1135,short,38,2.0,1.5,4,2024-08-30 04:20:00,696283,69628,59109.99,699163,2024-08-31 04:20:00,TP,2.0,1681.9820817757393,12.5,0.002,210.2477602219674,210.2477602219674,210.2477602219674,1261.486561331805,0.0,420.4955204439343,4.204955204439348,0.42049552044393484,3.784459683995413,1681.5615862552952,1685.3460459392907,68.53460459392906,1706.2647072657435,1.2259915614133854,ACTIVE,True
1136,short,38,2.0,1.5,10,2024-08-30 06:45:00,696579,69657,0.5625,699459,2024-08-31 06:45:00,TP,2.0,1681.9820817757393,12.5,0.002,210.2477602219674,210.24776022196693,210.24776022196693,1471.7343215537724,5.684341886080802e-14,210.24776022196693,4.204955204439338,0.42049552044393385,3.7844596839954043,1685.3460459392907,1689.1305056232861,68.91305056232862,1706.2647072657435,1.0041936382728438,ACTIVE,True
1137,short,66,3.5,1.0,9,2024-08-31 00:25:00,698698,69869,0.1594,701520,2024-08-31 23:55:00,Time_288,1.1919698870765276,1681.5615862552952,12.5,0.002,210.1951982819119,210.1951982819119,210.1951982819119,420.495520443935,5.684341886080802e-14,1261.0660658113602,2.5054634676011887,0.4203903965638238,2.085073071037365,1689.1305056232861,1691.2155786943235,69.12155786943235,1706.2647072657435,0.8819926068526542,ACTIVE,True
1138,short,66,3.5,1.0,9,2024-08-31 00:30:00,698708,69870,0.1597,701520,2024-08-31 23:55:00,Time_288,1.4402003757044435,1681.5615862552952,12.5,0.002,210.1951982819119,210.1951982819119,210.1951982819119,630.6907187258469,210.19519828191196,1050.8708675294483,3.027232035368795,0.4203903965638238,2.6068416388049713,1691.2155786943235,1693.8224203331285,69.38224203331285,1706.2647072657435,0.7292119962179526,ACTIVE,True
1139,short,66,3.5,1.0,9,2024-08-31 00:35:00,698718,69871,0.1595,701520,2024-08-31 23:55:00,Time_288,1.1912225705329234,1681.5615862552952,12.5,0.002,210.1951982819119,210.1951982819119,210.1951982819119,840.8859170077587,420.39039656382386,840.6756692475365,2.503892644110566,0.4203903965638238,2.083502247546742,1693.8224203331285,1695.9059225806752,69.59059225806752,1706.2647072657435,0.6071030269194287,ACTIVE,True
1140,short,66,3.5,1.0,9,2024-08-31 00:40:00,698728,69872,0.1595,701520,2024-08-31 23:55:00,Time_288,1.1912225705329234,1681.5615862552952,12.5,0.002,210.1951982819119,210.1951982819119,210.1951982819119,1051.0811152896706,630.5855948457357,630.4804709656246,2.503892644110566,0.4203903965638238,2.083502247546742,1695.9059225806752,1697.989424828222,69.79894248282218,1706.2647072657435,0.4849940576209048,ACTIVE,True
1141,short,66,3.5,1.0,9,2024-08-31 00:45:00,698738,69873,0.1598,701520,2024-08-31 23:55:00,Time_288,1.3767209011264128,1681.5615862552952,12.5,0.002,210.1951982819119,210.1951982819119,210.1951982819119,1261.2763135715825,840.7807931276476,420.2852726837127,2.8938012279111875,0.4203903965638238,2.4734108313473637,1697.989424828222,1700.4628356595692,70.04628356595693,1706.2647072657435,0.3400335001637368,ACTIVE,True
1142,short,9,2.5,1.5,2,2024-08-31 19:05:00,700931,70093,22.62,701520,2024-08-31 23:55:00,TP,2.5,1689.1305056232861,12.5,0.002,211.14131320291077,211.14131320291077,211.14131320291077,1050.97599140956,3.979039320256561e-13,638.1545142137261,5.27853283007277,0.42228262640582154,4.856250203666948,1700.4628356595692,1705.3190858632363,70.53190858632364,1706.2647072657435,0.05542055687376468,ACTIVE,True
