Trade_Number,Direction,Rule_Index,Rule_TP,Rule_SL,Symbol,Entry_Time,Entry_Index,Symbol_Bar_Index,Entry_Price,Release_Index,Close_Time,Exit_Reason,Price_Return_Pct,Equity_Before_Entry,Capital_Pct,Round_Trip_Fee_Rate,Target_Position_Notional,Position_Notional,Margin_Used,Open_Total_Exposure_Before,Open_Symbol_Exposure_Before,Remaining_Total_Capacity,Gross_PnL,Fee,Net_PnL,Equity_Before_Close,Equity_After,Account_Return_Pct,High_Water_Mark,Drawdown_Pct,Account_Status,Realized
1,short,85,3.5,1.0,10,2024-01-01 14:05:00,499,49,0.6203,3379,2024-01-02 14:05:00,SL,-1.0,1000.0,12.5,0.002,125.0,125.0,125.0,0.0,0.0,1000.0,-1.25,0.25,-1.5,1000.0,998.5,-0.14999999999999458,1000.0,0.15,ACTIVE,True
2,short,5,2.5,1.0,1,2024-01-02 01:05:00,1810,181,0.6357,4690,2024-01-03 01:05:00,TP,2.5,1000.0,12.5,0.002,125.0,125.0,125.0,125.0,0.0,875.0,3.125,0.25,2.875,998.5,1001.375,0.1374999999999904,1001.375,0.0,ACTIVE,True
3,short,5,2.5,1.0,1,2024-01-02 01:10:00,1820,182,0.6268,4700,2024-01-03 01:10:00,SL,-1.0,1000.0,12.5,0.002,125.0,125.0,125.0,250.0,125.0,750.0,-1.25,0.25,-1.5,1001.375,999.875,-0.012500000000004174,1001.375,0.149794033204344,ACTIVE,True
4,short,5,2.5,1.0,3,2024-01-02 18:30:00,3902,390,310.5,6782,2024-01-03 18:30:00,SL,-1.0,998.5,12.5,0.002,124.8125,124.8125,124.8125,250.0,0.0,748.5,-1.248125,0.249625,-1.49775,999.875,998.37725,-0.1622750000000006,1001.375,0.2993633753588812,ACTIVE,True
5,short,8,5.0,3.0,5,2024-01-02 22:35:00,4394,439,0.091,7274,2024-01-03 22:35:00,TP,5.0,998.5,12.5,0.002,124.8125,124.8125,124.8125,374.8125,0.0,623.6875,6.2406250000000005,0.249625,5.9910000000000005,998.37725,1004.36825,0.43682499999999624,1004.36825,0.0,ACTIVE,True
6,short,8,5.0,3.0,5,2024-01-02 22:40:00,4404,440,0.09108,7284,2024-01-03 22:40:00,TP,5.0,998.5,12.5,0.002,124.8125,124.8125,124.8125,499.625,124.8125,498.875,6.2406250000000005,0.249625,5.9910000000000005,1004.36825,1010.35925,1.0359250000000042,1010.35925,0.0,ACTIVE,True
7,short,19,6.0,1.75,7,2024-01-03 13:00:00,6126,612,2227.51,9006,2024-01-04 13:00:00,Time_288,-0.2953971025943734,999.875,12.5,0.002,124.984375,124.984375,124.984375,374.4375,0.0,625.4375,-0.3692002224456864,0.24996875000000002,-0.6191689724456864,1010.35925,1009.7400810275543,0.9740081027554304,1010.35925,0.061282061053596903,ACTIVE,True
8,short,45,3.0,1.0,1,2024-01-03 13:30:00,6180,618,0.5556,9060,2024-01-04 13:30:00,TP,3.0,999.875,12.5,0.002,124.984375,124.984375,124.984375,499.421875,0.0,500.453125,3.74953125,0.24996875000000002,3.4995625,1009.7400810275543,1013.2396435275543,1.3239643527554357,1013.2396435275543,0.0,ACTIVE,True
9,short,9,2.5,1.5,2,2024-01-03 13:35:00,6191,619,37.23,9071,2024-01-04 13:35:00,TP,2.5,999.875,12.5,0.002,124.984375,124.984375,124.984375,624.40625,0.0,375.46875,3.1246093750000004,0.24996875000000002,2.8746406250000005,1013.2396435275543,1016.1142841525543,1.6114284152554337,1016.1142841525543,0.0,ACTIVE,True
10,short,9,2.5,1.5,6,2024-01-03 13:35:00,6195,619,7.62,9075,2024-01-04 13:35:00,TP,2.5,999.875,12.5,0.002,124.984375,124.984375,124.984375,749.390625,0.0,250.484375,3.1246093750000004,0.24996875000000002,2.8746406250000005,1016.1142841525543,1018.9889247775543,1.8988924777554317,1018.9889247775543,0.0,ACTIVE,True
11,short,33,2.0,1.75,8,2024-01-03 13:35:00,6197,619,99.29,9077,2024-01-04 13:35:00,TP,2.0,999.875,12.5,0.002,124.984375,124.984375,124.984375,874.375,0.0,125.5,2.4996875,0.24996875000000002,2.24971875,1018.9889247775543,1021.2386435275544,2.1238643527554446,1021.2386435275544,0.0,ACTIVE,True
12,short,21,3.5,1.0,2,2024-01-03 19:35:00,6911,691,36.46,9791,2024-01-04 19:35:00,SL,-1.0,998.37725,12.5,0.002,124.79715625,123.830375,123.830375,874.546875,124.984375,123.830375,-1.23830375,0.24766075,-1.4859645000000001,1021.2386435275544,1019.7526790275543,1.9752679027554398,1021.2386435275544,0.14550609785654176,ACTIVE,True
13,short,66,3.5,1.0,2,2024-01-03 23:05:00,7331,733,36.46,10211,2024-01-04 23:05:00,SL,-1.0,1010.35925,12.5,0.002,126.29490625,126.29490625,126.29490625,748.75225,248.81475,261.60699999999997,-1.2629490625,0.2525898125,-1.5155388749999998,1019.7526790275543,1018.2371401525544,1.8237140152554288,1021.2386435275544,0.2939081275491301,ACTIVE,True
14,short,66,3.5,1.0,2,2024-01-03 23:15:00,7351,735,36.59,10231,2024-01-04 23:15:00,SL,-1.0,1010.35925,12.5,0.002,126.29490625,126.29490625,126.29490625,875.04715625,375.10965625,135.31209375000003,-1.2629490625,0.2525898125,-1.5155388749999998,1018.2371401525544,1016.7216012775544,1.6721601277554399,1021.2386435275544,0.44231015724171835,ACTIVE,True
15,short,5,2.5,1.0,1,2024-01-04 15:45:00,9330,933,0.5752,12210,2024-01-05 15:45:00,TP,2.5,1021.2386435275544,12.5,0.002,127.6548304409443,127.6548304409443,127.6548304409443,376.4201874999999,0.0,644.8184560275545,3.1913707610236077,0.2553096608818886,2.936061100141719,1016.7216012775544,1019.6576623776962,1.9657662377696061,1021.2386435275544,0.15481015724171748,ACTIVE,True
16,short,66,3.5,1.0,8,2024-01-05 00:30:00,10387,1038,103.99,13267,2024-01-06 00:30:00,TP,3.5,1016.7216012775544,12.5,0.002,127.0902001596943,127.0902001596943,127.0902001596943,127.65483044094418,0.0,889.0667708366102,4.448157005589301,0.2541804003193886,4.193976605269912,1019.6576623776962,1023.851638982966,2.385163898296616,1023.851638982966,0.0,ACTIVE,True
17,short,5,2.5,1.0,8,2024-01-05 00:35:00,10397,1039,103.4,13277,2024-01-06 00:35:00,SL,-1.0,1016.7216012775544,12.5,0.002,127.0902001596943,127.0902001596943,127.0902001596943,254.74503060063847,127.0902001596943,761.976570676916,-1.270902001596943,0.2541804003193886,-1.5250824019163316,1023.851638982966,1022.3265565810498,2.232655658104976,1023.851638982966,0.1489554095387498,ACTIVE,True
18,short,5,2.5,1.0,1,2024-01-05 01:10:00,10460,1046,0.5662,13340,2024-01-06 01:10:00,TP,2.5,1016.7216012775544,12.5,0.002,127.0902001596943,127.0902001596943,127.0902001596943,381.83523076033276,127.6548304409443,634.8863705172216,3.1772550039923577,0.2541804003193886,2.923074603672969,1022.3265565810498,1025.2496311847228,2.5249631184722787,1025.2496311847228,0.0,ACTIVE,True
19,short,9,2.5,1.5,1,2024-01-05 02:15:00,10590,1059,0.5545,13470,2024-01-06 02:15:00,TP,2.5,1016.7216012775544,12.5,0.002,127.0902001596943,127.0902001596943,127.0902001596943,508.92543092002705,254.7450306006386,507.7961703575274,3.1772550039923577,0.2541804003193886,2.923074603672969,1025.2496311847228,1028.172705788396,2.8172705788395813,1028.172705788396,0.0,ACTIVE,True
20,short,9,2.5,1.5,5,2024-01-05 02:15:00,10594,1059,0.08282,13474,2024-01-06 02:15:00,TP,2.5,1016.7216012775544,12.5,0.002,127.0902001596943,127.0902001596943,127.0902001596943,636.0156310797214,0.0,380.70597019783304,3.1772550039923577,0.2541804003193886,2.923074603672969,1028.172705788396,1031.095780392069,3.109578039206884,1031.095780392069,0.0,ACTIVE,True
21,short,31,2.5,2.0,10,2024-01-05 02:15:00,10599,1059,0.5734,13479,2024-01-06 02:15:00,TP,2.5,1016.7216012775544,12.5,0.002,127.0902001596943,127.0902001596943,127.0902001596943,763.1058312394157,0.0,253.61577003813875,3.1772550039923577,0.2541804003193886,2.923074603672969,1031.095780392069,1034.018854995742,3.4018854995742087,1034.018854995742,0.0,ACTIVE,True
22,short,33,2.0,1.75,10,2024-01-05 02:45:00,10659,1065,0.575,13539,2024-01-06 02:45:00,TP,2.0,1016.7216012775544,12.5,0.002,127.0902001596943,126.52556987844446,126.52556987844446,890.19603139911,127.0902001596943,126.52556987844446,2.530511397568889,0.2530511397568889,2.2774602578120002,1034.018854995742,1036.296315253554,3.6296315253554035,1036.296315253554,0.0,ACTIVE,True
23,short,30,2.5,2.5,4,2024-01-05 15:50:00,12223,1222,43437.39,15103,2024-01-06 15:50:00,Time_288,-1.0310932585958719,1019.6576623776962,12.5,0.002,127.45720779721202,127.45720779721202,127.45720779721202,889.0667708366102,0.0,130.59089154108597,-1.3142026771915851,0.25491441559442407,-1.5691170927860092,1036.296315253554,1034.727198160768,3.472719816076797,1036.296315253554,0.15141587108722393,ACTIVE,True
24,short,8,5.0,3.0,10,2024-01-05 17:20:00,12409,1240,0.5614,15289,2024-01-06 17:20:00,Time_288,-1.4784467402921222,1019.6576623776962,12.5,0.002,127.45720779721202,3.1336837438739167,3.1336837438739167,1016.5239786338223,253.61577003813875,3.1336837438739167,-0.04632984516236806,0.006267367487747834,-0.05259721265011589,1034.727198160768,1034.6746009481178,3.4674600948117806,1036.296315253554,0.1564913704280982,ACTIVE,True
25,short,53,8.0,1.25,8,2024-01-06 07:30:00,14107,1410,93.21,16987,2024-01-07 07:30:00,SL,-1.25,1036.296315253554,12.5,0.002,129.53703940669425,129.53703940669425,129.53703940669425,130.59089154108597,0.0,905.705423712468,-1.6192129925836782,0.2590740788133885,-1.8782870713970667,1034.6746009481178,1032.7963138767207,3.279631387672066,1036.296315253554,0.33774137042810654,ACTIVE,True
26,short,29,5.0,1.0,2,2024-01-06 07:35:00,14111,1411,34.06,16991,2024-01-07 07:35:00,SL,-1.0,1036.296315253554,12.5,0.002,129.53703940669425,129.53703940669425,129.53703940669425,260.1279309477802,0.0,776.1683843057738,-1.2953703940669425,0.2590740788133885,-1.554444472880331,1032.7963138767207,1031.2418694038404,3.1241869403840328,1036.296315253554,0.48774137042810134,ACTIVE,True
27,short,36,8.0,2.5,8,2024-01-06 07:40:00,14127,1412,94.07,17007,2024-01-07 07:40:00,SL,-2.5,1036.296315253554,12.5,0.002,129.53703940669425,129.53703940669425,129.53703940669425,389.66497035447446,129.53703940669425,646.6313448990795,-3.2384259851673565,0.2590740788133885,-3.4975000639807448,1031.2418694038404,1027.7443693398595,2.7744369339859576,1036.296315253554,0.8252413704281116,ACTIVE,True
28,short,67,3.5,2.5,1,2024-01-06 08:00:00,14160,1416,0.5165,17040,2024-01-07 08:00:00,SL,-2.5,1036.296315253554,12.5,0.002,129.53703940669425,129.53703940669425,129.53703940669425,519.2020097611687,0.0,517.0943054923853,-3.2384259851673565,0.2590740788133885,-3.4975000639807448,1027.7443693398595,1024.2468692758787,2.42468692758786,1036.296315253554,1.162741370428122,ACTIVE,True
29,short,67,3.5,2.5,5,2024-01-06 08:00:00,14164,1416,0.08001,17044,2024-01-07 08:00:00,Time_288,-0.9748781402324747,1036.296315253554,12.5,0.002,129.53703940669425,129.53703940669425,129.53703940669425,648.739049167863,0.0,387.557266085691,-1.2628282806801887,0.2590740788133885,-1.5219023594935772,1024.2468692758787,1022.7249669163851,2.2724966916385148,1036.296315253554,1.3096011379571775,ACTIVE,True
30,short,34,2.0,2.0,10,2024-01-06 08:30:00,14229,1422,0.5647,17109,2024-01-07 08:30:00,Time_288,-1.2218877279971698,1036.296315253554,12.5,0.002,129.53703940669425,129.53703940669425,129.53703940669425,778.2760885745572,3.1336837438739167,258.0202266789968,-1.582797187721255,0.2590740788133885,-1.8418712665346435,1022.7249669163851,1020.8830956498505,2.088309564985047,1036.296315253554,1.487337103956826,ACTIVE,True
31,short,38,2.0,1.5,10,2024-01-06 08:40:00,14249,1424,0.5635,17129,2024-01-07 08:40:00,SL,-1.5,1036.296315253554,12.5,0.002,129.53703940669425,128.48318727230253,128.48318727230253,907.8131279812515,132.67072315056816,128.48318727230253,-1.927247809084538,0.2569663745446051,-2.184214183629143,1020.8830956498505,1018.6988814662213,1.8698881466221229,1036.296315253554,1.698108304382712,ACTIVE,True
32,short,8,5.0,3.0,7,2024-01-06 20:55:00,15716,1571,2241.77,18596,2024-01-07 20:55:00,Time_288,0.12133269693143366,1034.6746009481178,12.5,0.002,129.33432511851473,128.9691772356498,128.9691772356498,905.705423712468,0.0,128.9691772356498,0.1564817809502945,0.2579383544712996,-0.1014565735210051,1018.6988814662213,1018.5974248927004,1.8597424892700332,1036.296315253554,1.7078986097256537,ACTIVE,True
33,short,10,3.5,2.5,2,2024-01-07 08:00:00,17041,1704,35.17,19921,2024-01-08 08:00:00,TP,3.5,1024.2468692758787,12.5,0.002,128.03085865948484,128.03085865948484,128.03085865948484,516.5264433213408,0.0,507.72042595453786,4.481080053081969,0.25606171731896965,4.225018335763,1018.5974248927004,1022.8224432284634,2.2822443228463385,1036.296315253554,1.3001949178786671,ACTIVE,True
34,short,85,3.5,1.0,5,2024-01-07 08:45:00,17134,1713,0.08048,20014,2024-01-08 08:45:00,TP,3.5,1018.6988814662213,12.5,0.002,127.33736018327767,127.33736018327767,127.33736018327767,257.0000358951346,0.0,761.6988455710867,4.456807606414719,0.25467472036655536,4.2021328860481635,1022.8224432284634,1027.0245761145115,2.702457611451159,1036.296315253554,0.894699614634246,ACTIVE,True
35,short,12,3.5,1.25,5,2024-01-07 10:30:00,17344,1734,0.07986,20224,2024-01-08 10:30:00,TP,3.5,1018.6988814662213,12.5,0.002,127.33736018327767,127.33736018327767,127.33736018327767,384.33739607841227,127.33736018327767,634.3614853878091,4.456807606414719,0.25467472036655536,4.2021328860481635,1027.0245761145115,1031.2267090005598,3.1226709000559794,1036.296315253554,0.4892043113898138,ACTIVE,True
36,short,29,5.0,1.0,5,2024-01-07 10:55:00,17394,1739,0.0799,20274,2024-01-08 10:55:00,SL,-1.0,1018.6988814662213,12.5,0.002,127.33736018327767,127.33736018327767,127.33736018327767,511.67475626168994,254.67472036655533,507.0241252045314,-1.2733736018327766,0.25467472036655536,-1.528048322199332,1031.2267090005598,1029.6986606783605,2.9698660678360467,1036.296315253554,0.6366571489332378,ACTIVE,True
37,short,4,6.0,2.5,5,2024-01-07 11:00:00,17404,1740,0.08001,20284,2024-01-08 11:00:00,TP,6.0,1018.6988814662213,12.5,0.002,127.33736018327767,127.33736018327767,127.33736018327767,639.0121164449677,382.012080549833,379.6867650212537,7.64024161099666,0.25467472036655536,7.385566890630105,1029.6986606783605,1037.0842275689906,3.7084227568990658,1037.0842275689906,0.0,ACTIVE,True
38,short,4,6.0,2.5,5,2024-01-07 11:10:00,17424,1742,0.0798,20304,2024-01-08 11:10:00,TP,6.0,1018.6988814662213,12.5,0.002,127.33736018327767,127.33736018327767,127.33736018327767,766.3494766282454,509.34944073311067,252.34940483797595,7.64024161099666,0.25467472036655536,7.385566890630105,1037.0842275689906,1044.4697944596207,4.446979445962085,1044.4697944596207,0.0,ACTIVE,True
39,short,5,2.5,1.0,2,2024-01-07 13:45:00,17731,1773,35.54,20611,2024-01-08 13:45:00,TP,2.5,1018.6988814662213,12.5,0.002,127.33736018327767,125.01204465469823,125.01204465469823,893.6868368115231,128.03085865948484,125.01204465469823,3.125301116367456,0.25002408930939646,2.8752770270580594,1044.4697944596207,1047.3450714866788,4.734507148667877,1047.3450714866788,0.0,ACTIVE,True
40,short,49,3.5,1.0,1,2024-01-07 21:40:00,18680,1868,0.5097,21560,2024-01-08 21:40:00,TP,3.5,1018.5974248927004,12.5,0.002,127.32467811158755,127.32467811158755,127.32467811158755,889.7297042305715,0.0,128.86772066212882,4.456363733905564,0.2546493562231751,4.201714377682389,1047.3450714866788,1051.5467858643613,5.154678586436123,1051.5467858643613,0.0,ACTIVE,True
41,short,19,6.0,1.75,8,2024-01-08 00:00:00,18967,1896,89.61,21847,2024-01-09 00:00:00,SL,-1.75,1018.5974248927004,12.5,0.002,127.32467811158755,1.5430425505412586,1.5430425505412586,1017.0543823421591,0.0,1.5430425505412586,-0.02700324463447203,0.0030860851010825175,-0.030089329735554546,1051.5467858643613,1051.5166965346257,5.151669653462565,1051.5467858643613,0.002861435186722679,ACTIVE,True
42,short,5,2.5,1.0,6,2024-01-08 11:35:00,20355,2035,7.011,23235,2024-01-09 11:35:00,SL,-1.0,1044.4697944596207,12.5,0.002,130.5587243074526,130.5587243074526,130.5587243074526,253.8797653168271,0.0,790.5900291427936,-1.305587243074526,0.2611174486149052,-1.5667046916894312,1051.5166965346257,1049.9499918429362,4.994999184293625,1051.5467858643613,0.15185192355587515,ACTIVE,True
43,short,91,2.0,1.0,8,2024-01-08 17:00:00,21007,2100,94.98,23887,2024-01-09 17:00:00,SL,-1.0,1047.3450714866788,12.5,0.002,130.91813393583485,130.91813393583485,130.91813393583485,259.42644496958144,1.5430425505412586,787.9186265170973,-1.3091813393583485,0.2618362678716697,-1.5710176072300182,1049.9499918429362,1048.3789742357062,4.837897423570614,1051.5467858643613,0.30125256158252,ACTIVE,True
44,short,82,3.5,1.5,6,2024-01-08 20:15:00,21395,2139,7.446,24275,2024-01-09 20:15:00,TP,3.5,1047.3450714866788,12.5,0.002,130.91813393583485,130.91813393583485,130.91813393583485,390.34457890541626,130.5587243074526,657.0004925812625,4.58213468775422,0.2618362678716697,4.32029841988255,1048.3789742357062,1052.6992726555889,5.2699272655588825,1052.6992726555889,0.0,ACTIVE,True
45,short,29,5.0,1.0,7,2024-01-09 02:15:00,22116,2211,2311.23,24996,2024-01-10 02:15:00,SL,-1.0,1051.5166965346257,12.5,0.002,131.4395870668282,131.4395870668282,131.4395870668282,392.39499217912226,0.0,659.1217043555034,-1.3143958706682821,0.2628791741336564,-1.5772750448019386,1052.6992726555889,1051.1219976107868,5.112199761078684,1052.6992726555889,0.14983149373924498,ACTIVE,True
46,short,29,5.0,1.0,3,2024-01-09 02:25:00,22132,2213,300.0,25012,2024-01-10 02:25:00,SL,-1.0,1051.5166965346257,12.5,0.002,131.4395870668282,131.4395870668282,131.4395870668282,523.8345792459504,0.0,527.6821172886753,-1.3143958706682821,0.2628791741336564,-1.5772750448019386,1051.1219976107868,1049.5447225659848,4.954472256598486,1052.6992726555889,0.29966298747848996,ACTIVE,True
47,short,29,5.0,1.0,3,2024-01-09 02:30:00,22142,2214,299.7,25022,2024-01-10 02:30:00,SL,-1.0,1051.5166965346257,12.5,0.002,131.4395870668282,131.4395870668282,131.4395870668282,655.2741663127786,131.4395870668282,396.2425302218471,-1.3143958706682821,0.2628791741336564,-1.5772750448019386,1049.5447225659848,1047.9674475211827,4.796744752118265,1052.6992726555889,0.44949448121773494,ACTIVE,True
48,short,13,5.0,1.5,3,2024-01-09 03:00:00,22202,2220,299.1,25082,2024-01-10 03:00:00,SL,-1.5,1051.5166965346257,12.5,0.002,131.4395870668282,131.4395870668282,131.4395870668282,786.7137533796067,262.8791741336564,264.80294315501897,-1.9715938060024232,0.2628791741336564,-2.2344729801360796,1047.9674475211827,1045.7329745410466,4.573297454104663,1052.6992726555889,0.6617557640149933,ACTIVE,True
49,short,74,8.0,2.5,2,2024-01-09 05:55:00,22551,2255,37.14,25431,2024-01-10 05:55:00,TP,8.0,1051.5166965346257,12.5,0.002,131.4395870668282,131.4395870668282,131.4395870668282,918.1533404464349,0.0,133.3633560881908,10.515166965346257,0.2628791741336564,10.2522877912126,1045.7329745410466,1055.9852623322593,5.59852623322592,1055.9852623322593,0.0,ACTIVE,True
50,short,5,2.5,1.0,2,2024-01-09 08:10:00,22821,2282,37.4,25701,2024-01-10 08:10:00,TP,2.5,1051.5166965346257,12.5,0.002,131.4395870668282,1.9237690213626593,1.9237690213626593,1049.592927513263,131.4395870668282,1.9237690213626593,0.04809422553406648,0.0038475380427253187,0.04424668749134116,1055.9852623322593,1056.0295090197505,5.602950901975046,1056.0295090197505,0.0,ACTIVE,True
51,short,31,2.5,2.0,3,2024-01-09 11:40:00,23242,2324,303.9,26122,2024-01-10 11:40:00,TP,2.5,1049.9499918429362,12.5,0.002,131.24374898036703,128.99201961576318,128.99201961576318,920.9579722271731,394.31876120048463,128.99201961576318,3.2248004903940797,0.25798403923152635,2.966816451162553,1056.0295090197505,1058.996325470913,5.899632547091294,1058.996325470913,0.0,ACTIVE,True
52,short,5,2.5,1.0,3,2024-01-09 18:15:00,24032,2403,300.3,26912,2024-01-10 18:15:00,TP,2.5,1048.3789742357062,12.5,0.002,131.04737177946328,129.34711632860478,129.34711632860478,919.0318579071014,523.3107808162479,129.34711632860478,3.2336779082151197,0.2586942326572096,2.97498367555791,1058.996325470913,1061.971309146471,6.1971309146470865,1061.971309146471,0.0,ACTIVE,True
53,short,5,2.5,1.0,1,2024-01-10 02:00:00,24960,2496,0.5162,27840,2024-01-11 02:00:00,TP,2.5,1052.6992726555889,12.5,0.002,131.5874090819486,131.5874090819486,131.5874090819486,917.4608402998714,0.0,135.23843235571746,3.2896852270487154,0.2631748181638972,3.026510408884818,1061.971309146471,1064.9978195553558,6.499781955535577,1064.9978195553558,0.0,ACTIVE,True
54,short,5,2.5,1.0,1,2024-01-10 02:05:00,24970,2497,0.5158,27850,2024-01-11 02:05:00,TP,2.5,1052.6992726555889,12.5,0.002,131.5874090819486,3.651023273768942,3.651023273768942,1049.04824938182,131.5874090819486,3.651023273768942,0.09127558184422356,0.007302046547537884,0.08397353529668568,1064.9978195553558,1065.0817930906526,6.508179309065265,1065.0817930906526,0.0,ACTIVE,True
55,short,16,3.0,1.0,7,2024-01-10 10:55:00,26036,2603,2400.58,28916,2024-01-11 10:55:00,SL,-1.0,1056.0295090197505,12.5,0.002,132.00368862746882,132.00368862746882,132.00368862746882,393.5775683000854,0.0,662.4519407196651,-1.3200368862746883,0.26400737725493767,-1.584044263529626,1065.0817930906526,1063.497748827123,6.349774882712289,1065.0817930906526,0.14872512832400409,ACTIVE,True
56,short,43,3.5,3.0,5,2024-01-10 12:10:00,26184,2618,0.07897,29064,2024-01-11 12:10:00,TP,3.5,1058.996325470913,12.5,0.002,132.37454068386413,132.37454068386413,132.37454068386413,396.58923731179107,5.684341886080802e-14,662.4070881591219,4.633108923935245,0.26474908136772823,4.368359842567516,1063.497748827123,1067.8661086696904,6.786610866969034,1067.8661086696904,0.0,ACTIVE,True
57,short,66,3.5,1.0,10,2024-01-10 12:25:00,26219,2621,0.5583,29099,2024-01-11 12:25:00,SL,-1.0,1058.996325470913,12.5,0.002,132.37454068386413,132.37454068386413,132.37454068386413,528.9637779956552,0.0,530.0325474752578,-1.3237454068386414,0.26474908136772823,-1.5884944882063696,1067.8661086696904,1066.277614181484,6.6277614181484035,1067.8661086696904,0.14875408773720414,ACTIVE,True
58,short,5,2.5,1.0,5,2024-01-10 12:30:00,26224,2622,0.078,29104,2024-01-11 12:30:00,TP,2.5,1058.996325470913,12.5,0.002,132.37454068386413,132.37454068386413,132.37454068386413,661.3383186795193,132.37454068386418,397.65800679139375,3.309363517096603,0.26474908136772823,3.044614435728875,1066.277614181484,1069.3222286172129,6.932222861721282,1069.3222286172129,0.0,ACTIVE,True
59,short,5,2.5,1.0,10,2024-01-10 12:30:00,26229,2622,0.5582,29109,2024-01-11 12:30:00,SL,-1.0,1058.996325470913,12.5,0.002,132.37454068386413,132.37454068386413,132.37454068386413,793.7128593633834,132.37454068386413,265.28346610752965,-1.3237454068386414,0.26474908136772823,-1.5884944882063696,1069.3222286172129,1067.7337341290065,6.773373412900652,1069.3222286172129,0.14855152597552662,ACTIVE,True
60,short,5,2.5,1.0,5,2024-01-10 12:35:00,26234,2623,0.07799,29114,2024-01-11 12:35:00,TP,2.5,1058.996325470913,12.5,0.002,132.37454068386413,132.37454068386413,132.37454068386413,926.0874000472475,264.7490813677283,132.90892542366555,3.309363517096603,0.26474908136772823,3.044614435728875,1067.7337341290065,1070.7783485647353,7.0778348564735305,1070.7783485647353,0.0,ACTIVE,True
61,short,98,2.5,1.0,5,2024-01-10 20:50:00,27224,2722,0.07852,30104,2024-01-11 20:50:00,SL,-1.0,1061.971309146471,12.5,0.002,132.74641364330887,132.74641364330887,132.74641364330887,929.1148244025068,397.1236220515924,132.8564847439642,-1.3274641364330888,0.26549282728661777,-1.5929569637197065,1070.7783485647353,1069.1853916010157,6.918539160101567,1070.7783485647353,0.14876626575937338,ACTIVE,True
62,short,5,2.5,1.0,8,2024-01-11 07:55:00,28557,2855,99.71,31437,2024-01-12 07:55:00,SL,-1.0,1065.0817930906526,12.5,0.002,133.13522413633157,133.13522413633157,133.13522413633157,926.6228056900982,0.0,138.4589874005544,-1.3313522413633156,0.26627044827266316,-1.5976226896359789,1069.1853916010157,1067.5877689113797,6.758776891137974,1070.7783485647353,0.2979682637057643,ACTIVE,True
63,short,85,3.5,1.0,2,2024-01-11 15:20:00,29441,2944,40.29,32321,2024-01-12 15:20:00,TP,3.5,1070.7783485647353,12.5,0.002,133.84729357059192,133.84729357059192,133.84729357059192,265.8816377796404,0.0,804.8967107850949,4.6846552749707175,0.2676945871411838,4.416960687829533,1067.5877689113797,1072.0047295992092,7.200472959920923,1072.0047295992092,0.0,ACTIVE,True
64,short,5,2.5,1.0,1,2024-01-11 22:20:00,30280,3028,0.5779,33160,2024-01-12 22:20:00,SL,-1.0,1069.1853916010157,12.5,0.002,133.64817395012696,133.64817395012696,133.64817395012696,266.98251770692343,0.0,802.2028738940922,-1.3364817395012696,0.2672963479002539,-1.6037780874015235,1072.0047295992092,1070.4009515118078,7.040095151180781,1072.0047295992092,0.14960550481909315,ACTIVE,True
65,short,5,2.5,1.0,1,2024-01-11 22:35:00,30310,3031,0.5769,33190,2024-01-12 22:35:00,SL,-1.0,1069.1853916010157,12.5,0.002,133.64817395012696,133.64817395012696,133.64817395012696,400.6306916570504,133.64817395012696,668.5546999439653,-1.3364817395012696,0.2672963479002539,-1.6037780874015235,1070.4009515118078,1068.7971734244063,6.879717342440639,1072.0047295992092,0.2992110096381863,ACTIVE,True
66,short,5,2.5,1.0,1,2024-01-11 22:40:00,30320,3032,0.576,33200,2024-01-12 22:40:00,SL,-1.0,1069.1853916010157,12.5,0.002,133.64817395012696,133.64817395012696,133.64817395012696,534.2788656071774,267.2963479002539,534.9065259938383,-1.3364817395012696,0.2672963479002539,-1.6037780874015235,1068.7971734244063,1067.1933953370049,6.719339533700497,1072.0047295992092,0.44881651445727955,ACTIVE,True
67,short,5,2.5,1.0,1,2024-01-11 22:45:00,30330,3033,0.5763,33210,2024-01-12 22:45:00,SL,-1.0,1069.1853916010157,12.5,0.002,133.64817395012696,133.64817395012696,133.64817395012696,667.9270395573044,400.94452185038085,401.2583520437113,-1.3364817395012696,0.2672963479002539,-1.6037780874015235,1067.1933953370049,1065.5896172496034,6.558961724960333,1072.0047295992092,0.5984220192763726,ACTIVE,True
68,short,5,2.5,1.0,1,2024-01-11 22:50:00,30340,3034,0.5788,33220,2024-01-12 22:50:00,SL,-1.0,1069.1853916010157,12.5,0.002,133.64817395012696,133.64817395012696,133.64817395012696,801.5752135074314,534.5926958005078,267.6101780935843,-1.3364817395012696,0.2672963479002539,-1.6037780874015235,1065.5896172496034,1063.985839162202,6.398583916220191,1072.0047295992092,0.7480275240954658,ACTIVE,True
69,short,5,2.5,1.0,8,2024-01-12 09:40:00,31647,3164,98.6,34527,2024-01-13 09:40:00,TP,2.5,1067.5877689113797,12.5,0.002,133.44847111392247,133.44847111392247,133.44847111392247,802.0881633212268,0.0,265.4996055901529,3.336211777848062,0.26689694222784494,3.069314835620217,1063.985839162202,1067.0551539978221,6.705515399782214,1072.0047295992092,0.4617121048745368,ACTIVE,True
70,short,5,2.5,1.0,8,2024-01-12 09:45:00,31657,3165,98.72,34537,2024-01-13 09:45:00,TP,2.5,1067.5877689113797,12.5,0.002,133.44847111392247,132.05113447623046,132.05113447623046,935.5366344351493,133.44847111392247,132.05113447623046,3.3012783619057617,0.2641022689524609,3.0371760929533007,1067.0551539978221,1070.0923300907755,7.009233009077542,1072.0047295992092,0.1783946894664099,ACTIVE,True
71,short,36,8.0,2.5,4,2024-01-12 18:10:00,32663,3266,43687.79,35543,2024-01-13 18:10:00,Time_288,1.9300587189235354,1072.0047295992092,12.5,0.002,134.00059119990115,134.00059119990115,134.00059119990115,933.7404753407878,0.0,138.26425425842137,2.5862900938627758,0.2680011823998023,2.3182889114629734,1070.0923300907755,1072.4106190022385,7.241061900223844,1072.4106190022385,0.0,ACTIVE,True
72,short,62,5.0,1.0,5,2024-01-12 18:35:00,32714,3271,0.08102,35594,2024-01-13 18:35:00,SL,-1.0,1072.0047295992092,12.5,0.002,134.00059119990115,4.263663058520251,4.263663058520251,1067.741066540689,8.526512829121202e-14,4.263663058520251,-0.04263663058520251,0.008527326117040502,-0.05116395670224302,1072.4106190022385,1072.3594550455362,7.23594550455362,1072.4106190022385,0.00477092969761358,ACTIVE,True
73,short,8,5.0,3.0,2,2024-01-12 22:55:00,33231,3323,35.71,36111,2024-01-13 22:55:00,Time_288,-2.4362923550826023,1063.985839162202,12.5,0.002,132.99822989527524,132.99822989527524,132.99822989527524,403.76385984857427,0.0,660.2219793136277,-3.240225707333775,0.2659964597905505,-3.506222167124325,1072.3594550455362,1068.8532328784117,6.885323287841172,1072.4106190022385,0.33171865895327546,ACTIVE,True
74,short,5,2.5,1.0,6,2024-01-13 00:15:00,33395,3339,7.575,36275,2024-01-14 00:15:00,TP,2.5,1063.985839162202,12.5,0.002,132.99822989527524,132.99822989527524,132.99822989527524,536.7620897438495,0.0,527.2237494183524,3.3249557473818814,0.2659964597905505,3.058959287591331,1068.8532328784117,1071.912192166003,7.191219216600309,1072.4106190022385,0.04647723804704572,ACTIVE,True
75,short,5,2.5,1.0,6,2024-01-13 00:20:00,33405,3340,7.543,36285,2024-01-14 00:20:00,SL,-1.0,1063.985839162202,12.5,0.002,132.99822989527524,132.99822989527524,132.99822989527524,669.7603196391248,132.99822989527524,394.2255195230772,-1.3299822989527526,0.2659964597905505,-1.595978758743303,1071.912192166003,1070.3162134072597,7.031621340725969,1072.4106190022385,0.19529884895464475,ACTIVE,True
76,short,31,2.5,2.0,2,2024-01-13 00:20:00,33401,3340,35.62,36281,2024-01-14 00:20:00,TP,2.5,1063.985839162202,12.5,0.002,132.99822989527524,132.99822989527524,132.99822989527524,802.7585495344,132.99822989527524,261.22728962780195,3.3249557473818814,0.2659964597905505,3.058959287591331,1070.3162134072597,1073.375172694851,7.337517269485105,1073.375172694851,0.0,ACTIVE,True
77,short,8,5.0,3.0,2,2024-01-13 03:05:00,33731,3373,35.19,36611,2024-01-14 03:05:00,SL,-3.0,1063.985839162202,12.5,0.002,132.99822989527524,128.2290597325267,128.2290597325267,935.7567794296752,265.9964597905505,128.2290597325267,-3.846871791975801,0.2564581194650534,-4.103329911440855,1073.375172694851,1069.2718427834102,6.927184278341025,1073.375172694851,0.3822829161530603,ACTIVE,True
78,short,65,2.5,1.25,5,2024-01-13 12:05:00,34814,3481,0.08039,37694,2024-01-14 12:05:00,SL,-1.25,1070.0923300907755,12.5,0.002,133.76154126134693,133.76154126134693,133.76154126134693,798.4862335720491,4.263663058520336,271.6060965187264,-1.6720192657668367,0.26752308252269386,-1.9395423482895304,1069.2718427834102,1067.3323004351207,6.733230043512073,1073.375172694851,0.562978575753608,ACTIVE,True
79,short,21,3.5,1.0,5,2024-01-13 12:40:00,34884,3488,0.08035,37764,2024-01-14 12:40:00,SL,-1.0,1070.0923300907755,12.5,0.002,133.76154126134693,133.76154126134693,133.76154126134693,932.247774833396,138.02520431986727,137.8445552573795,-1.3376154126134694,0.26752308252269386,-1.6051384951361634,1067.3323004351207,1065.7271619399846,6.572716193998462,1073.375172694851,0.7125198112850928,ACTIVE,True
80,short,85,3.5,1.0,5,2024-01-13 20:05:00,35774,3577,0.08078,38654,2024-01-14 20:05:00,SL,-1.0,1072.3594550455362,12.5,0.002,134.04493188069202,134.04493188069202,134.04493188069202,927.7450618363215,267.5230825226939,144.61439320921465,-1.3404493188069202,0.26808986376138405,-1.6085391825683042,1065.7271619399846,1064.1186227574162,6.41186227574162,1073.375172694851,0.8623778686994394,ACTIVE,True
81,short,22,3.5,1.25,2,2024-01-14 18:20:00,38441,3844,36.71,41321,2024-01-15 18:20:00,TP,3.5,1065.7271619399846,12.5,0.002,133.21589524249808,133.21589524249808,133.21589524249808,134.0449318806919,0.0,931.6822300592927,4.662556333487434,0.26643179048499616,4.396124543002437,1064.1186227574162,1068.5147473004188,6.851474730041884,1073.375172694851,0.4528170129209806,ACTIVE,True
82,short,22,3.5,1.25,2,2024-01-14 18:25:00,38451,3845,36.58,41331,2024-01-15 18:25:00,TP,3.5,1065.7271619399846,12.5,0.002,133.21589524249808,133.21589524249808,133.21589524249808,267.26082712319,133.21589524249808,798.4663348167946,4.662556333487434,0.26643179048499616,4.396124543002437,1068.5147473004188,1072.9108718434213,7.2910871843421265,1073.375172694851,0.04325615714252166,ACTIVE,True
83,short,5,2.5,1.0,2,2024-01-14 20:50:00,38741,3874,36.01,41621,2024-01-15 20:50:00,SL,-1.0,1064.1186227574162,12.5,0.002,133.01482784467703,133.01482784467703,133.01482784467703,266.431790484996,266.43179048499616,797.6868322724202,-1.3301482784467704,0.26602965568935405,-1.5961779341361244,1072.9108718434213,1071.314693909285,7.131469390928502,1073.375172694851,0.19196259033948157,ACTIVE,True
84,short,9,2.5,1.5,5,2024-01-14 20:55:00,38754,3875,0.08082,41634,2024-01-15 20:55:00,Time_288,-0.2969561989606412,1064.1186227574162,12.5,0.002,133.01482784467703,133.01482784467703,133.01482784467703,399.446618329673,1.1368683772161603e-13,664.6720044277432,-0.3949957768215935,0.26602965568935405,-0.6610254325109475,1071.314693909285,1070.653668476774,7.065366847677401,1073.375172694851,0.25354641017494545,ACTIVE,True
85,short,42,8.0,2.5,7,2024-01-14 21:00:00,38766,3876,2516.55,41646,2024-01-15 21:00:00,Time_288,-0.460948520792351,1064.1186227574162,12.5,0.002,133.01482784467703,133.01482784467703,133.01482784467703,532.46144617435,0.0,531.6571765830662,-0.613129881384531,0.26602965568935405,-0.879159537073885,1070.653668476774,1069.7745089397001,6.977450893970016,1073.375172694851,0.33545249105314645,ACTIVE,True
86,short,8,5.0,3.0,5,2024-01-14 21:05:00,38774,3877,0.08101,41654,2024-01-15 21:05:00,Time_288,-0.148129860511042,1064.1186227574162,12.5,0.002,133.01482784467703,133.01482784467703,133.01482784467703,665.4762740190271,133.01482784467714,398.64234873838916,-0.19703467894532273,0.26602965568935405,-0.4630643346346768,1069.7745089397001,1069.3114446050654,6.931144460506533,1073.375172694851,0.3785934492581096,ACTIVE,True
87,short,9,2.5,1.5,1,2024-01-14 21:05:00,38770,3877,0.5369,41650,2024-01-15 21:05:00,TP,2.5,1064.1186227574162,12.5,0.002,133.01482784467703,133.01482784467703,133.01482784467703,798.4911018637041,0.0,265.62752089371213,3.325370696116926,0.26602965568935405,3.059341040427572,1069.3114446050654,1072.370785645493,7.237078564549293,1073.375172694851,0.09357278563061548,ACTIVE,True
88,short,9,2.5,1.5,6,2024-01-14 21:10:00,38785,3878,7.487,41665,2024-01-15 21:10:00,SL,-1.5,1064.1186227574162,12.5,0.002,133.01482784467703,132.6126930490351,132.6126930490351,931.5059297083811,0.0,132.6126930490351,-1.9891903957355264,0.2652253860980702,-2.254415781833597,1072.370785645493,1070.1163698636594,7.011636986365932,1073.375172694851,0.3036033359156175,ACTIVE,True
89,short,44,3.0,1.0,8,2024-01-15 22:00:00,41767,4176,94.61,44647,2024-01-16 22:00:00,SL,-1.0,1070.1163698636594,12.5,0.002,133.76454623295743,133.76454623295743,133.76454623295743,-1.1368683772161603e-13,0.0,1070.1163698636597,-1.3376454623295744,0.2675290924659149,-1.6051745547954892,1070.1163698636594,1068.511195308864,6.851119530886396,1073.375172694851,0.45314793091173944,ACTIVE,True
90,short,28,5.0,1.5,8,2024-01-15 23:00:00,41887,4188,94.16,44767,2024-01-16 23:00:00,SL,-1.5,1070.1163698636594,12.5,0.002,133.76454623295743,133.76454623295743,133.76454623295743,133.76454623295731,133.76454623295743,936.3518236307021,-2.0064681934943613,0.2675290924659149,-2.2739972859602764,1068.511195308864,1066.2371980229036,6.623719802290351,1073.375172694851,0.665002773822928,ACTIVE,True
91,short,52,2.5,2.0,9,2024-01-15 23:20:00,41928,4192,0.10878,44808,2024-01-16 23:20:00,Time_288,0.4780290494576269,1070.1163698636594,12.5,0.002,133.76454623295743,133.76454623295743,133.76454623295743,267.52909246591474,0.0,802.5872773977446,0.6394333888687143,0.2675290924659149,0.3719042964027994,1066.2371980229036,1066.6091023193064,6.66091023193065,1073.375172694851,0.630354655824344,ACTIVE,True
92,short,52,2.5,2.0,9,2024-01-15 23:30:00,41948,4194,0.10889,44828,2024-01-16 23:30:00,Time_288,0.6979520617136531,1070.1163698636594,12.5,0.002,133.76454623295743,133.76454623295743,133.76454623295743,401.2936386988722,133.76454623295743,668.8227311647872,0.933612408274839,0.2675290924659149,0.6660833158089241,1066.6091023193064,1067.2751856351153,6.727518563511525,1073.375172694851,0.5682996229939657,ACTIVE,True
93,short,42,8.0,2.5,7,2024-01-15 23:50:00,41986,4198,2516.88,44866,2024-01-16 23:50:00,SL,-2.5,1070.1163698636594,12.5,0.002,133.76454623295743,133.76454623295743,133.76454623295743,535.0581849318296,0.0,535.0581849318298,-3.3441136558239357,0.2675290924659149,-3.6116427482898508,1067.2751856351153,1063.6635428868256,6.366354288682552,1073.375172694851,0.9047749617352454,ACTIVE,True
94,short,4,6.0,2.5,7,2024-01-17 09:40:00,46046,4604,2546.8,48926,2024-01-18 09:40:00,Time_288,0.12525522223967545,1063.6635428868256,12.5,0.002,132.9579428608532,132.9579428608532,132.9579428608532,-5.684341886080802e-14,0.0,1063.6635428868256,0.16653676681566237,0.2659158857217064,-0.099379118906044,1063.6635428868256,1063.5641637679196,6.356416376791962,1073.375172694851,0.9140335249509819,ACTIVE,True
95,short,42,8.0,2.5,7,2024-01-17 09:45:00,46056,4605,2545.57,48936,2024-01-18 09:45:00,Time_288,0.07031823913700914,1063.6635428868256,12.5,0.002,132.9579428608532,132.9579428608532,132.9579428608532,132.95794286085314,132.9579428608532,930.7056000259724,0.09349368421254271,0.2659158857217064,-0.17242220150916365,1063.5641637679196,1063.3917415664105,6.3391741566410476,1073.375172694851,0.9300970790460723,ACTIVE,True
96,short,34,2.0,2.0,10,2024-01-17 11:10:00,46229,4622,0.5707,49109,2024-01-18 11:10:00,Time_288,1.3141755738566587,1063.6635428868256,12.5,0.002,132.9579428608532,132.9579428608532,132.9579428608532,265.91588572170633,0.0,797.7476571651192,1.747300808579626,0.2659158857217064,1.4813849228579197,1063.3917415664105,1064.8731264892683,6.487312648926835,1073.375172694851,0.7920852300167502,ACTIVE,True
97,short,38,2.0,1.5,10,2024-01-17 15:15:00,46719,4671,0.5701,49599,2024-01-18 15:15:00,Time_288,1.1927731976846216,1063.6635428868256,12.5,0.002,132.9579428608532,132.9579428608532,132.9579428608532,398.87382858255955,132.9579428608532,664.789714304266,1.585886706637091,0.2659158857217064,1.3199708209153846,1064.8731264892683,1066.1930973101837,6.6193097310183635,1073.375172694851,0.6691113757211059,ACTIVE,True
98,short,38,2.0,1.5,10,2024-01-17 15:25:00,46739,4673,0.5702,49619,2024-01-18 15:25:00,Time_288,1.3328656611715277,1063.6635428868256,12.5,0.002,132.9579428608532,132.9579428608532,132.9579428608532,531.8317714434128,265.9158857217064,531.8317714434128,1.7721507641923728,0.2659158857217064,1.5062348784706665,1066.1930973101837,1067.6993321886544,6.7699332188654315,1073.375172694851,0.5287844036812136,ACTIVE,True
99,short,8,5.0,3.0,10,2024-01-17 17:30:00,46989,4698,0.567,49869,2024-01-18 17:30:00,Time_288,1.9400352733685888,1063.6635428868256,12.5,0.002,132.9579428608532,132.9579428608532,132.9579428608532,664.789714304266,398.87382858255955,398.87382858255955,2.5794309902458057,0.2659158857217064,2.3135151045240994,1067.6993321886544,1070.0128472931785,7.001284729317847,1073.375172694851,0.31324791994498197,ACTIVE,True
100,short,28,5.0,1.5,6,2024-01-17 17:40:00,47005,4700,7.32,49885,2024-01-18 17:40:00,Time_288,3.838797814207658,1063.6635428868256,12.5,0.002,132.9579428608532,132.9579428608532,132.9579428608532,797.7476571651192,0.0,265.91588572170633,5.1039866043579,0.2659158857217064,4.838070718636193,1070.0128472931785,1074.8509180118147,7.485091801181465,1074.8509180118147,0.0,ACTIVE,True
101,short,9,2.5,1.5,6,2024-01-17 17:45:00,47015,4701,7.335,49895,2024-01-18 17:45:00,TP,2.5,1063.6635428868256,12.5,0.002,132.9579428608532,132.9579428608531,132.9579428608531,930.7056000259724,132.9579428608532,132.9579428608531,3.3239485715213277,0.2659158857217062,3.0580326857996214,1074.8509180118147,1077.9089506976143,7.790895069761428,1077.9089506976143,0.0,ACTIVE,True
102,short,4,6.0,2.5,8,2024-01-18 12:30:00,49267,4926,98.45,52147,2024-01-19 12:30:00,TP,6.0,1064.8731264892683,12.5,0.002,133.10914081115854,133.10914081115854,133.10914081115854,664.7897143042659,0.0,400.08341218500243,7.986548448669512,0.2662182816223171,7.720330167047195,1077.9089506976143,1085.6292808646615,8.562928086466147,1085.6292808646615,0.0,ACTIVE,True
103,short,4,6.0,2.5,8,2024-01-18 12:55:00,49317,4931,98.58,52197,2024-01-19 12:55:00,TP,6.0,1064.8731264892683,12.5,0.002,133.10914081115854,133.10914081115854,133.10914081115854,797.8988551154245,133.10914081115854,266.97427137384386,7.986548448669512,0.2662182816223171,7.720330167047195,1085.6292808646615,1093.3496110317087,9.334961103170869,1093.3496110317087,0.0,ACTIVE,True
104,short,4,6.0,2.5,8,2024-01-18 13:00:00,49327,4932,98.4,52207,2024-01-19 13:00:00,TP,6.0,1064.8731264892683,12.5,0.002,133.10914081115854,133.10914081115854,133.10914081115854,931.007995926583,266.2182816223171,133.8651305626853,7.986548448669512,0.2662182816223171,7.720330167047195,1093.3496110317087,1101.069941198756,10.10699411987559,1101.069941198756,0.0,ACTIVE,True
105,short,5,2.5,1.0,6,2024-01-18 16:45:00,49775,4977,7.051,52655,2024-01-19 16:45:00,TP,2.5,1067.6993321886544,12.5,0.002,133.4624165235818,133.4624165235818,133.4624165235818,798.201251016035,265.91588572170633,269.4980811726193,3.336560413089545,0.2669248330471636,3.0696355800423816,1101.069941198756,1104.1395767787983,10.413957677879825,1104.1395767787983,0.0,ACTIVE,True
106,short,9,2.5,1.5,5,2024-01-18 20:10:00,50184,5018,0.07789,53064,2024-01-19 20:10:00,TP,2.5,1077.9089506976143,12.5,0.002,134.73861883720178,134.73861883720178,134.73861883720178,532.7898389570573,1.1368683772161603e-13,545.119111740557,3.368465470930045,0.26947723767440357,3.0989882332556413,1104.1395767787983,1107.2385650120539,10.723856501205397,1107.2385650120539,0.0,ACTIVE,True
107,short,9,2.5,1.5,5,2024-01-18 20:15:00,50194,5019,0.07801,53074,2024-01-19 20:15:00,TP,2.5,1077.9089506976143,12.5,0.002,134.73861883720178,134.73861883720178,134.73861883720178,667.5284577942591,134.7386188372019,410.38049290335516,3.368465470930045,0.26947723767440357,3.0989882332556413,1107.2385650120539,1110.3375532453094,11.033755324530947,1110.3375532453094,0.0,ACTIVE,True
108,short,8,5.0,3.0,10,2024-01-18 20:25:00,50219,5021,0.5479,53099,2024-01-19 20:25:00,Time_288,0.25552108048915273,1077.9089506976143,12.5,0.002,134.73861883720178,134.73861883720178,134.73861883720178,802.2670766314609,0.0,275.6418740661534,0.3442855746889791,0.26947723767440357,0.07480833701457551,1110.3375532453094,1110.412361582324,11.041236158232381,1110.412361582324,0.0,ACTIVE,True
109,short,43,3.5,3.0,5,2024-01-18 20:25:00,50214,5021,0.07757,53094,2024-01-19 20:25:00,TP,3.5,1077.9089506976143,12.5,0.002,134.73861883720178,134.73861883720178,134.73861883720178,937.0056954686627,269.4772376744037,140.9032552289516,4.7158516593020625,0.26947723767440357,4.446374421627659,1110.412361582324,1114.8587360039517,11.48587360039517,1114.8587360039517,0.0,ACTIVE,True
110,short,8,5.0,3.0,10,2024-01-18 21:20:00,50329,5032,0.5486,53209,2024-01-19 21:20:00,Time_288,0.747356908494348,1077.9089506976143,12.5,0.002,134.73861883720178,6.164636391749809,6.164636391749809,1071.7443143058645,134.73861883720178,6.164636391749809,0.0460718359572989,0.012329272783499618,0.033742563173799284,1114.8587360039517,1114.8924785671254,11.489247856712549,1114.8924785671254,0.0,ACTIVE,True
111,short,62,5.0,1.0,2,2024-01-19 18:20:00,52841,5284,31.74,55721,2024-01-20 18:20:00,SL,-1.0,1104.1395767787983,12.5,0.002,138.0174470973498,138.0174470973498,138.0174470973498,545.1191117405567,0.0,559.0204650382416,-1.380174470973498,0.27603489419469956,-1.6562093651681975,1114.8924785671254,1113.2362692019572,11.323626920195707,1114.8924785671254,0.14855328177447513,ACTIVE,True
112,short,29,5.0,1.0,2,2024-01-20 11:20:00,54881,5488,32.25,57761,2024-01-21 11:20:00,SL,-1.0,1114.8924785671254,12.5,0.002,139.36155982089068,139.36155982089068,139.36155982089068,138.01744709734953,138.0174470973498,976.8750314697759,-1.3936155982089067,0.27872311964178137,-1.672338717850688,1113.2362692019572,1111.5639304841065,11.156393048410651,1114.8924785671254,0.2985532817744679,ACTIVE,True
113,short,4,6.0,2.5,8,2024-01-21 17:20:00,58487,5848,92.4,61367,2024-01-22 17:20:00,TP,6.0,1111.5639304841065,12.5,0.002,138.94549131051332,138.94549131051332,138.94549131051332,-2.8421709430404007e-13,0.0,1111.5639304841068,8.336729478630799,0.2778909826210266,8.058838496009772,1111.5639304841065,1119.6227689801162,11.962276898011615,1119.6227689801162,0.0,ACTIVE,True
114,short,28,5.0,1.5,1,2024-01-21 18:10:00,58580,5858,0.5127,61460,2024-01-22 18:10:00,TP,5.0,1111.5639304841065,12.5,0.002,138.94549131051332,138.94549131051332,138.94549131051332,138.94549131051303,0.0,972.6184391735935,6.9472745655256665,0.2778909826210266,6.66938358290464,1119.6227689801162,1126.2921525630209,12.629215256302096,1126.2921525630209,0.0,ACTIVE,True
115,short,42,8.0,2.5,5,2024-01-21 18:10:00,58584,5858,0.08661,61464,2024-01-22 18:10:00,Time_288,3.7178154947465654,1111.5639304841065,12.5,0.002,138.94549131051332,138.94549131051332,138.94549131051332,277.89098262102635,1.1368683772161603e-13,833.6729478630803,5.165737005194006,0.2778909826210266,4.88784602257298,1126.2921525630209,1131.179998585594,13.117999858559394,1131.179998585594,0.0,ACTIVE,True
116,short,19,6.0,1.75,5,2024-01-22 03:10:00,59664,5966,0.08336,62544,2024-01-23 03:10:00,SL,-1.75,1111.5639304841065,12.5,0.002,138.94549131051332,138.94549131051332,138.94549131051332,416.8364739315397,138.94549131051343,694.7274565525669,-2.431546097933983,0.2778909826210266,-2.7094370805550096,1131.179998585594,1128.4705615050389,12.847056150503878,1131.179998585594,0.23952307183144075,ACTIVE,True
117,short,38,2.0,1.5,1,2024-01-22 05:25:00,59930,5993,0.4971,62810,2024-01-23 05:25:00,TP,2.0,1111.5639304841065,12.5,0.002,138.94549131051332,138.94549131051332,138.94549131051332,555.781965242053,138.94549131051332,555.7819652420535,2.7789098262102665,0.2778909826210266,2.50101884358924,1128.4705615050389,1130.971580348628,13.0971580348628,1131.179998585594,0.01842485167934623,ACTIVE,True
118,short,6,8.0,3.0,7,2024-01-22 08:40:00,60326,6032,2398.48,63206,2024-01-23 08:40:00,Time_288,3.9354090924251977,1111.5639304841065,12.5,0.002,138.94549131051332,138.94549131051332,138.94549131051332,694.7274565525663,0.0,416.83647393154024,5.4680734985488035,0.2778909826210266,5.190182515927777,1130.971580348628,1136.1617628645558,13.616176286455595,1136.1617628645558,0.0,ACTIVE,True
119,short,6,8.0,3.0,7,2024-01-22 08:45:00,60336,6033,2403.98,63216,2024-01-23 08:45:00,Time_288,4.5923842960424,1111.5639304841065,12.5,0.002,138.94549131051332,138.94549131051332,138.94549131051332,833.6729478630796,138.94549131051332,277.890982621027,6.380910923002972,0.2778909826210266,6.103019940381945,1136.1617628645558,1142.2647828049378,14.22647828049377,1142.2647828049378,0.0,ACTIVE,True
120,short,30,2.5,2.5,7,2024-01-22 11:45:00,60696,6069,2386.53,63576,2024-01-23 11:45:00,TP,2.5,1111.5639304841065,12.5,0.002,138.94549131051332,138.94549131051332,138.94549131051332,972.6184391735928,277.89098262102664,138.94549131051372,3.4736372827628332,0.2778909826210266,3.1957463001418067,1142.2647828049378,1145.4605291050796,14.546052910507946,1145.4605291050796,0.0,ACTIVE,True
121,short,29,5.0,1.0,7,2024-01-22 20:55:00,61796,6179,2340.48,64676,2024-01-23 20:55:00,TP,5.0,1131.179998585594,12.5,0.002,141.39749982319924,141.39749982319924,141.39749982319924,694.7274565525663,416.83647393153996,436.4525420330276,7.0698749911599625,0.2827949996463985,6.787079991513564,1145.4605291050796,1152.2476090965931,15.224760909659318,1152.2476090965931,0.0,ACTIVE,True
122,short,42,8.0,2.5,5,2024-01-22 21:00:00,61804,6180,0.08174,64684,2024-01-23 21:00:00,Time_288,5.970149253731338,1131.179998585594,12.5,0.002,141.39749982319924,141.39749982319924,141.39749982319924,836.1249563757656,138.94549131051343,295.05504220982834,8.4416417804895,0.2827949996463985,8.1588467808431,1152.2476090965931,1160.4064558774362,16.04064558774363,1160.4064558774362,0.0,ACTIVE,True
123,short,74,8.0,2.5,2,2024-01-23 04:10:00,62661,6266,30.07,65541,2024-01-24 04:10:00,TP,8.0,1128.4705615050389,12.5,0.002,141.05882018812986,141.05882018812986,141.05882018812986,838.5769648884516,0.0,289.8935966165873,11.284705615050388,0.2821176403762597,11.002587974674128,1160.4064558774362,1171.4090438521102,17.14090438521103,1171.4090438521102,0.0,ACTIVE,True
124,short,5,2.5,1.0,6,2024-01-23 11:45:00,63575,6357,6.081,66455,2024-01-24 11:45:00,SL,-1.0,1142.2647828049378,12.5,0.002,142.78309785061722,142.78309785061722,142.78309785061722,562.7993111450417,5.684341886080802e-14,579.4654716598961,-1.4278309785061722,0.2855661957012345,-1.7133971742074068,1171.4090438521102,1169.695646677903,16.969564667790294,1171.4090438521102,0.1462680507035291,ACTIVE,True
125,short,5,2.5,1.0,6,2024-01-23 11:50:00,63585,6358,6.077,66465,2024-01-24 11:50:00,SL,-1.0,1145.4605291050796,12.5,0.002,143.18256613813494,143.18256613813494,143.18256613813494,566.6369176851456,142.78309785061728,578.823611419934,-1.4318256613813494,0.2863651322762699,-1.7181907936576193,1169.695646677903,1167.9774558842453,16.79774558842453,1171.4090438521102,0.292945319645168,ACTIVE,True
126,short,5,2.5,1.0,6,2024-01-23 11:55:00,63595,6359,6.098,66475,2024-01-24 11:55:00,SL,-1.0,1145.4605291050796,12.5,0.002,143.18256613813494,143.18256613813494,143.18256613813494,709.8194838232805,285.9656639887522,435.64104528179905,-1.4318256613813494,0.2863651322762699,-1.7181907936576193,1167.9774558842453,1166.2592650905876,16.625926509058765,1171.4090438521102,0.4396225885868069,ACTIVE,True
127,short,5,2.5,1.0,6,2024-01-23 12:00:00,63605,6360,6.135,66485,2024-01-24 12:00:00,TP,2.5,1145.4605291050796,12.5,0.002,143.18256613813494,143.18256613813494,143.18256613813494,853.0020499614154,429.14823012688714,292.45847914366414,3.579564153453374,0.2863651322762699,3.293199021177104,1166.2592650905876,1169.5524641117647,16.95524641117647,1171.4090438521102,0.1584911564486705,ACTIVE,True
128,short,32,5.0,1.25,7,2024-01-23 12:10:00,63626,6362,2214.88,66506,2024-01-24 12:10:00,SL,-1.25,1145.4605291050796,12.5,0.002,143.18256613813494,143.18256613813494,143.18256613813494,996.1846160995503,141.3974998231992,149.27591300552922,-1.789782076726687,0.2863651322762699,-2.076147209002957,1169.5524641117647,1167.4763169027617,16.747631690276176,1171.4090438521102,0.3357261897531533,ACTIVE,True
129,short,74,8.0,2.5,2,2024-01-23 16:45:00,64171,6417,28.89,67051,2024-01-24 16:45:00,SL,-2.5,1145.4605291050796,12.5,0.002,143.18256613813494,6.0933468673943025,6.0933468673943025,1139.3671822376853,141.05882018812986,6.0933468673943025,-0.15233367168485756,0.012186693734788605,-0.16452036541964618,1167.4763169027617,1167.3117965373422,16.73117965373421,1171.4090438521102,0.34977084531416325,ACTIVE,True
130,short,43,3.5,3.0,5,2024-01-24 08:00:00,66004,6600,0.0799,68884,2024-01-25 08:00:00,Time_288,2.1401752190237837,1171.4090438521102,12.5,0.002,146.42613048151378,146.42613048151378,146.42613048151378,721.6067092705512,8.526512829121202e-14,449.8023345815591,3.133775758740789,0.2928522609630276,2.8409234977777613,1167.3117965373422,1170.15272003512,17.015272003512006,1171.4090438521102,0.10724894293618746,ACTIVE,True
131,short,87,5.0,3.0,1,2024-01-25 08:30:00,68940,6894,0.4735,71820,2024-01-26 08:30:00,Time_288,0.7391763463569173,1170.15272003512,12.5,0.002,146.26909000439,146.26909000439,146.26909000439,2.842170943040401e-14,0.0,1170.15272003512,1.081186515343961,0.29253818000878,0.788648335335181,1170.15272003512,1170.9413683704552,17.094136837045525,1171.4090438521102,0.03992418225807398,ACTIVE,True
132,short,5,2.5,1.0,2,2024-01-25 16:20:00,69881,6988,29.87,72761,2024-01-26 16:20:00,SL,-1.0,1170.15272003512,12.5,0.002,146.26909000439,146.26909000439,146.26909000439,146.26909000439002,0.0,1023.8836300307299,-1.4626909000439,0.29253818000878,-1.75522908005268,1170.9413683704552,1169.1861392904025,16.918613929040237,1171.4090438521102,0.18976330884367024,ACTIVE,True
133,short,5,2.5,1.0,6,2024-01-25 16:20:00,69885,6988,6.402,72765,2024-01-26 16:20:00,SL,-1.0,1170.15272003512,12.5,0.002,146.26909000439,146.26909000439,146.26909000439,292.53818000878005,5.684341886080802e-14,877.6145400263399,-1.4626909000439,0.29253818000878,-1.75522908005268,1169.1861392904025,1167.4309102103498,16.74309102103497,1171.4090438521102,0.3396024354292665,ACTIVE,True
134,short,73,8.0,3.0,1,2024-01-25 17:00:00,69960,6996,0.4607,72840,2024-01-26 17:00:00,SL,-3.0,1170.15272003512,12.5,0.002,146.26909000439,146.26909000439,146.26909000439,438.80727001317007,146.26909000439,731.3454500219499,-4.3880727001316995,0.29253818000878,-4.680610880140479,1167.4309102103498,1162.7502993302094,16.275029933020946,1171.4090438521102,0.7391734396575167,ACTIVE,True
135,short,73,8.0,3.0,1,2024-01-25 17:10:00,69980,6998,0.4603,72860,2024-01-26 17:10:00,SL,-3.0,1170.15272003512,12.5,0.002,146.26909000439,146.26909000439,146.26909000439,585.0763600175601,292.53818000878,585.0763600175599,-4.3880727001316995,0.29253818000878,-4.680610880140479,1162.7502993302094,1158.069688450069,15.806968845006896,1171.4090438521102,1.1387444438857668,ACTIVE,True
136,short,5,2.5,1.0,1,2024-01-25 17:20:00,70000,7000,0.4628,72880,2024-01-26 17:20:00,SL,-1.0,1170.15272003512,12.5,0.002,146.26909000439,146.26909000439,146.26909000439,731.3454500219501,438.80727001316995,438.80727001316984,-1.4626909000439,0.29253818000878,-1.75522908005268,1158.069688450069,1156.3144593700163,15.631445937001631,1171.4090438521102,1.288583570471363,ACTIVE,True
137,short,5,2.5,1.0,1,2024-01-25 17:25:00,70010,7001,0.463,72890,2024-01-26 17:25:00,SL,-1.0,1170.15272003512,12.5,0.002,146.26909000439,146.26909000439,146.26909000439,877.6145400263401,585.07636001756,292.5381800087798,-1.4626909000439,0.29253818000878,-1.75522908005268,1156.3144593700163,1154.5592302899636,15.455923028996366,1171.4090438521102,1.4384226970569594,ACTIVE,True
138,short,5,2.5,1.0,1,2024-01-25 17:30:00,70020,7002,0.464,72900,2024-01-26 17:30:00,SL,-1.0,1170.15272003512,12.5,0.002,146.26909000439,146.2690900043898,146.2690900043898,1023.8836300307302,731.34545002195,146.2690900043898,-1.462690900043898,0.2925381800087796,-1.7552290800526775,1154.5592302899636,1152.804001209911,15.2804001209911,1171.4090438521102,1.5882618236425556,ACTIVE,True
139,short,91,2.0,1.0,2,2024-01-26 10:40:00,72081,7208,31.49,74961,2024-01-27 10:40:00,SL,-1.0,1170.9413683704552,12.5,0.002,146.3676710463069,146.3676710463069,146.3676710463069,1023.8836300307299,146.26909000439,147.05773833972523,-1.463676710463069,0.2927353420926138,-1.7564120525556828,1152.804001209911,1151.047589157355,15.104758915735506,1171.4090438521102,1.7382019373691775,ACTIVE,True
140,short,74,8.0,2.5,10,2024-01-26 20:10:00,73229,7322,0.5336,76109,2024-01-27 20:10:00,Time_288,0.6559220389805,1152.804001209911,12.5,0.002,144.10050015123886,144.10050015123886,144.10050015123886,146.36767104630678,0.0,1006.4363301636041,0.9451869387731046,0.28820100030247775,0.6569859384706268,1151.047589157355,1151.7045750958257,15.170457509582569,1171.4090438521102,1.682116836957955,ACTIVE,True
141,short,14,3.0,1.75,2,2024-01-26 22:40:00,73521,7352,32.24,76401,2024-01-27 22:40:00,SL,-1.75,1152.804001209911,12.5,0.002,144.10050015123886,144.10050015123886,144.10050015123886,290.46817119754564,146.36767104630692,862.3358300123652,-2.5217587526466803,0.28820100030247775,-2.8099597529491582,1151.7045750958257,1148.8946153428765,14.889461534287651,1171.4090438521102,1.9219954487628321,ACTIVE,True
142,short,29,5.0,1.0,7,2024-01-27 07:10:00,74546,7454,2263.67,77426,2024-01-28 07:10:00,SL,-1.0,1152.804001209911,12.5,0.002,144.10050015123886,144.10050015123886,144.10050015123886,434.5686713487845,0.0,718.2353298611264,-1.4410050015123888,0.28820100030247775,-1.7292060018148665,1148.8946153428765,1147.1654093410616,14.71654093410617,1171.4090438521102,2.069613056027369,ACTIVE,True
143,short,32,5.0,1.25,10,2024-01-27 08:50:00,74749,7474,0.5283,77629,2024-01-28 08:50:00,SL,-1.25,1152.804001209911,12.5,0.002,144.10050015123886,144.10050015123886,144.10050015123886,578.6691715000234,144.10050015123886,574.1348297098875,-1.8012562518904858,0.28820100030247775,-2.0894572521929637,1147.1654093410616,1145.0759520888687,14.507595208886869,1171.4090438521102,2.2479843314720123,ACTIVE,True
144,short,52,2.5,2.0,9,2024-01-27 15:35:00,75558,7555,0.11338,78438,2024-01-28 15:35:00,Time_288,1.0231081319456645,1151.047589157355,12.5,0.002,143.8809486446694,143.8809486446694,143.8809486446694,576.4020006049553,0.0,574.6455885523998,1.4720576859041778,0.28776189728933876,1.184295788614839,1145.0759520888687,1146.2602478774836,14.62602478774837,1171.4090438521102,2.146884225165813,ACTIVE,True
145,short,85,3.5,1.0,10,2024-01-27 15:55:00,75599,7559,0.5299,78479,2024-01-28 15:55:00,SL,-1.0,1151.047589157355,12.5,0.002,143.8809486446694,143.8809486446694,143.8809486446694,720.2829492496247,288.2010003024777,430.7646399077304,-1.4388094864466938,0.28776189728933876,-1.7265713837360326,1146.2602478774836,1144.5336764937476,14.453367649374771,1171.4090438521102,2.2942769222597543,ACTIVE,True
146,short,85,3.5,1.0,10,2024-01-27 22:50:00,76429,7642,0.5306,79309,2024-01-28 22:50:00,Time_288,1.413494157557473,1148.8946153428765,12.5,0.002,143.61182691785956,143.61182691785956,143.61182691785956,575.9628975918164,287.98144879590825,572.9317177510601,2.0299447830454955,0.28722365383571913,1.7427211292097764,1144.5336764937476,1146.2763976229573,14.627639762295729,1171.4090438521102,2.1455055653749824,ACTIVE,True
147,short,52,2.5,2.0,5,2024-01-28 13:55:00,78234,7823,0.07975,81114,2024-01-29 13:55:00,SL,-2.0,1145.0759520888687,12.5,0.002,143.1344940111086,143.1344940111086,143.1344940111086,431.37372420719817,8.526512829121202e-14,713.7022278816705,-2.8626898802221716,0.2862689880222172,-3.1489588682443888,1146.2763976229573,1143.127438754713,14.312743875471302,1171.4090438521102,2.4143236084634303,ACTIVE,True
148,short,34,2.0,2.0,10,2024-01-28 14:15:00,78279,7827,0.5309,81159,2024-01-29 14:15:00,Time_288,1.337351666980598,1145.0759520888687,12.5,0.002,143.1344940111086,143.1344940111086,143.1344940111086,574.5082182183068,287.49277556252895,570.5677338705619,1.9142115416818049,0.2862689880222172,1.6279425536595877,1143.127438754713,1144.7553813083725,14.475538130837261,1171.4090438521102,2.2753505859992935,ACTIVE,True
149,short,49,3.5,1.0,8,2024-01-28 18:25:00,78777,7877,95.46,81657,2024-01-29 18:25:00,SL,-1.0,1144.5336764937476,12.5,0.002,143.06670956171845,143.06670956171845,143.06670956171845,429.88081494007656,0.0,714.6528615536711,-1.4306670956171845,0.2861334191234369,-1.7168005147406213,1144.7553813083725,1143.0385807936318,14.303858079363184,1171.4090438521102,2.4219091706159124,ACTIVE,True
150,short,44,3.0,1.0,8,2024-01-28 18:35:00,78797,7879,95.79,81677,2024-01-29 18:35:00,SL,-1.0,1144.5336764937476,12.5,0.002,143.06670956171845,143.06670956171845,143.06670956171845,572.947524501795,143.06670956171845,571.5861519919526,-1.4306670956171845,0.2861334191234369,-1.7168005147406213,1143.0385807936318,1141.321780278891,14.132178027889108,1171.4090438521102,2.568467755232532,ACTIVE,True
151,short,87,5.0,3.0,6,2024-01-29 20:00:00,81845,8184,7.114,84725,2024-01-30 20:00:00,Time_288,1.3916221535001434,1141.321780278891,12.5,0.002,142.66522253486139,142.66522253486139,142.66522253486139,-2.8421709430404007e-13,5.684341886080802e-14,1141.3217802788913,1.9853608421354099,0.28533044506972277,1.7000303970656871,1141.321780278891,1143.0218106759567,14.302181067595665,1171.4090438521102,2.423340789892131,ACTIVE,True
152,short,62,5.0,1.0,2,2024-01-30 14:50:00,84101,8410,35.93,86981,2024-01-31 14:50:00,SL,-1.0,1141.321780278891,12.5,0.002,142.66522253486139,142.66522253486139,142.66522253486139,142.6652225348611,0.0,998.65655774403,-1.4266522253486138,0.28533044506972277,-1.7119826704183365,1143.0218106759567,1141.3098280055383,14.130982800553827,1171.4090438521102,2.5694880882592845,ACTIVE,True
153,short,7,3.0,2.0,9,2024-01-30 14:55:00,84118,8411,0.11202,86998,2024-01-31 14:55:00,Time_288,-0.32137118371719264,1141.321780278891,12.5,0.002,142.66522253486139,142.66522253486139,142.66522253486139,285.3304450697225,0.0,855.9913352091686,-0.4584849144130511,0.28533044506972277,-0.7438153594827739,1141.3098280055383,1140.5660126460555,14.05660126460555,1171.4090438521102,2.6329855798815816,ACTIVE,True
154,short,31,2.5,2.0,10,2024-01-31 00:35:00,85279,8527,0.5089,88159,2024-02-01 00:35:00,TP,2.5,1143.0218106759567,12.5,0.002,142.87772633449458,142.87772633449458,142.87772633449458,285.3304450697225,0.0,857.6913656062342,3.5719431583623646,0.28575545266898916,3.2861877056933757,1140.5660126460555,1143.852200351749,14.385220035174884,1171.4090438521102,2.352452684652514,ACTIVE,True
155,short,46,3.0,2.0,4,2024-01-31 01:05:00,85333,8533,42914.6,88213,2024-02-01 01:05:00,Time_288,1.3365148457634413,1143.0218106759567,12.5,0.002,142.87772633449458,142.87772633449458,142.87772633449458,428.20817140421707,0.0,714.8136392717396,1.909582023749782,0.28575545266898916,1.6238265710807929,1143.852200351749,1145.4760269228298,14.547602692282968,1171.4090438521102,2.2138310324121515,ACTIVE,True
156,short,4,6.0,2.5,7,2024-01-31 11:55:00,86636,8663,2300.18,89516,2024-02-01 11:55:00,Time_288,1.4572772565625292,1143.0218106759567,12.5,0.002,142.87772633449458,142.87772633449458,142.87772633449458,571.0858977387117,0.0,571.935912937245,2.082124610566241,0.28575545266898916,1.7963691578972518,1145.4760269228298,1147.272396080727,14.727239608072695,1171.4090438521102,2.0604798894168717,ACTIVE,True
157,short,7,3.0,2.0,3,2024-01-31 12:20:00,86682,8668,303.3,89562,2024-02-01 12:20:00,Time_288,1.3517969007583326,1143.0218106759567,12.5,0.002,142.87772633449458,142.87772633449458,142.87772633449458,713.9636240732062,0.0,429.0581866027504,1.9314166764636698,0.28575545266898916,1.6456612237946806,1147.272396080727,1148.9180573045217,14.891805730452168,1171.4090438521102,1.9199942723361854,ACTIVE,True
158,short,38,2.0,1.5,3,2024-01-31 12:25:00,86692,8669,303.8,89572,2024-02-01 12:25:00,TP,2.0,1143.0218106759567,12.5,0.002,142.87772633449458,142.87772633449458,142.87772633449458,856.8413504077008,142.87772633449458,286.18046026825584,2.8575545266898916,0.28575545266898916,2.5717990740209027,1148.9180573045217,1151.4898563785425,15.148985637854251,1171.4090438521102,1.7004467891134454,ACTIVE,True
159,short,29,5.0,1.0,7,2024-01-31 22:35:00,87916,8791,2282.61,90796,2024-02-01 22:35:00,SL,-1.0,1140.5660126460555,12.5,0.002,142.57075158075693,142.57075158075693,142.57075158075693,714.3886316724726,142.87772633449458,426.1773809735829,-1.4257075158075694,0.2851415031615139,-1.7108490189690833,1151.4898563785425,1149.7790073595734,14.977900735957327,1171.4090438521102,1.846497310743629,ACTIVE,True
160,short,23,2.5,2.0,2,2024-01-31 23:05:00,87971,8797,33.48,90851,2024-02-01 23:05:00,TP,2.5,1140.5660126460555,12.5,0.002,142.57075158075693,142.57075158075693,142.57075158075693,856.9593832532295,0.0,283.606629392826,3.5642687895189233,0.2851415031615139,3.2791272863574097,1149.7790073595734,1153.0581346459307,15.305813464593076,1171.4090438521102,1.5665671442857914,ACTIVE,True
161,short,63,6.0,2.5,6,2024-01-31 23:15:00,87995,8799,6.665,90875,2024-02-01 23:15:00,Time_288,-1.5753938484621084,1140.5660126460555,12.5,0.002,142.57075158075693,141.0358778120691,141.0358778120691,999.5301348339864,5.684341886080802e-14,141.0358778120691,-2.2218705431758723,0.28207175562413817,-2.5039422988000104,1153.0581346459307,1150.5541923471308,15.055419234713074,1171.4090438521102,1.7803218794008553,ACTIVE,True
162,short,43,3.5,3.0,7,2024-02-01 00:50:00,88186,8818,2282.36,91066,2024-02-02 00:50:00,Time_288,-1.23556318897982,1143.852200351749,12.5,0.002,142.98152504396862,142.98152504396862,142.98152504396862,997.6882863115609,285.4484779152515,146.16391404018805,-1.7666270904852386,0.28596305008793726,-2.0525901405731757,1150.5541923471308,1148.5016022065577,14.850160220655773,1171.4090438521102,1.9555459099259467,ACTIVE,True
163,short,29,5.0,1.0,3,2024-02-01 02:50:00,88422,8842,298.1,91302,2024-02-02 02:50:00,SL,-1.0,1145.4760269228298,12.5,0.002,143.18450336535372,143.18450336535372,143.18450336535372,997.7920850210348,285.75545266898916,147.68394190179492,-1.4318450336535373,0.2863690067307074,-1.7182140403842447,1148.5016022065577,1146.7833881661734,14.67833881661733,1171.4090438521102,2.102225163377332,ACTIVE,True
164,short,29,5.0,1.0,3,2024-02-01 02:55:00,88432,8843,298.3,91312,2024-02-02 02:55:00,SL,-1.0,1145.4760269228298,12.5,0.002,143.18450336535372,4.4994385364411755,4.4994385364411755,1140.9765883863886,428.9399560343429,4.4994385364411755,-0.044994385364411756,0.008998877072882352,-0.053993262437294104,1146.7833881661734,1146.7293949037362,14.672939490373626,1171.4090438521102,2.1068344211528767,ACTIVE,True
165,short,87,5.0,3.0,6,2024-02-02 08:20:00,91965,9196,6.875,94845,2024-02-03 08:20:00,Time_288,-0.0,1146.7293949037362,12.5,0.002,143.34117436296702,143.34117436296702,143.34117436296702,-3.979039320256561e-13,5.684341886080802e-14,1146.7293949037366,-0.0,0.28668234872593407,-0.28668234872593407,1146.7293949037362,1146.4427125550103,14.644271255501028,1171.4090438521102,2.1313077125475846,ACTIVE,True
166,short,98,2.5,1.0,8,2024-02-03 08:05:00,94817,9481,99.23,97697,2024-02-04 08:05:00,TP,2.5,1146.7293949037362,12.5,0.002,143.34117436296702,143.34117436296702,143.34117436296702,143.34117436296663,0.0,1003.3882205407696,3.5835293590741757,0.28668234872593407,3.2968470103482415,1146.4427125550103,1149.7395595653586,14.973955956535857,1171.4090438521102,1.849864861508394,ACTIVE,True
167,short,28,5.0,1.5,8,2024-02-03 08:10:00,94827,9482,99.3,97707,2024-02-04 08:10:00,Time_288,2.7995971802618342,1146.7293949037362,12.5,0.002,143.34117436296702,143.34117436296702,143.34117436296702,286.68234872593365,143.34117436296702,860.0470461778025,4.0129754756198235,0.28668234872593407,3.7262931268938893,1149.7395595653586,1153.4658526922524,15.346585269225233,1171.4090438521102,1.5317613650013087,ACTIVE,True
168,short,98,2.5,1.0,8,2024-02-03 08:15:00,94837,9483,99.17,97717,2024-02-04 08:15:00,TP,2.5,1146.7293949037362,12.5,0.002,143.34117436296702,143.34117436296702,143.34117436296702,430.0235230889007,286.68234872593405,716.7058718148355,3.5835293590741757,0.28668234872593407,3.2968470103482415,1153.4658526922524,1156.7626997026007,15.676269970260059,1171.4090438521102,1.250318513962118,ACTIVE,True
169,short,65,2.5,1.25,7,2024-02-03 09:55:00,95036,9503,2315.11,97916,2024-02-04 09:55:00,Time_288,0.5062394443460679,1146.4427125550103,12.5,0.002,143.3053390693763,143.3053390693763,143.3053390693763,430.0235230889006,0.0,716.4191894661096,0.725468152223059,0.2866106781387526,0.4388574740843065,1156.7626997026007,1157.201557176685,15.720155717668494,1171.4090438521102,1.2128544465308935,ACTIVE,True
170,short,74,8.0,2.5,2,2024-02-03 19:30:00,96181,9618,36.4,99061,2024-02-04 19:30:00,Time_288,2.5824175824175764,1146.4427125550103,12.5,0.002,143.3053390693763,143.3053390693763,143.3053390693763,573.3288621582769,0.0,573.1138503967334,3.7007422726706976,0.2866106781387526,3.414131594531945,1157.201557176685,1160.6156887712168,16.06156887712169,1171.4090438521102,0.921399329938594,ACTIVE,True
171,short,63,6.0,2.5,7,2024-02-04 08:25:00,97736,9773,2291.1,100616,2024-02-05 08:25:00,Time_288,-1.078084762777717,1156.7626997026007,12.5,0.002,144.59533746282509,144.59533746282509,144.59533746282509,286.6106781387522,143.3053390693763,870.1520215638485,-1.5588603008737372,0.2891906749256502,-1.8480509757993873,1160.6156887712168,1158.7676377954174,15.876763779541747,1171.4090438521102,1.0791624089841694,ACTIVE,True
172,short,29,5.0,1.0,7,2024-02-04 08:30:00,97746,9774,2292.18,100626,2024-02-05 08:30:00,SL,-1.0,1156.7626997026007,12.5,0.002,144.59533746282509,144.59533746282509,144.59533746282509,431.2060156015773,287.9006765322014,725.5566841010234,-1.445953374628251,0.2891906749256502,-1.735144049553901,1158.7676377954174,1157.0324937458636,15.70324937458636,1171.4090438521102,1.2272869312132184,ACTIVE,True
173,short,8,5.0,3.0,1,2024-02-04 08:55:00,97790,9779,0.5035,100670,2024-02-05 08:55:00,Time_288,0.4766633565044604,1156.7626997026007,12.5,0.002,144.59533746282509,144.59533746282509,144.59533746282509,575.8013530644024,0.0,580.9613466381983,0.6892329888992536,0.2891906749256502,0.40004231397360335,1157.0324937458636,1157.4325360598373,15.743253605983721,1171.4090438521102,1.1931364082961182,ACTIVE,True
174,short,8,5.0,3.0,1,2024-02-04 09:00:00,97800,9780,0.5035,100680,2024-02-05 09:00:00,Time_288,0.5362462760675124,1156.7626997026007,12.5,0.002,144.59533746282509,144.59533746282509,144.59533746282509,720.3966905272275,144.59533746282509,436.36600917537316,0.7753871125116522,0.2891906749256502,0.48619643758600195,1157.4325360598373,1157.9187324974232,15.791873249742316,1171.4090438521102,1.1516311424679577,ACTIVE,True
175,short,85,3.5,1.0,10,2024-02-04 09:10:00,97829,9782,0.5107,100709,2024-02-05 09:10:00,Time_288,1.3706677109849237,1156.7626997026007,12.5,0.002,144.59533746282509,144.59533746282509,144.59533746282509,864.9920279900526,0.0,291.77067171254805,1.9819216021926302,0.2891906749256502,1.6927309272669802,1157.9187324974232,1159.61146342469,15.961146342469013,1171.4090438521102,1.0071273129857772,ACTIVE,True
176,short,21,3.5,1.0,5,2024-02-04 15:30:00,98584,9858,0.07916,101464,2024-02-05 15:30:00,SL,-1.0,1157.201557176685,12.5,0.002,144.6501946470856,144.6501946470856,144.6501946470856,866.2820263835015,8.526512829121202e-14,290.9195307931834,-1.4465019464708562,0.28930038929417123,-1.7358023357650274,1159.61146342469,1157.875661088925,15.787566108892491,1171.4090438521102,1.1553080313159896,ACTIVE,True
177,short,52,2.5,2.0,4,2024-02-04 20:45:00,99213,9921,42738.72,102093,2024-02-05 20:45:00,Time_288,0.7662138688290178,1160.6156887712168,12.5,0.002,145.0769610964021,145.0769610964021,145.0769610964021,867.6268819612109,0.0,292.98880681000594,1.1115997963963116,0.2901539221928042,0.8214458742035073,1157.875661088925,1158.6971069631286,15.869710696312866,1171.4090438521102,1.0851834340615292,ACTIVE,True
178,short,29,5.0,1.0,5,2024-02-05 00:10:00,99624,9962,0.07849,102504,2024-02-06 00:10:00,SL,-1.0,1160.6156887712168,12.5,0.002,145.0769610964021,145.0769610964021,145.0769610964021,1012.703843057613,144.6501946470857,147.91184571360384,-1.4507696109640211,0.2901539221928042,-1.7409235331568254,1158.6971069631286,1156.9561834299718,15.695618342997175,1171.4090438521102,1.233801335066617,ACTIVE,True
179,short,38,2.0,1.5,10,2024-02-05 00:25:00,99659,9965,0.504,102539,2024-02-06 00:25:00,SL,-1.5,1160.6156887712168,12.5,0.002,145.0769610964021,2.8348846172016238,2.8348846172016238,1157.7808041540152,144.59533746282509,2.8348846172016238,-0.042523269258024354,0.0056697692344032475,-0.0481930384924276,1156.9561834299718,1156.9079903914794,15.69079903914794,1171.4090438521102,1.2379154435196233,ACTIVE,True
180,short,59,3.0,1.75,2,2024-02-05 16:50:00,101621,10162,34.77,104501,2024-02-06 16:50:00,TP,3.0,1157.875661088925,12.5,0.002,144.73445763611562,144.73445763611562,144.73445763611562,292.9888068100056,0.0,864.8868542789194,4.342033729083468,0.28946891527223123,4.0525648138112365,1156.9079903914794,1160.9605552052906,16.096055520529063,1171.4090438521102,0.8919590216292359,ACTIVE,True
181,short,29,5.0,1.0,2,2024-02-05 16:55:00,101631,10163,34.77,104511,2024-02-06 16:55:00,Time_288,1.8406672418751813,1157.875661088925,12.5,0.002,144.73445763611562,144.73445763611562,144.73445763611562,437.7232644461212,144.73445763611562,720.1523966428038,2.664079749413692,0.28946891527223123,2.374610834141461,1160.9605552052906,1163.3351660394321,16.33351660394322,1171.4090438521102,0.6892449614464,ACTIVE,True
182,short,29,5.0,1.0,2,2024-02-05 17:00:00,101641,10164,34.7,104521,2024-02-06 17:00:00,Time_288,1.5561959654178854,1157.875661088925,12.5,0.002,144.73445763611562,144.73445763611562,144.73445763611562,582.4577220822368,289.46891527223124,575.4179390066881,2.25235179030269,0.28946891527223123,1.9628828750304588,1163.3351660394321,1165.2980489144625,16.529804891446243,1171.4090438521102,0.521678995882781,ACTIVE,True
183,short,64,5.0,1.25,2,2024-02-05 17:25:00,101691,10169,34.74,104571,2024-02-06 17:25:00,Time_288,1.6407599309153722,1157.875661088925,12.5,0.002,144.73445763611562,144.73445763611562,144.73445763611562,727.1921797183525,434.20337290834686,430.6834813705725,2.374744987121069,0.28946891527223123,2.085276071848838,1165.2980489144625,1167.3833249863112,16.738332498631124,1171.4090438521102,0.3436646564175989,ACTIVE,True
184,short,4,6.0,2.5,6,2024-02-05 17:30:00,101705,10170,6.798,104585,2024-02-06 17:30:00,Time_288,0.8090614886731349,1157.875661088925,12.5,0.002,144.73445763611562,144.73445763611562,144.73445763611562,871.9266373544681,5.684341886080802e-14,285.9490237344569,1.1709907575737448,0.28946891527223123,0.8815218423015136,1167.3833249863112,1168.2648468286127,16.826484682861278,1171.4090438521102,0.26841153737024653,ACTIVE,True
185,short,29,5.0,1.0,5,2024-02-05 17:30:00,101704,10170,0.07881,104584,2024-02-06 17:30:00,Time_288,-0.05075498033244304,1157.875661088925,12.5,0.002,144.73445763611562,141.21456609834127,141.21456609834127,1016.6610949905837,145.0769610964022,141.21456609834127,-0.0716734252497579,0.28242913219668253,-0.3541025574464404,1168.2648468286127,1167.9107442711663,16.791074427116627,1171.4090438521102,0.2986403083793828,ACTIVE,True
186,short,9,2.5,1.5,5,2024-02-05 22:50:00,102344,10234,0.07812,105224,2024-02-06 22:50:00,Time_288,-0.7808499743983608,1158.6971069631286,12.5,0.002,144.83713837039107,144.83713837039107,144.83713837039107,1012.7986999925229,286.2915271947435,145.89840697060572,-1.130960757884517,0.28967427674078217,-1.4206350346252994,1167.9107442711663,1166.490109236541,16.649010923654096,1171.4090438521102,0.4199160524997837,ACTIVE,True
187,short,85,3.5,1.0,10,2024-02-06 03:35:00,102919,10291,0.5064,105799,2024-02-07 03:35:00,Time_288,0.375197472353873,1156.9079903914794,12.5,0.002,144.61349879893493,144.61349879893493,144.61349879893493,1009.7239926493103,0.0,147.18399774216914,0.5425861921761024,0.28922699759786985,0.2533591945782325,1166.490109236541,1166.7434684311193,16.67434684311193,1171.4090438521102,0.39828746802641357,ACTIVE,True
188,short,36,8.0,2.5,1,2024-02-07 05:30:00,106020,10602,0.4882,108900,2024-02-08 05:30:00,SL,-2.5,1166.7434684311193,12.5,0.002,145.8429335538899,145.8429335538899,145.8429335538899,-2.2737367544323206e-13,0.0,1166.7434684311195,-3.646073338847248,0.29168586710777983,-3.937759205955028,1166.7434684311193,1162.8057092251643,16.280570922516425,1171.4090438521102,0.7344432478218211,ACTIVE,True
189,short,52,2.5,2.0,1,2024-02-07 05:35:00,106030,10603,0.489,108910,2024-02-08 05:35:00,TP,2.5,1166.7434684311193,12.5,0.002,145.8429335538899,145.8429335538899,145.8429335538899,145.84293355388968,145.8429335538899,1020.9005348772296,3.646073338847248,0.29168586710777983,3.354387471739468,1162.8057092251643,1166.1600966969038,16.616009669690392,1171.4090438521102,0.4480883242923919,ACTIVE,True
190,short,67,3.5,2.5,1,2024-02-07 05:45:00,106050,10605,0.4909,108930,2024-02-08 05:45:00,TP,3.5,1166.7434684311193,12.5,0.002,145.8429335538899,145.8429335538899,145.8429335538899,291.6858671077796,291.6858671077798,875.0576013233397,5.104502674386147,0.29168586710777983,4.8128168072783675,1166.1600966969038,1170.972913504182,17.097291350418196,1171.4090438521102,0.037231260098006994,ACTIVE,True
191,short,8,5.0,3.0,7,2024-02-07 06:40:00,106166,10616,2362.89,109046,2024-02-08 06:40:00,SL,-3.0,1166.7434684311193,12.5,0.002,145.8429335538899,145.8429335538899,145.8429335538899,437.5288006616695,5.684341886080802e-14,729.2146677694498,-4.375288006616697,0.29168586710777983,-4.666973873724476,1170.972913504182,1166.3059396304577,16.630593963045783,1171.4090438521102,0.4356381102258925,ACTIVE,True
192,short,9,2.5,1.5,1,2024-02-07 09:30:00,106500,10650,0.4826,109380,2024-02-08 09:30:00,SL,-1.5,1166.7434684311193,12.5,0.002,145.8429335538899,145.8429335538899,145.8429335538899,583.3717342155594,437.5288006616697,583.3717342155599,-2.1876440033083484,0.29168586710777983,-2.4793298704161284,1166.3059396304577,1163.8266097600415,16.38266097600416,1171.4090438521102,0.6472917493563445,ACTIVE,True
193,short,88,3.0,3.0,7,2024-02-07 18:40:00,107606,10760,2411.38,110486,2024-02-08 18:40:00,Time_288,-0.6817672867818451,1166.7434684311193,12.5,0.002,145.8429335538899,145.8429335538899,145.8429335538899,729.2146677694493,145.84293355388996,437.52880066166995,-0.9943094110534043,0.29168586710777983,-1.285995278161184,1163.8266097600415,1162.5406144818803,16.25406144818804,1171.4090438521102,0.7570736641290237,ACTIVE,True
194,short,52,2.5,2.0,9,2024-02-08 09:30:00,109388,10938,0.12198,112268,2024-02-09 09:30:00,Time_288,-0.5328742416789619,1163.8266097600415,12.5,0.002,145.4783262200052,145.4783262200052,145.4783262200052,145.84293355388968,0.0,1017.9836762061518,-0.775216527652099,0.2909566524400104,-1.0661731800921095,1162.5406144818803,1161.4744413017881,16.147444130178812,1171.4090438521102,0.8480899650264554,ACTIVE,True
195,short,7,3.0,2.0,9,2024-02-08 09:40:00,109408,10940,0.1222,112288,2024-02-09 09:40:00,Time_288,-0.441898527004909,1163.8266097600415,12.5,0.002,145.4783262200052,145.4783262200052,145.4783262200052,291.3212597738949,145.4783262200052,872.5053499861466,-0.6428665806775993,0.2909566524400104,-0.9338232331176097,1161.4744413017881,1160.5406180686705,16.05406180686706,1171.4090438521102,0.9278079113765058,ACTIVE,True
196,short,7,3.0,2.0,9,2024-02-08 09:50:00,109428,10942,0.12211,112308,2024-02-09 09:50:00,Time_288,-0.4258455490950836,1163.8266097600415,12.5,0.002,145.4783262200052,145.4783262200052,145.4783262200052,436.7995859939001,290.9566524400104,727.0270237661414,-0.619512977105918,0.2909566524400104,-0.9104696295459285,1160.5406180686705,1159.6301484391245,15.963014843912449,1171.4090438521102,1.0055322241880227,ACTIVE,True
197,short,9,2.5,1.5,5,2024-02-08 11:45:00,109654,10965,0.07987,112534,2024-02-09 11:45:00,SL,-1.5,1163.8266097600415,12.5,0.002,145.4783262200052,145.4783262200052,145.4783262200052,582.2779122139053,1.1368683772161603e-13,581.5486975461362,-2.1821748933000777,0.2909566524400104,-2.473131545740088,1159.6301484391245,1157.1570168933845,15.715701689338445,1171.4090438521102,1.216656729220632,ACTIVE,True
198,short,80,5.0,1.75,5,2024-02-08 12:05:00,109694,10969,0.07996,112574,2024-02-09 12:05:00,SL,-1.75,1163.8266097600415,12.5,0.002,145.4783262200052,145.4783262200052,145.4783262200052,727.7562384339105,145.4783262200053,436.07037132613095,-2.545870708850091,0.2909566524400104,-2.8368273612901014,1157.1570168933845,1154.3201895320944,15.432018953209447,1171.4090438521102,1.4588289555815703,ACTIVE,True
199,short,9,2.5,1.5,5,2024-02-08 12:30:00,109744,10974,0.07988,112624,2024-02-09 12:30:00,SL,-1.5,1163.8266097600415,12.5,0.002,145.4783262200052,145.4783262200052,145.4783262200052,873.2345646539158,290.9566524400105,290.59204510612574,-2.1821748933000777,0.2909566524400104,-2.473131545740088,1154.3201895320944,1151.8470579863545,15.184705798635445,1171.4090438521102,1.6699534606141795,ACTIVE,True
200,short,9,2.5,1.5,5,2024-02-08 12:50:00,109784,10978,0.07979,112664,2024-02-09 12:50:00,SL,-1.5,1163.8266097600415,12.5,0.002,145.4783262200052,145.11371888612052,145.11371888612052,1018.712890873921,436.43497866001564,145.11371888612052,-2.176705783291808,0.290227437772241,-2.466933221064049,1151.8470579863545,1149.3801247652905,14.938012476529039,1171.4090438521102,1.8805488315489658,ACTIVE,True
201,short,8,5.0,3.0,8,2024-02-08 19:25:00,110577,11057,102.34,113457,2024-02-09 19:25:00,SL,-3.0,1162.5406144818803,12.5,0.002,145.31757681023504,144.55693827572873,144.55693827572873,1017.9836762061516,0.0,144.55693827572873,-4.336708148271861,0.2891138765514575,-4.625822024823319,1149.3801247652905,1144.7543027404672,14.475430274046719,1171.4090438521102,2.2754426604041296,ACTIVE,True
202,short,5,2.5,1.0,3,2024-02-09 12:15:00,112592,11259,324.7,115472,2024-02-10 12:15:00,Time_288,1.201108715737597,1154.3201895320944,12.5,0.002,144.2900236915118,144.2900236915118,144.2900236915118,435.14898338185424,2.842170943040401e-14,719.1712061502402,1.733080050498592,0.2885800473830236,1.4445000031155684,1144.7543027404672,1146.1988027435827,14.619880274358277,1171.4090438521102,2.1521296289146865,ACTIVE,True
203,short,5,2.5,1.0,3,2024-02-09 12:20:00,112602,11260,324.1,115482,2024-02-10 12:20:00,Time_288,0.9564949089787173,1154.3201895320944,12.5,0.002,144.2900236915118,144.2900236915118,144.2900236915118,579.439007073366,144.29002369151183,574.8811824587284,1.3801267307734955,0.2885800473830236,1.091546683390472,1146.1988027435827,1147.2903494269733,14.729034942697329,1171.4090438521102,2.0589472611397994,ACTIVE,True
204,short,5,2.5,1.0,3,2024-02-09 12:25:00,112612,11261,324.2,115492,2024-02-10 12:25:00,Time_288,0.9561998766193602,1154.3201895320944,12.5,0.002,144.2900236915118,144.2900236915118,144.2900236915118,723.7290307648778,288.5800473830236,430.5911587672166,1.3797010285122815,0.2885800473830236,1.091120981129258,1147.2903494269733,1148.3814704081026,14.838147040810256,1171.4090438521102,1.9658012344076519,ACTIVE,True
205,short,5,2.5,1.0,3,2024-02-09 12:30:00,112622,11262,324.1,115502,2024-02-10 12:30:00,Time_288,1.0490589324282733,1154.3201895320944,12.5,0.002,144.2900236915118,144.2900236915118,144.2900236915118,868.0190544563897,432.8700710745354,286.3011350757048,1.5136873821386763,0.2885800473830236,1.2251073347556527,1148.3814704081026,1149.6065777428582,14.960657774285814,1171.4090438521102,1.8612171575486451,ACTIVE,True
206,short,5,2.5,1.0,3,2024-02-09 12:35:00,112632,11263,324.9,115512,2024-02-10 12:35:00,Time_288,1.2619267466912791,1151.8470579863545,12.5,0.002,143.9808822482943,143.9808822482943,143.9808822482943,866.8307519278962,577.1600947660472,285.0163060584582,1.8169332632133017,0.2879617644965886,1.5289714987167131,1149.6065777428582,1151.1355492415748,15.11355492415749,1171.4090438521102,1.7306930245191896,ACTIVE,True
207,short,6,8.0,3.0,6,2024-02-10 11:00:00,115325,11532,7.099,118205,2024-02-11 11:00:00,SL,-3.0,1144.7543027404672,12.5,0.002,143.0942878425584,143.0942878425584,143.0942878425584,721.1409770143413,5.684341886080802e-14,423.61332572612594,-4.292828635276752,0.2861885756851168,-4.579017210961869,1151.1355492415748,1146.556532030613,14.655653203061302,1171.4090438521102,2.1215912538775727,ACTIVE,True
208,short,8,5.0,3.0,2,2024-02-10 11:10:00,115341,11534,38.68,118221,2024-02-11 11:10:00,SL,-3.0,1144.7543027404672,12.5,0.002,143.0942878425584,143.0942878425584,143.0942878425584,864.2352648568997,0.0,280.51903788356753,-4.292828635276752,0.2861885756851168,-4.579017210961869,1146.556532030613,1141.977514819651,14.197751481965115,1171.4090438521102,2.512489483235956,ACTIVE,True
209,short,4,6.0,2.5,2,2024-02-10 12:20:00,115481,11548,38.67,118361,2024-02-11 12:20:00,SL,-2.5,1146.1988027435827,12.5,0.002,143.27485034294784,143.27485034294784,143.27485034294784,863.0395290079463,143.0942878425584,283.1592737356365,-3.5818712585736963,0.2865497006858957,-3.868420959259592,1141.977514819651,1138.1090938603916,13.81090938603915,1171.4090438521102,2.8427260457383645,ACTIVE,True
210,short,4,6.0,2.5,2,2024-02-10 12:30:00,115501,11550,38.54,118381,2024-02-11 12:30:00,SL,-2.5,1148.3814704081026,12.5,0.002,143.54768380101282,143.54768380101282,143.54768380101282,717.7343319678705,286.36913818550624,430.6471384402321,-3.588692095025321,0.28709536760202564,-3.8757874626273465,1138.1090938603916,1134.2333063977642,13.42333063977641,1171.4090438521102,3.173591466572242,ACTIVE,True
211,short,74,8.0,2.5,2,2024-02-10 23:05:00,116771,11677,40.67,119651,2024-02-11 23:05:00,Time_288,2.630931890828621,1151.1355492415748,12.5,0.002,143.89194365519685,143.89194365519685,143.89194365519685,573.0111098290772,429.91682198651904,578.1244394124976,3.7856990339577243,0.2877838873103937,3.4979151466473306,1134.2333063977642,1137.7312215444115,13.773122154441154,1171.4090438521102,2.8749839763018397,ACTIVE,True
212,short,87,5.0,3.0,10,2024-02-11 10:40:00,118169,11816,0.5322,121049,2024-02-12 10:40:00,Time_288,2.5742202179631803,1151.1355492415748,12.5,0.002,143.89194365519685,143.89194365519685,143.89194365519685,716.9030534842741,0.0,434.23249575730074,3.704095505592265,0.2877838873103937,3.4163116182818714,1137.7312215444115,1141.1475331626934,14.114753316269347,1171.4090438521102,2.583342757018812,ACTIVE,True
213,short,74,8.0,2.5,10,2024-02-11 11:00:00,118209,11820,0.534,121089,2024-02-12 11:00:00,Time_288,3.501872659176039,1146.556532030613,12.5,0.002,143.31956650382662,143.31956650382662,143.31956650382662,717.7007092969126,143.89194365519685,428.8558227337004,5.018868714647125,0.28663913300765326,4.732229581639472,1141.1475331626934,1145.879762744333,14.58797627443329,1171.4090438521102,2.1793652048157064,ACTIVE,True
214,short,8,5.0,3.0,1,2024-02-11 11:35:00,118270,11827,0.5536,121150,2024-02-12 11:35:00,Time_288,3.7391618497109724,1141.977514819651,12.5,0.002,142.7471893524564,142.7471893524564,142.7471893524564,717.9259879581808,0.0,424.0515268614703,5.337548445801732,0.2854943787049128,5.05205406709682,1145.879762744333,1150.9318168114298,15.093181681142976,1171.4090438521102,1.7480851072604195,ACTIVE,True
215,short,8,5.0,3.0,1,2024-02-11 11:40:00,118280,11828,0.553,121160,2024-02-12 11:40:00,Time_288,3.7793851717902402,1141.977514819651,12.5,0.002,142.7471893524564,142.7471893524564,142.7471893524564,860.6731773106372,142.7471893524564,281.30433750901386,5.394966107534073,0.2854943787049128,5.109471728829161,1150.9318168114298,1156.041288540259,15.604128854025912,1171.4090438521102,1.3119034202873492,ACTIVE,True
216,short,9,2.5,1.5,1,2024-02-11 12:10:00,118340,11834,0.5532,121220,2024-02-12 12:10:00,TP,2.5,1141.977514819651,12.5,0.002,142.7471893524564,138.55714815655745,138.55714815655745,1003.4203666630937,285.4943787049128,138.55714815655745,3.463928703913936,0.2771142963131149,3.186814407600821,1156.041288540259,1159.22810294786,15.922810294785993,1171.4090438521102,1.0398537528952294,ACTIVE,True
217,short,4,6.0,2.5,10,2024-02-11 15:15:00,118719,11871,0.529,121599,2024-02-12 15:15:00,Time_288,1.0775047258979278,1134.2333063977642,12.5,0.002,141.77916329972052,141.77916329972052,141.77916329972052,855.1549806756905,287.2115101590235,279.0783257220737,1.527677184893029,0.283558326599441,1.244118858293588,1159.22810294786,1160.4722218061536,16.04722218061536,1171.4090438521102,0.9336467140454678,ACTIVE,True
218,short,42,8.0,2.5,5,2024-02-11 15:15:00,118714,11871,0.08176,121594,2024-02-12 15:15:00,Time_288,1.4921722113502922,1134.2333063977642,12.5,0.002,141.77916329972052,137.29916242235322,137.29916242235322,996.934143975411,2.842170943040401e-14,137.29916242235322,2.0487399480830577,0.2745983248447064,1.7741416232383513,1160.4722218061536,1162.246363429392,16.224636342939203,1171.4090438521102,0.7821930751522396,ACTIVE,True
219,short,5,2.5,1.0,2,2024-02-12 02:45:00,120091,12009,38.69,122971,2024-02-13 02:45:00,SL,-1.0,1137.7312215444115,12.5,0.002,142.21640269305144,142.21640269305144,142.21640269305144,990.3413627425673,0.0,147.38985880184418,-1.4221640269305145,0.2844328053861029,-1.7065968323166174,1162.246363429392,1160.5397665970754,16.053976659707537,1171.4090438521102,0.9278805991877822,ACTIVE,True
220,short,24,8.0,1.0,8,2024-02-12 04:05:00,120257,12025,105.91,123137,2024-02-13 04:05:00,SL,-1.0,1137.7312215444115,12.5,0.002,142.21640269305144,5.173456108792834,5.173456108792834,1132.5577654356186,0.0,5.173456108792834,-0.051734561087928344,0.010346912217585668,-0.062081473305514015,1160.5397665970754,1160.4776851237698,16.04776851237697,1171.4090438521102,0.9331803254987106,ACTIVE,True
221,short,5,2.5,1.0,1,2024-02-12 16:00:00,121680,12168,0.5555,124560,2024-02-13 16:00:00,SL,-1.0,1162.246363429392,12.5,0.002,145.280795428674,145.280795428674,145.280795428674,147.38985880184396,2.842170943040401e-14,1014.856504627548,-1.45280795428674,0.290561590857348,-1.743369545144088,1160.4776851237698,1158.7343155786257,15.87343155786256,1171.4090438521102,1.0820070358859837,ACTIVE,True
222,short,91,2.0,1.0,8,2024-02-12 18:25:00,121977,12197,110.5,124857,2024-02-13 18:25:00,SL,-1.0,1162.246363429392,12.5,0.002,145.280795428674,145.280795428674,145.280795428674,292.6706542305179,5.173456108792834,869.575709198874,-1.45280795428674,0.290561590857348,-1.743369545144088,1158.7343155786257,1156.9909460334816,15.69909460334815,1171.4090438521102,1.2308337462732568,ACTIVE,True
223,short,38,2.0,1.5,10,2024-02-13 00:05:00,122659,12265,0.5328,125539,2024-02-14 00:05:00,TP,2.0,1162.246363429392,12.5,0.002,145.280795428674,145.280795428674,145.280795428674,437.9514496591919,0.0,724.2949137702001,2.90561590857348,0.290561590857348,2.6150543177161323,1156.9909460334816,1159.6060003511977,15.960600035119764,1171.4090438521102,1.0075936806923471,ACTIVE,True
224,short,13,5.0,1.5,3,2024-02-13 05:05:00,123252,12325,327.0,126132,2024-02-14 05:05:00,Time_288,0.3975535168195753,1160.4776851237698,12.5,0.002,145.05971064047122,145.05971064047122,145.05971064047122,435.84238628602156,0.0,724.6352988377482,0.576689981139493,0.2901194212809425,0.2865705598585505,1159.6060003511977,1159.8925709110563,15.989257091105635,1171.4090438521102,0.9831299324088119,ACTIVE,True
225,short,4,6.0,2.5,4,2024-02-13 12:25:00,124133,12413,49902.01,127013,2024-02-14 12:25:00,SL,-2.5,1160.4776851237698,12.5,0.002,145.05971064047122,145.05971064047122,145.05971064047122,580.9020969264927,0.0,579.575588197277,-3.626492766011781,0.2901194212809425,-3.9166121872927233,1159.8925709110563,1155.9759587237636,15.597595872376369,1171.4090438521102,1.3174804488102507,ACTIVE,True
226,short,29,5.0,1.0,1,2024-02-13 12:30:00,124140,12414,0.5537,127020,2024-02-14 12:30:00,SL,-1.0,1160.4776851237698,12.5,0.002,145.05971064047122,145.05971064047122,145.05971064047122,725.9618075669639,145.28079542867403,434.5158775568059,-1.4505971064047123,0.2901194212809425,-1.7407165276856547,1155.9759587237636,1154.235242196078,15.423524219607799,1171.4090438521102,1.4660806783220033,ACTIVE,True
227,short,29,5.0,1.0,1,2024-02-13 12:35:00,124150,12415,0.5533,127030,2024-02-14 12:35:00,SL,-1.0,1160.4776851237698,12.5,0.002,145.05971064047122,145.05971064047122,145.05971064047122,871.0215182074351,290.34050606914525,289.4561669163347,-1.4505971064047123,0.2901194212809425,-1.7407165276856547,1154.235242196078,1152.4945256683923,15.249452566839228,1171.4090438521102,1.614680907833756,ACTIVE,True
228,short,8,5.0,3.0,8,2024-02-13 12:50:00,124187,12418,113.47,127067,2024-02-14 12:50:00,Time_288,-1.8595223407067942,1160.4776851237698,12.5,0.002,145.05971064047122,144.39645627586356,144.39645627586356,1016.0812288479062,145.280795428674,144.39645627586356,-2.685084363638601,0.2887929125517271,-2.973877276190328,1152.4945256683923,1149.520648392202,14.952064839220203,1171.4090438521102,1.8685527122045698,ACTIVE,True
229,short,7,3.0,2.0,10,2024-02-13 16:00:00,124569,12456,0.5203,127449,2024-02-14 16:00:00,SL,-2.0,1158.7343155786257,12.5,0.002,144.8417894473282,143.53742588352986,143.53742588352986,1015.1968896950958,145.280795428674,143.53742588352986,-2.8707485176705974,0.2870748517670597,-3.157823369437657,1149.520648392202,1146.3628250227644,14.636282502276444,1171.4090438521102,2.1381274936193817,ACTIVE,True
230,short,87,5.0,3.0,6,2024-02-14 06:05:00,126255,12625,7.567,129135,2024-02-15 06:05:00,Time_288,-0.05286110744019505,1159.8925709110563,12.5,0.002,144.98657136388204,144.98657136388204,144.98657136388204,723.1130140808066,5.684341886080802e-14,436.7795568302497,-0.07664150726251676,0.2899731427277641,-0.3666146499902808,1146.3628250227644,1145.9962103727742,14.59962103727741,1171.4090438521102,2.1694243878950656,ACTIVE,True
231,short,37,2.5,1.75,2,2024-02-14 10:55:00,126831,12683,41.4,129711,2024-02-15 10:55:00,SL,-1.75,1159.8925709110563,12.5,0.002,144.98657136388204,144.98657136388204,144.98657136388204,868.0995854446886,0.0,291.79298546636767,-2.537264998867936,0.2899731427277641,-2.8272381415957,1145.9962103727742,1143.1689722311785,14.316897223117842,1171.4090438521102,2.410778008684817,ACTIVE,True
232,short,5,2.5,1.0,1,2024-02-14 16:40:00,127520,12752,0.5729,130400,2024-02-15 16:40:00,SL,-1.0,1146.3628250227644,12.5,0.002,143.29535312784554,143.29535312784554,143.29535312784554,289.97314272776373,0.0,856.3896822950006,-1.4329535312784554,0.2865907062556911,-1.7195442375341465,1143.1689722311785,1141.4494279936443,14.144942799364424,1171.4090438521102,2.557570817444387,ACTIVE,True
233,short,29,5.0,1.0,5,2024-02-15 07:25:00,129294,12929,0.0858,132174,2024-02-16 07:25:00,SL,-1.0,1145.9962103727742,12.5,0.002,143.24952629659677,143.24952629659677,143.24952629659677,288.28192449172724,2.842170943040401e-14,857.7142858810469,-1.4324952629659677,0.2864990525931935,-1.7189943155591614,1141.4494279936443,1139.730433678085,13.973043367808513,1171.4090438521102,2.704316680862553,ACTIVE,True
234,short,9,2.5,1.5,5,2024-02-15 08:00:00,129364,12936,0.08526,132244,2024-02-16 08:00:00,SL,-1.5,1145.9962103727742,12.5,0.002,143.24952629659677,143.24952629659677,143.24952629659677,431.53145078832404,143.2495262965968,714.4647595844501,-2.1487428944489513,0.2864990525931935,-2.4352419470421447,1139.730433678085,1137.295191731043,13.729519173104299,1171.4090438521102,2.9122066540382794,ACTIVE,True
235,short,22,3.5,1.25,2,2024-02-16 08:30:00,132301,13230,40.74,135181,2024-02-17 08:30:00,SL,-1.25,1137.295191731043,12.5,0.002,142.16189896638036,142.16189896638036,142.16189896638036,-3.410605131648481e-13,0.0,1137.2951917310434,-1.7770237370797546,0.28432379793276075,-2.061347535012515,1137.295191731043,1135.2338441960303,13.523384419603035,1171.4090438521102,3.088178279477842,ACTIVE,True
236,short,45,3.0,1.0,8,2024-02-16 16:40:00,133287,13328,109.43,136167,2024-02-17 16:40:00,SL,-1.0,1137.295191731043,12.5,0.002,142.16189896638036,142.16189896638036,142.16189896638036,142.16189896638002,0.0,995.1332927646629,-1.4216189896638036,0.28432379793276075,-1.7059427875965643,1135.2338441960303,1133.5279014084338,13.352790140843386,1171.4090438521102,3.233809969496783,ACTIVE,True
237,short,6,8.0,3.0,6,2024-02-17 02:05:00,134415,13441,7.525,137295,2024-02-18 02:05:00,SL,-3.0,1137.295191731043,12.5,0.002,142.16189896638036,142.16189896638036,142.16189896638036,284.3237979327604,5.684341886080802e-14,852.9713937982825,-4.264856968991411,0.28432379793276075,-4.549180766924171,1133.5279014084338,1128.9787206415097,12.897872064150961,1171.4090438521102,3.622161142880624,ACTIVE,True
238,short,34,2.0,2.0,7,2024-02-17 07:25:00,135056,13505,2792.27,137936,2024-02-18 07:25:00,TP,2.0,1137.295191731043,12.5,0.002,142.16189896638036,142.16189896638036,142.16189896638036,426.48569689914075,5.684341886080802e-14,710.8094948319022,2.8432379793276072,0.28432379793276075,2.5589141813948464,1128.9787206415097,1131.5376348229045,13.153763482290447,1171.4090438521102,3.4037136078522137,ACTIVE,True
239,short,85,3.5,1.0,1,2024-02-17 12:05:00,135610,13561,0.585,138490,2024-02-18 12:05:00,SL,-1.0,1135.2338441960303,12.5,0.002,141.9042305245038,141.9042305245038,141.9042305245038,426.48569689914075,0.0,708.7481472968896,-1.4190423052450378,0.2838084610490076,-1.7028507662940453,1131.5376348229045,1129.8347840566105,12.983478405661053,1171.4090438521102,3.5490813404329904,ACTIVE,True
240,short,5,2.5,1.0,2,2024-02-17 14:35:00,135911,13591,38.65,138791,2024-02-18 14:35:00,SL,-1.0,1135.2338441960303,12.5,0.002,141.9042305245038,141.9042305245038,141.9042305245038,568.3899274236445,0.0,566.8439167723858,-1.4190423052450378,0.2838084610490076,-1.7028507662940453,1129.8347840566105,1128.1319332903165,12.813193329031659,1171.4090438521102,3.6944490730137685,ACTIVE,True
241,short,5,2.5,1.0,2,2024-02-17 14:40:00,135921,13592,38.66,138801,2024-02-18 14:40:00,SL,-1.0,1135.2338441960303,12.5,0.002,141.9042305245038,141.9042305245038,141.9042305245038,710.2941579481483,141.9042305245038,424.93968624788204,-1.4190423052450378,0.2838084610490076,-1.7028507662940453,1128.1319332903165,1126.4290825240225,12.642908252402263,1171.4090438521102,3.839816805594546,ACTIVE,True
242,short,28,5.0,1.5,8,2024-02-17 15:20:00,136007,13600,106.83,138887,2024-02-18 15:20:00,SL,-1.5,1135.2338441960303,12.5,0.002,141.9042305245038,141.9042305245038,141.9042305245038,852.198388472652,142.16189896638036,283.0354557233783,-2.128563457867557,0.2838084610490076,-2.4123719189165644,1126.4290825240225,1124.016710605106,12.4016710605106,1171.4090438521102,4.0457544267506504,ACTIVE,True
243,short,21,3.5,1.0,2,2024-02-17 16:00:00,136081,13608,39.01,138961,2024-02-18 16:00:00,SL,-1.0,1135.2338441960303,12.5,0.002,141.9042305245038,141.13122519887452,141.13122519887452,994.1026189971558,283.8084610490076,141.13122519887452,-1.411312251988745,0.28226245039774905,-1.6935747023864942,1124.016710605106,1122.3231359027195,12.232313590271948,1171.4090438521102,4.190330287016958,ACTIVE,True
244,short,98,2.5,1.0,8,2024-02-19 10:45:00,141217,14121,111.9,144097,2024-02-20 10:45:00,SL,-1.0,1122.3231359027195,12.5,0.002,140.29039198783994,140.29039198783994,140.29039198783994,-3.694822225952521e-13,0.0,1122.32313590272,-1.4029039198783995,0.28058078397567987,-1.6834847038540794,1122.3231359027195,1120.6396511988655,12.063965119886543,1171.4090438521102,4.334044791586425,ACTIVE,True
245,short,28,5.0,1.5,7,2024-02-19 11:15:00,141276,14127,2905.9,144156,2024-02-20 11:15:00,SL,-1.5,1122.3231359027195,12.5,0.002,140.29039198783994,140.29039198783994,140.29039198783994,140.29039198783957,5.684341886080802e-14,982.0327439148799,-2.104355879817599,0.28058078397567987,-2.384936663793279,1120.6396511988655,1118.2547145350723,11.82547145350723,1171.4090438521102,4.537640339726512,ACTIVE,True
246,short,8,5.0,3.0,5,2024-02-19 14:35:00,141674,14167,0.0862,144554,2024-02-20 14:35:00,SL,-3.0,1122.3231359027195,12.5,0.002,140.29039198783994,140.29039198783994,140.29039198783994,280.58078397567954,5.684341886080802e-14,841.74235192704,-4.208711759635198,0.28058078397567987,-4.489292543610878,1118.2547145350723,1113.7654219914614,11.376542199146144,1171.4090438521102,4.920879018578445,ACTIVE,True
247,short,87,5.0,3.0,1,2024-02-19 22:50:00,142660,14266,0.633,145540,2024-02-20 22:50:00,TP,5.0,1122.3231359027195,12.5,0.002,140.29039198783994,140.29039198783994,140.29039198783994,420.8711759635195,0.0,701.4519599392,7.014519599391997,0.28058078397567987,6.733938815416318,1113.7654219914614,1120.4993608068778,12.049936080687784,1171.4090438521102,4.346021000300537,ACTIVE,True
248,short,63,6.0,2.5,8,2024-02-20 03:25:00,143217,14321,110.13,146097,2024-02-21 03:25:00,TP,6.0,1122.3231359027195,12.5,0.002,140.29039198783994,140.29039198783994,140.29039198783994,561.1615679513594,140.29039198783994,561.1615679513601,8.417423519270397,0.28058078397567987,8.136842735294717,1120.4993608068778,1128.6362035421726,12.863620354217264,1171.4090438521102,3.651400894881408,ACTIVE,True
249,short,73,8.0,3.0,8,2024-02-20 07:20:00,143687,14368,110.52,146567,2024-02-21 07:20:00,Time_288,4.605501266739042,1122.3231359027195,12.5,0.002,140.29039198783994,140.29039198783994,140.29039198783994,701.4519599391994,280.5807839756799,420.87117596352016,6.461075780113136,0.28058078397567987,6.1804949961374565,1128.6362035421726,1134.81669853831,13.48166985383099,1171.4090438521102,3.123788868273414,ACTIVE,True
250,short,73,8.0,3.0,8,2024-02-20 07:25:00,143697,14369,110.54,146577,2024-02-21 07:25:00,Time_288,4.559435498462101,1122.3231359027195,12.5,0.002,140.29039198783994,140.29039198783994,140.29039198783994,841.7423519270393,420.8711759635198,280.5807839756802,6.396449933225205,0.28058078397567987,6.115869149249526,1134.81669853831,1140.9325676875594,14.093256768755946,1171.4090438521102,2.6016937742200383,ACTIVE,True
251,short,73,8.0,3.0,8,2024-02-20 07:35:00,143717,14371,110.38,146597,2024-02-21 07:35:00,Time_288,4.602283022286644,1122.3231359027195,12.5,0.002,140.29039198783994,140.29039198783994,140.29039198783994,982.0327439148792,561.1615679513598,140.29039198784028,6.45656089235574,0.28058078397567987,6.1759801083800605,1140.9325676875594,1147.1085477959396,14.710854779593951,1171.4090438521102,2.0744671712845864,ACTIVE,True
252,short,66,3.5,1.0,8,2024-02-20 12:45:00,144337,14433,109.26,147217,2024-02-21 12:45:00,SL,-1.0,1118.2547145350723,12.5,0.002,139.78183931688403,139.78183931688403,139.78183931688403,841.7423519270392,561.1615679513598,276.5123626080331,-1.3978183931688404,0.2795636786337681,-1.6773820718026085,1147.1085477959396,1145.431165724137,14.543116572413695,1171.4090438521102,2.2176607107749993,ACTIVE,True
253,short,66,3.5,1.0,8,2024-02-20 12:50:00,144347,14434,109.42,147227,2024-02-21 12:50:00,SL,-1.0,1118.2547145350723,12.5,0.002,139.78183931688403,136.73052329114898,136.73052329114898,981.5241912439233,700.9434072682438,136.73052329114898,-1.3673052329114899,0.273461046582298,-1.6407662794937878,1145.431165724137,1143.790399444643,14.3790399444643,1171.4090438521102,2.3577284597910286,ACTIVE,True
254,short,9,2.5,1.5,2,2024-02-20 16:35:00,144791,14479,37.63,147671,2024-02-21 16:35:00,SL,-1.5,1113.7654219914614,12.5,0.002,139.22067774893267,135.80109944422907,135.80109944422907,977.9643225472323,0.0,135.80109944422907,-2.037016491663436,0.27160219888845816,-2.3086186905518944,1143.790399444643,1141.4817807540912,14.148178075409113,1171.4090438521102,2.5548089503906297,ACTIVE,True
255,short,49,3.5,1.0,1,2024-02-21 02:00:00,145920,14592,0.6104,148800,2024-02-22 02:00:00,TP,3.5,1120.4993608068778,12.5,0.002,140.06242010085973,140.06242010085973,140.06242010085973,973.4750300036214,0.0,147.02433080325636,4.902184703530091,0.28012484020171946,4.622059863328372,1141.4817807540912,1146.1038406174196,14.610384061741954,1171.4090438521102,2.1602362870168728,ACTIVE,True
256,short,63,6.0,2.5,4,2024-02-21 11:20:00,147043,14704,51162.23,149923,2024-02-22 11:20:00,Time_288,-0.9449549013012121,1147.1085477959396,12.5,0.002,143.38856847449244,143.38856847449244,143.38856847449244,552.3758821531214,0.0,594.7326656428181,-1.354957305705361,0.2867771369489849,-1.6417344426543459,1146.1038406174196,1144.4621061747653,14.44621061747653,1171.4090438521102,2.3003866854853317,ACTIVE,True
257,short,4,6.0,2.5,5,2024-02-21 11:45:00,147094,14709,0.08312,149974,2024-02-22 11:45:00,SL,-2.5,1147.1085477959396,12.5,0.002,143.38856847449244,143.38856847449244,143.38856847449244,695.7644506276139,5.684341886080802e-14,451.3440971683257,-3.584714211862311,0.2867771369489849,-3.871491348811296,1144.4621061747653,1140.590614825954,14.059061482595393,1171.4090438521102,2.6308853587822494,ACTIVE,True
258,short,31,2.5,2.0,10,2024-02-21 11:45:00,147099,14709,0.539,149979,2024-02-22 11:45:00,SL,-2.0,1147.1085477959396,12.5,0.002,143.38856847449244,143.38856847449244,143.38856847449244,839.1530191021063,0.0,307.95552869383323,-2.867771369489849,0.2867771369489849,-3.1545485064388337,1140.590614825954,1137.436066319515,13.743606631951511,1171.4090438521102,2.9001805740612236,ACTIVE,True
259,short,4,6.0,2.5,5,2024-02-21 11:50:00,147104,14710,0.08306,149984,2024-02-22 11:50:00,SL,-2.5,1147.1085477959396,12.5,0.002,143.38856847449244,143.38856847449244,143.38856847449244,982.5415875765988,143.3885684744925,164.56696021934079,-3.584714211862311,0.2867771369489849,-3.871491348811296,1137.436066319515,1133.5645749707037,13.356457497070373,1171.4090438521102,3.230679247358141,ACTIVE,True
260,short,5,2.5,1.0,3,2024-02-21 12:05:00,147132,14713,362.7,150012,2024-02-22 12:05:00,SL,-1.0,1147.1085477959396,12.5,0.002,143.38856847449244,21.17839174484834,21.17839174484834,1125.9301560510912,0.0,21.17839174484834,-0.2117839174484834,0.04235678348969668,-0.2541407009381801,1133.5645749707037,1133.3104342697654,13.331043426976553,1171.4090438521102,3.2523745469012053,ACTIVE,True
261,short,34,2.0,2.0,10,2024-02-21 12:55:00,147239,14723,0.5426,150119,2024-02-22 12:55:00,Time_288,-0.2948765204570671,1143.790399444643,12.5,0.002,142.97379993058038,142.97379993058038,142.97379993058038,870.5961851879065,143.38856847449244,273.1942142567366,-0.421596166400544,0.28594759986116075,-0.7075437662617048,1133.3104342697654,1132.6028905035037,13.260289050350371,1171.4090438521102,3.3127756313878898,ACTIVE,True
262,short,38,2.0,1.5,8,2024-02-21 13:00:00,147247,14724,103.93,150127,2024-02-22 13:00:00,TP,2.0,1143.790399444643,12.5,0.002,142.97379993058038,130.22041432615617,130.22041432615617,1013.5699851184869,5.684341886080802e-14,130.22041432615617,2.6044082865231237,0.26044082865231233,2.3439674578708116,1132.6028905035037,1134.9468579613745,13.49468579613744,1171.4090438521102,3.112677512786824,ACTIVE,True
263,short,5,2.5,1.0,3,2024-02-21 17:30:00,147782,14778,369.7,150662,2024-02-22 17:30:00,SL,-1.0,1141.4817807540912,12.5,0.002,142.6852225942614,133.49248075367723,133.49248075367723,1007.989300000414,21.17839174484834,133.49248075367723,-1.3349248075367723,0.26698496150735446,-1.6019097690441269,1134.9468579613745,1133.3449481923303,13.334494819233033,1171.4090438521102,3.2494281873228816,ACTIVE,True
264,short,65,2.5,1.25,5,2024-02-22 12:10:00,150024,15002,0.08491,152904,2024-02-23 12:10:00,Time_288,1.6016959133199862,1133.3104342697654,12.5,0.002,141.66380428372068,141.66380428372068,141.66380428372068,406.68669501041336,5.684341886080802e-14,726.6237392593521,2.2690233638659776,0.2833276085674414,1.9856957552985361,1133.3449481923303,1135.330643947629,13.533064394762896,1171.4090438521102,3.0799147482966,ACTIVE,True
265,short,5,2.5,1.0,3,2024-02-22 15:30:00,150422,15042,381.3,153302,2024-02-23 15:30:00,SL,-1.0,1134.9468579613745,12.5,0.002,141.8683572451718,141.8683572451718,141.8683572451718,275.1562850373974,133.49248075367723,859.790572923977,-1.4186835724517182,0.2837367144903436,-1.7024202869420617,1135.330643947629,1133.628223660687,13.362822366068695,1171.4090438521102,3.225245732027416,ACTIVE,True
266,short,4,6.0,2.5,7,2024-02-23 04:45:00,152016,15201,2954.59,154896,2024-02-24 04:45:00,Time_288,0.1726127821457584,1133.3449481923303,12.5,0.002,141.6681185240413,141.6681185240413,141.6681185240413,283.532161528892,5.684341886080802e-14,849.8127866634384,0.24453728079789822,0.2833362370480826,-0.03879895625018437,1133.628223660687,1133.5894247044366,13.358942470443669,1171.4090438521102,3.2285578932621193,ACTIVE,True
267,short,59,3.0,1.75,3,2024-02-23 04:45:00,152012,15201,379.0,154892,2024-02-24 04:45:00,Time_288,-0.026385224274412332,1133.3449481923303,12.5,0.002,141.6681185240413,141.6681185240413,141.6681185240413,425.2002800529333,141.8683572451718,708.144668139397,-0.037379450797908574,0.2833362370480826,-0.32071568784599114,1133.5894247044366,1133.2687090165907,13.32687090165907,1171.4090438521102,3.2559365181352247,ACTIVE,True
268,short,4,6.0,2.5,10,2024-02-24 00:15:00,154359,15435,0.5343,157239,2024-02-25 00:15:00,SL,-2.5,1133.628223660687,12.5,0.002,141.70352795758586,141.70352795758586,141.70352795758586,283.3362370480822,2.842170943040401e-14,850.2919866126047,-3.542588198939647,0.28340705591517174,-3.8259952548548184,1133.2687090165907,1129.4427137617358,12.944271376173578,1171.4090438521102,3.582551313789638,ACTIVE,True
269,short,4,6.0,2.5,4,2024-02-24 00:20:00,154363,15436,50805.88,157243,2024-02-25 00:20:00,Time_288,-1.3746243545038477,1133.628223660687,12.5,0.002,141.70352795758586,141.70352795758586,141.70352795758586,425.0397650056681,0.0,708.5884586550188,-1.947891206496144,0.28340705591517174,-2.2312982624113156,1129.4427137617358,1127.2114154993244,12.721141549932447,1171.4090438521102,3.773031170003991,ACTIVE,True
270,short,4,6.0,2.5,8,2024-02-24 00:20:00,154367,15436,100.0,157247,2024-02-25 00:20:00,SL,-2.5,1133.628223660687,12.5,0.002,141.70352795758586,141.70352795758586,141.70352795758586,566.7432929632539,5.684341886080802e-14,566.884930697433,-3.542588198939647,0.28340705591517174,-3.8259952548548184,1127.2114154993244,1123.3854202444695,12.338542024446951,1171.4090438521102,4.099645965658405,ACTIVE,True
271,short,85,3.5,1.0,5,2024-02-24 12:45:00,155854,15585,0.08524,158734,2024-02-25 12:45:00,SL,-1.0,1133.2687090165907,12.5,0.002,141.65858862707384,141.65858862707384,141.65858862707384,425.1105838727572,5.684341886080802e-14,708.1581251438336,-1.4165858862707383,0.2833171772541477,-1.699903063524886,1123.3854202444695,1121.6855171809445,12.168551718094456,1171.4090438521102,4.244762060881209,ACTIVE,True
272,short,8,5.0,3.0,5,2024-02-24 21:05:00,156854,15685,0.08574,159734,2024-02-25 21:05:00,Time_288,-0.5015162118031256,1133.2687090165907,12.5,0.002,141.65858862707384,141.65858862707384,141.65858862707384,566.769172499831,141.6585886270739,566.4995365167597,-0.710440787376274,0.2833171772541477,-0.9937579646304218,1121.6855171809445,1120.691759216314,12.069175921631414,1171.4090438521102,4.329596472041515,ACTIVE,True
273,short,38,2.0,1.5,3,2024-02-25 02:15:00,157472,15747,380.7,160352,2024-02-26 02:15:00,SL,-1.5,1123.3854202444695,12.5,0.002,140.4231775305587,140.4231775305587,140.4231775305587,283.3171772541474,0.0,840.0682429903221,-2.10634766295838,0.2808463550611174,-2.3871940180194975,1120.691759216314,1118.3045651982945,11.830456519829458,1171.4090438521102,4.533384724364491,ACTIVE,True
274,short,8,5.0,3.0,3,2024-02-25 02:50:00,157542,15754,379.9,160422,2024-02-26 02:50:00,Time_288,-1.0792313766780792,1123.3854202444695,12.5,0.002,140.4231775305587,140.4231775305587,140.4231775305587,423.7403547847061,140.4231775305587,699.6450654597634,-1.5154909920381519,0.2808463550611174,-1.7963373470992692,1118.3045651982945,1116.5082278511952,11.65082278511953,1171.4090438521102,4.6867331517585775,ACTIVE,True
275,short,8,5.0,3.0,3,2024-02-25 03:00:00,157562,15756,379.8,160442,2024-02-26 03:00:00,Time_288,-1.0795155344918288,1123.3854202444695,12.5,0.002,140.4231775305587,140.4231775305587,140.4231775305587,564.1635323152648,280.8463550611174,559.2218879292047,-1.5158900154694201,0.2808463550611174,-1.7967363705305375,1116.5082278511952,1114.7114914806648,11.471149148066484,1171.4090438521102,4.840115642696326,ACTIVE,True
276,short,63,6.0,2.5,4,2024-02-25 10:25:00,158453,15845,51573.93,161333,2024-02-26 10:25:00,Time_288,0.7066942542482242,1123.3854202444695,12.5,0.002,140.4231775305587,140.4231775305587,140.4231775305587,704.5867098458234,0.0,418.7987103986461,0.9923625272412416,0.2808463550611174,0.7115161721801242,1114.7114914806648,1115.423007652845,11.542300765284486,1171.4090438521102,4.7793754447343595,ACTIVE,True
277,short,85,3.5,1.0,10,2024-02-25 18:20:00,159409,15940,0.5433,162289,2024-02-26 18:20:00,SL,-1.0,1121.6855171809445,12.5,0.002,140.21068964761807,140.21068964761807,140.21068964761807,703.3512987493082,2.842170943040401e-14,418.3342184316364,-1.4021068964761807,0.28042137929523614,-1.6825282757714168,1115.423007652845,1113.7404793770736,11.374047937707354,1171.4090438521102,4.923008301643032,ACTIVE,True
278,short,22,3.5,1.25,3,2024-02-26 02:30:00,160382,16038,383.8,163262,2024-02-27 02:30:00,SL,-1.25,1118.3045651982945,12.5,0.002,139.78807064978682,139.78807064978682,139.78807064978682,561.4802222392937,280.8463550611174,556.8243429590009,-1.7473508831223352,0.27957614129957364,-2.0269270244219086,1113.7404793770736,1111.7135523526517,11.171355235265178,1171.4090438521102,5.096041541830117,ACTIVE,True
279,short,29,5.0,1.0,3,2024-02-26 03:35:00,160512,16051,384.0,163392,2024-02-27 03:35:00,SL,-1.0,1114.7114914806648,12.5,0.002,139.3389364350831,139.3389364350831,139.3389364350831,420.42193782796306,139.78807064978685,694.2895536527017,-1.393389364350831,0.2786778728701662,-1.6720672372209973,1111.7135523526517,1110.0414851154308,11.004148511543077,1171.4090438521102,5.2387813683660704,ACTIVE,True
280,short,34,2.0,2.0,10,2024-02-26 03:45:00,160539,16053,0.5404,163419,2024-02-27 03:45:00,TP,2.0,1114.7114914806648,12.5,0.002,139.3389364350831,139.3389364350831,139.3389364350831,559.7608742630462,140.2106896476181,554.9506172176186,2.786778728701662,0.2786778728701662,2.508100855831496,1110.0414851154308,1112.5495859712623,11.25495859712624,1171.4090438521102,5.024671628562131,ACTIVE,True
281,short,29,5.0,1.0,3,2024-02-26 03:55:00,160552,16055,384.2,163432,2024-02-27 03:55:00,SL,-1.0,1114.7114914806648,12.5,0.002,139.3389364350831,139.3389364350831,139.3389364350831,699.0998106981292,279.12700708486994,415.6116807825356,-1.393389364350831,0.2786778728701662,-1.6720672372209973,1112.5495859712623,1110.8775187340414,11.08775187340414,1171.4090438521102,5.167411455098084,ACTIVE,True
282,short,5,2.5,1.0,3,2024-02-26 04:05:00,160572,16057,386.0,163452,2024-02-27 04:05:00,SL,-1.0,1114.7114914806648,12.5,0.002,139.3389364350831,139.3389364350831,139.3389364350831,838.4387471332122,418.46594351995304,276.27274434745254,-1.393389364350831,0.2786778728701662,-1.6720672372209973,1110.8775187340414,1109.2054514968204,10.920545149682038,1171.4090438521102,5.310151281634037,ACTIVE,True
283,short,5,2.5,1.0,3,2024-02-26 04:10:00,160582,16058,385.9,163462,2024-02-27 04:10:00,SL,-1.0,1114.7114914806648,12.5,0.002,139.3389364350831,136.9338079123695,136.9338079123695,977.7776835682953,557.8048799550361,136.9338079123695,-1.369338079123695,0.273867615824739,-1.6432056949484342,1109.2054514968204,1107.562245801872,10.75622458018719,1171.4090438521102,5.450427276904213,ACTIVE,True
284,short,87,5.0,3.0,6,2024-02-26 17:30:00,162185,16218,7.994,165065,2024-02-27 17:30:00,SL,-3.0,1115.423007652845,12.5,0.002,139.42787595660562,139.42787595660562,139.42787595660562,974.2883139501062,5.684341886080802e-14,141.1346937027388,-4.1828362786981685,0.27885575191321127,-4.461692030611379,1107.562245801872,1103.1005537712606,10.310055377126059,1171.4090438521102,5.831309775125278,ACTIVE,True
285,short,8,5.0,3.0,10,2024-02-28 05:35:00,166519,16651,0.5795,169399,2024-02-29 05:35:00,SL,-3.0,1103.1005537712606,12.5,0.002,137.88756922140757,137.88756922140757,137.88756922140757,-4.831690603168681e-13,2.842170943040401e-14,1103.100553771261,-4.1366270766422275,0.27577513844281515,-4.412402215085042,1103.1005537712606,1098.6881515561756,9.868815155617572,1171.4090438521102,6.20798453602477,ACTIVE,True
286,short,91,2.0,1.0,8,2024-02-28 08:55:00,166917,16691,110.41,169797,2024-02-29 08:55:00,TP,2.0,1103.1005537712606,12.5,0.002,137.88756922140757,137.88756922140757,137.88756922140757,137.8875692214071,5.684341886080802e-14,965.2129845498534,2.7577513844281514,0.27577513844281515,2.481976245985336,1098.6881515561756,1101.170127802161,10.117012780216106,1171.4090438521102,5.996104983018799,ACTIVE,True
287,short,5,2.5,1.0,1,2024-02-28 09:00:00,166920,16692,0.6341,169800,2024-02-29 09:00:00,TP,2.5,1103.1005537712606,12.5,0.002,137.88756922140757,137.88756922140757,137.88756922140757,275.77513844281464,0.0,827.325415328446,3.4471892305351894,0.27577513844281515,3.171414092092374,1101.170127802161,1104.3415418942534,10.43415418942535,1171.4090438521102,5.7253699986222815,ACTIVE,True
288,short,85,3.5,1.0,1,2024-02-28 11:40:00,167240,16724,0.6334,170120,2024-02-29 11:40:00,TP,3.5,1103.1005537712606,12.5,0.002,137.88756922140757,137.88756922140757,137.88756922140757,413.66270766422224,137.88756922140757,689.4378461070384,4.826064922749265,0.27577513844281515,4.55028978430645,1104.3415418942534,1108.8918316785598,10.889183167855986,1171.4090438521102,5.336924151444677,ACTIVE,True
289,short,5,2.5,1.0,5,2024-02-28 14:00:00,167524,16752,0.09913,170404,2024-02-29 14:00:00,SL,-1.0,1103.1005537712606,12.5,0.002,137.88756922140757,137.88756922140757,137.88756922140757,551.5502768856298,5.684341886080802e-14,551.5502768856308,-1.3788756922140757,0.27577513844281515,-1.6546508306568908,1108.8918316785598,1107.237180847903,10.72371808479029,1171.4090438521102,5.478177186781991,ACTIVE,True
290,short,5,2.5,1.0,5,2024-02-28 14:05:00,167534,16753,0.09897,170414,2024-02-29 14:05:00,SL,-1.0,1103.1005537712606,12.5,0.002,137.88756922140757,137.88756922140757,137.88756922140757,689.4378461070374,137.88756922140763,413.66270766422315,-1.3788756922140757,0.27577513844281515,-1.6546508306568908,1107.237180847903,1105.582530017246,10.558253001724594,1171.4090438521102,5.6194302221193055,ACTIVE,True
291,short,5,2.5,1.0,5,2024-02-28 14:10:00,167544,16754,0.09891,170424,2024-02-29 14:10:00,SL,-1.0,1103.1005537712606,12.5,0.002,137.88756922140757,137.88756922140757,137.88756922140757,827.325415328445,275.7751384428152,275.77513844281555,-1.3788756922140757,0.27577513844281515,-1.6546508306568908,1105.582530017246,1103.927879186589,10.392787918658897,1171.4090438521102,5.760683257456621,ACTIVE,True
292,short,5,2.5,1.0,5,2024-02-28 14:15:00,167554,16755,0.09895,170434,2024-02-29 14:15:00,SL,-1.0,1103.1005537712606,12.5,0.002,137.88756922140757,137.88756922140757,137.88756922140757,965.2129845498526,413.6627076642228,137.88756922140794,-1.3788756922140757,0.27577513844281515,-1.6546508306568908,1103.927879186589,1102.2732283559321,10.227322835593222,1171.4090438521102,5.901936292793935,ACTIVE,True
293,short,5,2.5,1.0,6,2024-02-29 11:05:00,170055,17005,8.755,172935,2024-03-01 11:05:00,SL,-1.0,1104.3415418942534,12.5,0.002,138.04269273678167,138.04269273678167,138.04269273678167,689.4378461070373,5.684341886080802e-14,414.90369578721607,-1.3804269273678167,0.27608538547356337,-1.6565123128413801,1102.2732283559321,1100.6167160430907,10.061671604309064,1171.4090438521102,6.043348237796004,ACTIVE,True
294,short,5,2.5,1.0,8,2024-02-29 11:10:00,170067,17006,129.51,172947,2024-03-01 11:10:00,TP,2.5,1104.3415418942534,12.5,0.002,138.04269273678167,138.04269273678167,138.04269273678167,827.480538843819,5.684341886080802e-14,276.8610030504344,3.451067318419542,0.27608538547356337,3.1749819329459785,1100.6167160430907,1103.7916979760366,10.379169797603671,1171.4090438521102,5.772308676542049,ACTIVE,True
295,short,5,2.5,1.0,6,2024-02-29 11:15:00,170075,17007,8.792,172955,2024-03-01 11:15:00,SL,-1.0,1104.3415418942534,12.5,0.002,138.04269273678167,138.04269273678167,138.04269273678167,965.5232315806006,138.04269273678173,138.81831031365277,-1.3804269273678167,0.27608538547356337,-1.6565123128413801,1103.7916979760366,1102.1351856631952,10.213518566319513,1171.4090438521102,5.913720621544118,ACTIVE,True
296,short,5,2.5,1.0,8,2024-02-29 11:40:00,170127,17012,129.23,173007,2024-03-01 11:40:00,TP,2.5,1108.8918316785598,12.5,0.002,138.61147895981998,138.61147895981998,138.61147895981998,965.6783550959747,138.04269273678173,143.21347658258514,3.4652869739954997,0.27722295791963997,3.1880640160758595,1102.1351856631952,1105.3232496792712,10.53232496792711,1171.4090438521102,5.641564278479515,ACTIVE,True
297,short,5,2.5,1.0,2,2024-02-29 12:10:00,170181,17018,42.65,173061,2024-03-01 12:10:00,SL,-1.0,1108.8918316785598,12.5,0.002,138.61147895981998,4.601997622765111,4.601997622765111,1104.2898340557947,0.0,4.601997622765111,-0.04601997622765112,0.009203995245530222,-0.05522397147318134,1105.3232496792712,1105.268025707798,10.526802570779804,1171.4090438521102,5.6462785985339,ACTIVE,True
298,short,66,3.5,1.0,9,2024-02-29 18:45:00,170978,17097,0.1412,173858,2024-03-01 18:45:00,TP,3.5,1102.2732283559321,12.5,0.002,137.78415354449152,137.78415354449152,137.78415354449152,557.3415547929294,0.0,544.9316735630027,4.822445374057204,0.27556830708898306,4.546877066968221,1105.268025707798,1109.814902774766,10.981490277476613,1171.4090438521102,5.258124085741682,ACTIVE,True
299,short,66,3.5,1.0,9,2024-02-29 18:50:00,170988,17098,0.14123,173868,2024-03-01 18:50:00,TP,3.5,1102.2732283559321,12.5,0.002,137.78415354449152,137.78415354449152,137.78415354449152,695.125708337421,137.78415354449152,407.14752001851116,4.822445374057204,0.27556830708898306,4.546877066968221,1109.814902774766,1114.3617798417342,11.436177984173423,1171.4090438521102,4.869969572949464,ACTIVE,True
300,short,66,3.5,1.0,9,2024-02-29 18:55:00,170998,17099,0.14082,173878,2024-03-01 18:55:00,TP,3.5,1102.2732283559321,12.5,0.002,137.78415354449152,137.78415354449152,137.78415354449152,832.9098618819125,275.56830708898303,269.3633664740196,4.822445374057204,0.27556830708898306,4.546877066968221,1114.3617798417342,1118.9086569087024,11.890865690870234,1171.4090438521102,4.4818150601572455,ACTIVE,True
301,short,5,2.5,1.0,8,2024-02-29 20:15:00,171157,17115,130.84,174037,2024-03-01 20:15:00,TP,2.5,1102.2732283559321,12.5,0.002,137.78415354449152,131.579212929528,131.579212929528,970.6940154264041,276.6541716966017,131.579212929528,3.2894803232382004,0.263158425859056,3.0263218973791446,1118.9086569087024,1121.9349788060815,12.19349788060815,1171.4090438521102,4.223466201296872,ACTIVE,True
302,short,5,2.5,1.0,3,2024-03-01 15:05:00,173412,17341,403.9,176292,2024-03-02 15:05:00,SL,-1.0,1105.268025707798,12.5,0.002,138.15850321347475,138.15850321347475,138.15850321347475,544.931673563002,0.0,560.3363521447959,-1.3815850321347474,0.2763170064269495,-1.657902038561697,1121.9349788060815,1120.27707676752,12.027707676751987,1171.4090438521102,4.364996783399062,ACTIVE,True
303,short,5,2.5,1.0,8,2024-03-01 20:20:00,174047,17404,130.62,176927,2024-03-02 20:20:00,TP,2.5,1121.9349788060815,12.5,0.002,140.2418723507602,140.2418723507602,140.2418723507602,138.15850321347432,5.684341886080802e-14,983.7764755926072,3.506046808769005,0.2804837447015204,3.225563064067485,1120.27707676752,1123.5026398315874,12.350263983158749,1171.4090438521102,4.089639248727789,ACTIVE,True
304,short,65,2.5,1.25,10,2024-03-01 20:55:00,174119,17411,0.5971,176999,2024-03-02 20:55:00,SL,-1.25,1121.9349788060815,12.5,0.002,140.2418723507602,140.2418723507602,140.2418723507602,278.40037556423454,2.842170943040401e-14,843.534603241847,-1.7530234043845025,0.2804837447015204,-2.033507149086023,1123.5026398315874,1121.4691326825014,12.146913268250126,1171.4090438521102,4.263234216237941,ACTIVE,True
305,short,52,2.5,2.0,9,2024-03-02 03:05:00,174858,17485,0.14043,177738,2024-03-03 03:05:00,Time_288,-0.4699850459303524,1121.9349788060815,12.5,0.002,140.2418723507602,140.2418723507602,140.2418723507602,418.64224791499475,0.0,703.2927308910868,-0.6591158281813065,0.2804837447015204,-0.9395995728828269,1121.4691326825014,1120.5295331096186,12.052953310961856,1171.4090438521102,4.343445272983157,ACTIVE,True
306,short,7,3.0,2.0,9,2024-03-02 03:20:00,174888,17488,0.14058,177768,2024-03-03 03:20:00,Time_288,-0.362782757148942,1121.9349788060815,12.5,0.002,140.2418723507602,140.2418723507602,140.2418723507602,558.884120265755,140.2418723507602,563.0508585403265,-0.5087733311913876,0.2804837447015204,-0.7892570758929079,1120.5295331096186,1119.7402760337256,11.974027603372562,1171.4090438521102,4.410822000184911,ACTIVE,True
307,short,42,8.0,2.5,1,2024-03-02 11:15:00,175830,17583,0.7318,178710,2024-03-03 11:15:00,Time_288,0.8882208253621291,1121.9349788060815,12.5,0.002,140.2418723507602,140.2418723507602,140.2418723507602,699.1259926165152,0.0,422.8089861895663,1.2456575160972256,0.2804837447015204,0.9651737713957053,1119.7402760337256,1120.7054498051214,12.070544980512143,1171.4090438521102,4.3284277437583265,ACTIVE,True
308,short,5,2.5,1.0,6,2024-03-02 19:40:00,176845,17684,9.224,179725,2024-03-03 19:40:00,TP,2.5,1120.27707676752,12.5,0.002,140.03463459594,140.03463459594,140.03463459594,701.2093617538006,5.684341886080802e-14,419.0677150137193,3.5008658648985,0.28006926919187997,3.22079659570662,1120.7054498051214,1123.926246400828,12.392624640082794,1171.4090438521102,4.0534771095106015,ACTIVE,True
309,short,5,2.5,1.0,6,2024-03-02 19:45:00,176855,17685,9.231,179735,2024-03-03 19:45:00,TP,2.5,1120.27707676752,12.5,0.002,140.03463459594,140.03463459594,140.03463459594,841.2439963497407,140.03463459594005,279.0330804177793,3.5008658648985,0.28006926919187997,3.22079659570662,1123.926246400828,1127.1470429965345,12.714704299653445,1171.4090438521102,3.7785264752628764,ACTIVE,True
310,short,5,2.5,1.0,6,2024-03-02 19:50:00,176865,17686,9.228,179745,2024-03-03 19:50:00,TP,2.5,1120.27707676752,12.5,0.002,140.03463459594,138.99844582183925,138.99844582183925,981.2786309456807,280.06926919188004,138.99844582183925,3.4749611455459815,0.2779968916436785,3.196964253902303,1127.1470429965345,1130.3440072504368,13.034400725043671,1171.4090438521102,3.5056103431328722,ACTIVE,True
311,short,5,2.5,1.0,6,2024-03-02 20:35:00,176955,17695,9.14,179835,2024-03-03 20:35:00,TP,2.5,1123.5026398315874,12.5,0.002,140.43782997894843,140.43782997894843,140.43782997894843,980.0352044167597,419.0677150137193,143.46743541482772,3.510945749473711,0.2808756599578969,3.2300700895158143,1130.3440072504368,1133.5740773399525,13.357407733995252,1171.4090438521102,3.229868055972972,ACTIVE,True
312,short,5,2.5,1.0,6,2024-03-02 20:40:00,176965,17696,9.134,179845,2024-03-03 20:40:00,TP,2.5,1123.5026398315874,12.5,0.002,140.43782997894843,3.0296054358793754,3.0296054358793754,1120.473034395708,559.5055449926678,3.0296054358793754,0.07574013589698439,0.006059210871758751,0.06968092502522563,1133.5740773399525,1133.6437582649778,13.364375826497788,1171.4090438521102,3.223919585164163,ACTIVE,True
313,short,98,2.5,1.0,8,2024-03-03 04:40:00,177927,17792,130.26,180807,2024-03-04 04:40:00,TP,2.5,1119.7402760337256,12.5,0.002,139.9675345042157,139.9675345042157,139.9675345042157,702.7770227793068,5.684341886080802e-14,416.9632532544189,3.499188362605393,0.2799350690084314,3.2192532935969616,1133.6437582649778,1136.8630115585747,13.686301155857471,1171.4090438521102,2.949100698414698,ACTIVE,True
314,short,5,2.5,1.0,1,2024-03-03 05:55:00,178070,17807,0.7269,180950,2024-03-04 05:55:00,TP,2.5,1119.7402760337256,12.5,0.002,139.9675345042157,139.9675345042157,139.9675345042157,842.7445572835225,140.2418723507602,276.9957187502032,3.499188362605393,0.2799350690084314,3.2192532935969616,1136.8630115585747,1140.0822648521716,14.008226485217158,1171.4090438521102,2.674281811665233,ACTIVE,True
315,short,5,2.5,1.0,1,2024-03-03 06:00:00,178080,17808,0.726,180960,2024-03-04 06:00:00,TP,2.5,1119.7402760337256,12.5,0.002,139.9675345042157,137.02818424598752,137.02818424598752,982.7120917877381,280.2094068549759,137.02818424598752,3.4257046061496883,0.27405636849197507,3.1516482376577133,1140.0822648521716,1143.2339130898295,14.323391308982947,1171.4090438521102,2.4052341844338603,ACTIVE,True
316,short,98,2.5,1.0,5,2024-03-04 01:00:00,180364,18036,0.15026,183244,2024-03-05 01:00:00,SL,-1.0,1133.6437582649778,12.5,0.002,141.70546978312223,141.70546978312223,141.70546978312223,416.9632532544183,5.684341886080802e-14,716.6805050105595,-1.4170546978312222,0.28341093956624447,-1.7004656373974667,1143.2339130898295,1141.533447452432,14.153344745243214,1171.4090438521102,2.550398305056111,ACTIVE,True
317,short,52,2.5,2.0,9,2024-03-04 05:15:00,180878,18087,0.13967,183758,2024-03-05 05:15:00,Time_288,-0.10739600486862694,1136.8630115585747,12.5,0.002,142.10787644482184,142.10787644482184,142.10787644482184,418.70118853332485,0.0,718.1618230252499,-0.1526181819053832,0.2842157528896437,-0.43683393479502686,1141.533447452432,1141.096613517637,14.109661351763702,1171.4090438521102,2.5876896284488775,ACTIVE,True
318,short,5,2.5,1.0,8,2024-03-04 16:30:00,182227,18222,130.69,185107,2024-03-05 16:30:00,TP,2.5,1143.2339130898295,12.5,0.002,142.90423913622868,142.90423913622868,142.90423913622868,283.8133462279435,5.684341886080802e-14,859.420566861886,3.572605978405717,0.28580847827245737,3.2867975001332597,1141.096613517637,1144.3834110177702,14.43834110177702,1171.4090438521102,2.3071046767291334,ACTIVE,True
319,short,5,2.5,1.0,8,2024-03-04 16:35:00,182237,18223,129.91,185117,2024-03-05 16:35:00,SL,-1.0,1143.2339130898295,12.5,0.002,142.90423913622868,142.90423913622868,142.90423913622868,426.7175853641722,142.90423913622874,716.5163277256572,-1.429042391362287,0.28580847827245737,-1.7148508696347444,1144.3834110177702,1142.6685601481354,14.266856014813545,1171.4090438521102,2.4534968254524876,ACTIVE,True
320,short,5,2.5,1.0,8,2024-03-04 16:50:00,182267,18226,129.66,185147,2024-03-05 16:50:00,SL,-1.0,1143.2339130898295,12.5,0.002,142.90423913622868,142.90423913622868,142.90423913622868,569.6218245004009,285.8084782724574,573.6120885894286,-1.429042391362287,0.28580847827245737,-1.7148508696347444,1142.6685601481354,1140.9537092785006,14.095370927850048,1171.4090438521102,2.5998889741758417,ACTIVE,True
321,short,5,2.5,1.0,6,2024-03-04 20:45:00,182735,18273,9.897,185615,2024-03-05 20:45:00,SL,-1.0,1143.2339130898295,12.5,0.002,142.90423913622868,142.90423913622868,142.90423913622868,712.5260636366295,2.842170943040401e-14,430.70784945319997,-1.429042391362287,0.28580847827245737,-1.7148508696347444,1140.9537092785006,1139.2388584088658,13.923885840886573,1171.4090438521102,2.7462811228991955,ACTIVE,True
322,short,5,2.5,1.0,6,2024-03-04 20:50:00,182745,18274,9.87,185625,2024-03-05 20:50:00,SL,-1.0,1143.2339130898295,12.5,0.002,142.90423913622868,142.90423913622868,142.90423913622868,855.4303027728581,142.9042391362287,287.80361031697134,-1.429042391362287,0.28580847827245737,-1.7148508696347444,1139.2388584088658,1137.524007539231,13.7524007539231,1171.4090438521102,2.8926732716225496,ACTIVE,True
323,short,5,2.5,1.0,6,2024-03-04 20:55:00,182755,18275,9.9,185635,2024-03-05 20:55:00,SL,-1.0,1143.2339130898295,12.5,0.002,142.90423913622868,142.90423913622868,142.90423913622868,998.3345419090867,285.80847827245736,144.89937118074272,-1.429042391362287,0.28580847827245737,-1.7148508696347444,1137.524007539231,1135.8091566695962,13.580915666959626,1171.4090438521102,3.0390654203459038,ACTIVE,True
324,short,5,2.5,1.0,6,2024-03-04 21:00:00,182765,18276,9.842,185645,2024-03-05 21:00:00,SL,-1.0,1143.2339130898295,12.5,0.002,142.90423913622868,1.9951320445140936,1.9951320445140936,1141.2387810453154,428.71271740868605,1.9951320445140936,-0.019951320445140936,0.003990264089028187,-0.023941584534169124,1135.8091566695962,1135.785215085062,13.578521508506203,1171.4090438521102,3.041109248217975,ACTIVE,True
325,short,91,2.0,1.0,2,2024-03-05 05:25:00,183771,18377,42.73,186651,2024-03-06 05:25:00,SL,-1.0,1141.096613517637,12.5,0.002,142.63707668970463,142.63707668970463,142.63707668970463,859.4205668618854,0.0,281.67604665575163,-1.4263707668970462,0.28527415337940926,-1.7116449202764554,1135.785215085062,1134.0735701647855,13.40735701647855,1171.4090438521102,3.1872277137753064,ACTIVE,True
326,short,34,2.0,2.0,7,2024-03-05 10:20:00,184366,18436,3699.4,187246,2024-03-06 10:20:00,TP,2.0,1141.096613517637,12.5,0.002,142.63707668970463,139.03896996604703,139.03896996604703,1002.05764355159,5.684341886080802e-14,139.03896996604703,2.7807793993209406,0.27807793993209406,2.5027014593888466,1134.0735701647855,1136.5762716241743,13.65762716241743,1171.4090438521102,2.9735789057416193,ACTIVE,True
327,short,17,3.5,2.0,6,2024-03-05 17:00:00,185165,18516,9.865,188045,2024-03-06 17:00:00,TP,3.5,1140.9537092785006,12.5,0.002,142.61921365981257,142.61921365981257,142.61921365981257,712.3838961089511,430.70784945320014,428.56981316954943,4.991672478093441,0.2852384273196252,4.706434050773815,1136.5762716241743,1141.2827056749481,14.128270567494816,1171.4090438521102,2.5718034477600917,ACTIVE,True
328,short,29,5.0,1.0,3,2024-03-05 18:25:00,185332,18533,405.3,188212,2024-03-06 18:25:00,TP,5.0,1140.9537092785006,12.5,0.002,142.61921365981257,142.61921365981257,142.61921365981257,855.0031097687637,0.0,285.9505995097369,7.130960682990629,0.2852384273196252,6.845722255671004,1141.2827056749481,1148.1284279306192,14.81284279306192,1171.4090438521102,1.987402781605144,ACTIVE,True
329,short,31,2.5,2.0,3,2024-03-05 18:50:00,185382,18538,402.2,188262,2024-03-06 18:50:00,TP,2.5,1140.9537092785006,12.5,0.002,142.61921365981257,142.61921365981257,142.61921365981257,997.6223234285762,142.61921365981257,143.33138584992435,3.5654803414953147,0.2852384273196252,3.2802419141756896,1148.1284279306192,1151.4086698447948,15.140866984479473,1171.4090438521102,1.7073774624059093,ACTIVE,True
330,short,30,2.5,2.5,1,2024-03-05 21:00:00,185640,18564,0.6622,188520,2024-03-06 21:00:00,SL,-2.5,1135.8091566695962,12.5,0.002,141.97614458369952,141.97614458369952,141.97614458369952,711.528819679703,0.0,424.28033698989316,-3.5494036145924883,0.28395228916739906,-3.8333559037598874,1151.4086698447948,1147.575313941035,14.757531394103495,1171.4090438521102,2.0346206166122403,ACTIVE,True
331,short,67,3.5,2.5,5,2024-03-05 21:25:00,185694,18569,0.15419,188574,2024-03-06 21:25:00,TP,3.5,1135.785215085062,12.5,0.002,141.97315188563275,141.97315188563275,141.97315188563275,851.5098322188885,5.684341886080802e-14,284.27538286617346,4.9690603159971465,0.2839463037712655,4.685114012225881,1147.575313941035,1152.2604279532607,15.226042795326066,1171.4090438521102,1.634665192261149,ACTIVE,True
332,short,67,3.5,2.5,7,2024-03-05 21:30:00,185706,18570,3492.79,188586,2024-03-06 21:30:00,SL,-2.5,1135.785215085062,12.5,0.002,141.97315188563275,141.97315188563275,141.97315188563275,993.4829841045213,139.0389699660471,142.30223098054068,-3.5493287971408187,0.2839463037712655,-3.8332751009120845,1152.2604279532607,1148.4271528523486,14.842715285234863,1171.4090438521102,1.9619014485484088,ACTIVE,True
333,short,5,2.5,1.0,6,2024-03-07 13:35:00,190515,19051,10.307,193395,2024-03-08 13:35:00,SL,-1.0,1148.4271528523486,12.5,0.002,143.55339410654358,143.55339410654358,143.55339410654358,-2.2737367544323206e-13,2.842170943040401e-14,1148.4271528523489,-1.4355339410654357,0.28710678821308716,-1.7226407292785229,1148.4271528523486,1146.7045121230701,14.670451212307011,1171.4090438521102,2.1089585963755852,ACTIVE,True
334,short,5,2.5,1.0,6,2024-03-07 13:40:00,190525,19052,10.323,193405,2024-03-08 13:40:00,SL,-1.0,1148.4271528523486,12.5,0.002,143.55339410654358,143.55339410654358,143.55339410654358,143.55339410654335,143.5533941065436,1004.8737587458053,-1.4355339410654357,0.28710678821308716,-1.7226407292785229,1146.7045121230701,1144.9818713937916,14.498187139379159,1171.4090438521102,2.2560157442027613,ACTIVE,True
335,short,5,2.5,1.0,6,2024-03-07 14:30:00,190625,19062,10.47,193505,2024-03-08 14:30:00,SL,-1.0,1148.4271528523486,12.5,0.002,143.55339410654358,143.55339410654358,143.55339410654358,287.10678821308693,287.10678821308716,861.3203646392617,-1.4355339410654357,0.28710678821308716,-1.7226407292785229,1144.9818713937916,1143.259230664513,14.325923066451306,1171.4090438521102,2.403072892029938,ACTIVE,True
336,short,5,2.5,1.0,6,2024-03-07 14:35:00,190635,19063,10.515,193515,2024-03-08 14:35:00,TP,2.5,1148.4271528523486,12.5,0.002,143.55339410654358,143.55339410654358,143.55339410654358,430.6601823196305,430.66018231963074,717.7669705327181,3.58883485266359,0.28710678821308716,3.3017280644505025,1143.259230664513,1146.5609587289637,14.656095872896358,1171.4090438521102,2.1212133586945083,ACTIVE,True
337,short,81,6.0,1.5,2,2024-03-07 17:30:00,190981,19098,43.84,193861,2024-03-08 17:30:00,TP,6.0,1148.4271528523486,12.5,0.002,143.55339410654358,143.55339410654358,143.55339410654358,574.2135764261741,0.0,574.2135764261745,8.613203646392614,0.28710678821308716,8.326096858179527,1146.5609587289637,1154.887055587143,15.488705558714312,1171.4090438521102,1.4104371441964931,ACTIVE,True
338,short,81,6.0,1.5,2,2024-03-07 17:40:00,191001,19100,43.87,193881,2024-03-08 17:40:00,TP,6.0,1148.4271528523486,12.5,0.002,143.55339410654358,143.55339410654358,143.55339410654358,717.7669705327177,143.55339410654358,430.66018231963096,8.613203646392614,0.28710678821308716,8.326096858179527,1154.887055587143,1163.2131524453225,16.321315244532244,1171.4090438521102,0.6996609296984777,ACTIVE,True
339,short,5,2.5,1.0,10,2024-03-07 20:50:00,191389,19138,0.6363,194269,2024-03-08 20:50:00,TP,2.5,1148.4271528523486,12.5,0.002,143.55339410654358,143.55339410654358,143.55339410654358,861.3203646392612,2.842170943040401e-14,287.1067882130874,3.58883485266359,0.28710678821308716,3.3017280644505025,1163.2131524453225,1166.514880509773,16.651488050977314,1171.4090438521102,0.41780139636304847,ACTIVE,True
340,short,5,2.5,1.0,2,2024-03-07 21:45:00,191491,19149,43.34,194371,2024-03-08 21:45:00,SL,-1.0,1148.4271528523486,12.5,0.002,143.55339410654358,143.55339410654358,143.55339410654358,1004.8737587458048,287.10678821308716,143.5533941065438,-1.4355339410654357,0.28710678821308716,-1.7226407292785229,1166.514880509773,1164.7922397804946,16.47922397804946,1171.4090438521102,0.5648585441902247,ACTIVE,True
341,short,9,2.5,1.5,1,2024-03-08 15:45:00,193650,19365,0.7304,196530,2024-03-09 15:45:00,TP,2.5,1146.5609587289637,12.5,0.002,143.32011984112046,143.32011984112046,143.32011984112046,574.2135764261741,0.0,572.3473823027896,3.5830029960280116,0.28664023968224095,3.2963627563457707,1164.7922397804946,1168.0886025368404,16.808860253684045,1171.4090438521102,0.28345703259646526,ACTIVE,True
342,short,31,2.5,2.0,2,2024-03-08 15:50:00,193661,19366,42.7,196541,2024-03-09 15:50:00,TP,2.5,1146.5609587289637,12.5,0.002,143.32011984112046,143.32011984112046,143.32011984112046,717.5336962672945,430.66018231963074,429.0272624616691,3.5830029960280116,0.28664023968224095,3.2963627563457707,1168.0886025368404,1171.3849652931863,17.138496529318626,1171.4090438521102,0.002055521002705766,ACTIVE,True
343,short,31,2.5,2.0,10,2024-03-08 15:50:00,193669,19366,0.6182,196549,2024-03-09 15:50:00,TP,2.5,1146.5609587289637,12.5,0.002,143.32011984112046,143.32011984112046,143.32011984112046,860.853816108415,143.5533941065436,285.70714262054867,3.5830029960280116,0.28664023968224095,3.2963627563457707,1171.3849652931863,1174.681328049532,17.468132804953207,1174.681328049532,0.0,ACTIVE,True
344,short,67,3.5,2.5,1,2024-03-08 17:30:00,193860,19386,0.7287,196740,2024-03-09 17:30:00,Time_288,-1.454645258679833,1146.5609587289637,12.5,0.002,143.32011984112046,142.3870227794282,142.3870227794282,1004.1739359495355,143.32011984112046,142.3870227794282,-2.0712260758363263,0.28477404555885644,-2.3560001213951827,1174.681328049532,1172.3253279281369,17.232532792813693,1174.681328049532,0.20056504390916058,ACTIVE,True
345,short,67,3.5,2.5,8,2024-03-08 23:20:00,194567,19456,145.62,197447,2024-03-09 23:20:00,Time_288,0.803461063040802,1164.7922397804946,12.5,0.002,145.59902997256182,145.59902997256182,145.59902997256182,572.3473823027894,5.684341886080802e-14,592.4448574777052,1.1698315139946411,0.29119805994512366,0.8786334540495175,1172.3253279281369,1173.2039613821864,17.32039613821865,1174.681328049532,0.1257674428007408,ACTIVE,True
346,short,17,3.5,2.0,5,2024-03-09 07:20:00,195524,19552,0.16896,198404,2024-03-10 07:20:00,TP,3.5,1164.7922397804946,12.5,0.002,145.59902997256182,145.59902997256182,145.59902997256182,717.9464122753511,5.684341886080802e-14,446.84582750514346,5.0959660490396645,0.29119805994512366,4.8047679890945405,1173.2039613821864,1178.0087293712809,17.800872937128087,1178.0087293712809,0.0,ACTIVE,True
347,short,66,3.5,1.0,10,2024-03-09 10:30:00,195909,19590,0.6195,198789,2024-03-10 10:30:00,SL,-1.0,1164.7922397804946,12.5,0.002,145.59902997256182,145.59902997256182,145.59902997256182,863.5454422479129,143.32011984112046,301.2467975325817,-1.4559902997256182,0.29119805994512366,-1.7471883596707418,1178.0087293712809,1176.2615410116102,17.626154101161017,1178.0087293712809,0.14831709783705446,ACTIVE,True
348,short,17,3.5,2.0,1,2024-03-09 11:20:00,196000,19600,0.7284,198880,2024-03-10 11:20:00,SL,-2.0,1164.7922397804946,12.5,0.002,145.59902997256182,145.59902997256182,145.59902997256182,1009.1444722204747,285.70714262054867,155.64776756001993,-2.9119805994512364,0.29119805994512366,-3.20317865939636,1176.2615410116102,1173.0583623522139,17.305836235221395,1178.0087293712809,0.4202317772050037,ACTIVE,True
349,short,7,3.0,2.0,6,2024-03-09 18:55:00,196915,19691,10.511,199795,2024-03-10 18:55:00,TP,3.0,1172.3253279281369,12.5,0.002,146.5406659910171,146.5406659910171,146.5406659910171,582.3961198902468,0.0,589.92920803789,4.396219979730513,0.29308133198203423,4.103138647748478,1173.0583623522139,1177.1615009999623,17.71615009999623,1178.0087293712809,0.07192038141947862,ACTIVE,True
350,short,8,5.0,3.0,1,2024-03-10 13:00:00,199080,19908,0.7272,201960,2024-03-11 13:00:00,TP,5.0,1173.0583623522139,12.5,0.002,146.63229529402673,146.63229529402673,146.63229529402673,146.54066599101662,0.0,1026.5176963611973,7.331614764701337,0.2932645905880535,7.038350174113283,1177.1615009999623,1184.1998511740755,18.419985117407546,1184.1998511740755,0.0,ACTIVE,True
351,short,8,5.0,3.0,8,2024-03-10 14:55:00,199317,19931,143.99,202197,2024-03-11 14:55:00,TP,5.0,1173.0583623522139,12.5,0.002,146.63229529402673,146.63229529402673,146.63229529402673,293.17296128504336,5.684341886080802e-14,879.8854010671705,7.331614764701337,0.2932645905880535,7.038350174113283,1184.1998511740755,1191.2382013481888,19.12382013481888,1191.2382013481888,0.0,ACTIVE,True
352,short,9,2.5,1.5,2,2024-03-10 15:55:00,199431,19943,41.76,202311,2024-03-11 15:55:00,TP,2.5,1173.0583623522139,12.5,0.002,146.63229529402673,146.63229529402673,146.63229529402673,439.8052565790701,0.0,733.2531057731437,3.6658073823506685,0.2932645905880535,3.372542791762615,1191.2382013481888,1194.6107441399515,19.46107441399516,1194.6107441399515,0.0,ACTIVE,True
353,short,21,3.5,1.0,10,2024-03-10 16:15:00,199479,19947,0.6132,202359,2024-03-11 16:15:00,TP,3.5,1173.0583623522139,12.5,0.002,146.63229529402673,146.63229529402673,146.63229529402673,586.4375518730968,0.0,586.620810479117,5.132130335290936,0.2932645905880535,4.838865744702883,1194.6107441399515,1199.4496098846544,19.944960988465432,1199.4496098846544,0.0,ACTIVE,True
354,short,28,5.0,1.5,8,2024-03-10 18:10:00,199707,19970,144.59,202587,2024-03-11 18:10:00,TP,5.0,1173.0583623522139,12.5,0.002,146.63229529402673,146.63229529402673,146.63229529402673,733.0698471671235,146.6322952940268,439.98851518509036,7.331614764701337,0.2932645905880535,7.038350174113283,1199.4496098846544,1206.4879600587676,20.64879600587677,1206.4879600587676,0.0,ACTIVE,True
355,short,28,5.0,1.5,8,2024-03-10 18:20:00,199727,19972,143.96,202607,2024-03-11 18:20:00,TP,5.0,1173.0583623522139,12.5,0.002,146.63229529402673,146.63229529402673,146.63229529402673,879.7021424611503,293.2645905880535,293.3562198910636,7.331614764701337,0.2932645905880535,7.038350174113283,1206.4879600587676,1213.5263102328809,21.352631023288083,1213.5263102328809,0.0,ACTIVE,True
356,short,67,3.5,2.5,8,2024-03-10 23:25:00,200337,20033,143.74,203217,2024-03-11 23:25:00,TP,3.5,1177.1615009999623,12.5,0.002,147.1451876249953,147.1451876249953,147.1451876249953,879.7937717641599,439.89688588208026,297.36772923580236,5.150081566874835,0.2942903752499906,4.855791191624845,1213.5263102328809,1218.3821014245057,21.838210142450578,1218.3821014245057,0.0,ACTIVE,True
357,short,34,2.0,2.0,8,2024-03-10 23:35:00,200357,20035,143.4,203237,2024-03-11 23:35:00,TP,2.0,1177.1615009999623,12.5,0.002,147.1451876249953,147.1451876249953,147.1451876249953,1026.9389593891551,587.0420735070755,150.22254161080718,2.9429037524999058,0.2942903752499906,2.648613377249915,1218.3821014245057,1221.0307148017555,22.10307148017554,1221.0307148017555,0.0,ACTIVE,True
358,short,85,3.5,1.0,2,2024-03-11 00:25:00,200451,20045,41.57,203331,2024-03-12 00:25:00,TP,3.5,1177.1615009999623,12.5,0.002,147.1451876249953,3.0773539858118966,3.0773539858118966,1174.0841470141504,146.63229529402673,3.0773539858118966,0.10770738950341639,0.006154707971623793,0.1015526815317926,1221.0307148017555,1221.1322674832873,22.113226748328717,1221.1322674832873,0.0,ACTIVE,True
359,short,5,2.5,1.0,3,2024-03-11 13:35:00,202032,20203,519.8,204912,2024-03-12 13:35:00,SL,-1.0,1184.1998511740755,12.5,0.002,148.02498139675944,148.02498139675944,148.02498139675944,1030.5292057059355,0.0,153.67064546814004,-1.4802498139675944,0.2960499627935189,-1.7762997767611133,1221.1322674832873,1219.3559677065261,21.935596770652623,1221.1322674832873,0.1454633395628797,ACTIVE,True
360,short,5,2.5,1.0,3,2024-03-11 13:40:00,202042,20204,519.9,204922,2024-03-12 13:40:00,SL,-1.0,1184.1998511740755,12.5,0.002,148.02498139675944,5.645664071380679,5.645664071380679,1178.5541871026949,148.02498139675944,5.645664071380679,-0.056456640713806794,0.011291328142761358,-0.06774796885656816,1219.3559677065261,1219.2882197376696,21.928821973766954,1221.1322674832873,0.151011302765604,ACTIVE,True
361,short,52,2.5,2.0,9,2024-03-11 15:35:00,202278,20227,0.13241,205158,2024-03-12 15:35:00,Time_288,0.2039120912317744,1191.2382013481888,12.5,0.002,148.9047751685236,148.9047751685236,148.9047751685236,1037.5675558800488,0.0,153.67064546814004,0.3036348409901084,0.2978095503370472,0.005825290653061199,1219.2882197376696,1219.2940450283227,21.929404502832273,1221.1322674832873,0.15053426266043193,ACTIVE,True
362,short,74,8.0,2.5,10,2024-03-11 17:40:00,202529,20252,0.7262,205409,2024-03-12 17:40:00,TP,8.0,1199.4496098846544,12.5,0.002,149.9312012355818,149.9312012355818,149.9312012355818,893.2077404605188,0.0,306.24186942413553,11.994496098846543,0.2998624024711636,11.69463369637538,1219.2940450283227,1230.988678724698,23.098867872469796,1230.988678724698,0.0,ACTIVE,True
363,short,87,5.0,3.0,10,2024-03-11 19:00:00,202689,20268,0.7386,205569,2024-03-12 19:00:00,TP,5.0,1213.5263102328809,12.5,0.002,151.6907887791101,151.6907887791101,151.6907887791101,749.874351108047,149.9312012355818,463.65195912483387,7.584539438955506,0.3033815775582202,7.281157861397286,1230.988678724698,1238.2698365860954,23.826983658609535,1238.2698365860954,0.0,ACTIVE,True
364,short,9,2.5,1.5,5,2024-03-12 05:35:00,203954,20395,0.17441,206834,2024-03-13 05:35:00,TP,2.5,1221.1322674832873,12.5,0.002,152.6415334354109,152.6415334354109,152.6415334354109,604.1974106513546,5.684341886080802e-14,616.9348568319326,3.8160383358852727,0.3052830668708218,3.510755269014451,1238.2698365860954,1241.7805918551098,24.178059185510993,1241.7805918551098,0.0,ACTIVE,True
365,short,16,3.0,1.0,4,2024-03-12 16:05:00,205213,20521,71574.9,208093,2024-03-13 16:05:00,TP,3.0,1219.2940450283227,12.5,0.002,152.41175562854033,152.41175562854033,152.41175562854033,454.2635234501018,0.0,765.0305215782209,4.57235266885621,0.3048235112570807,4.267529157599129,1241.7805918551098,1246.0481210127089,24.60481210127088,1246.0481210127089,0.0,ACTIVE,True
366,short,8,5.0,3.0,10,2024-03-12 16:15:00,205239,20523,0.6948,208119,2024-03-13 16:15:00,TP,5.0,1219.2940450283227,12.5,0.002,152.41175562854033,152.41175562854033,152.41175562854033,606.6752790786421,301.6219900146919,612.6187659496806,7.620587781427017,0.3048235112570807,7.315764270169936,1246.0481210127089,1253.3638852828788,25.336388528287877,1253.3638852828788,0.0,ACTIVE,True
367,short,98,2.5,1.0,5,2024-03-12 17:45:00,205414,20541,0.16435,208294,2024-03-13 17:45:00,SL,-1.0,1230.988678724698,12.5,0.002,153.87358484058726,153.87358484058726,153.87358484058726,609.1558334716008,152.64153343541096,621.8328452530973,-1.5387358484058726,0.3077471696811745,-1.846483018087047,1253.3638852828788,1251.5174022647916,25.15174022647917,1253.3638852828788,0.14732218151238757,ACTIVE,True
368,short,39,8.0,3.0,5,2024-03-13 11:50:00,207584,20758,0.17017,210464,2024-03-14 11:50:00,SL,-3.0,1241.7805918551098,12.5,0.002,155.22257398188873,155.22257398188873,155.22257398188873,458.697096097667,153.87358484058734,783.0834957574428,-4.656677219456662,0.3104451479637775,-4.96712236742044,1251.5174022647916,1246.5502798973712,24.65502798973711,1253.3638852828788,0.5436254758505166,ACTIVE,True
369,short,27,4.0,1.0,5,2024-03-14 14:45:00,210814,21081,0.17671,213694,2024-03-15 14:45:00,SL,-1.0,1246.5502798973712,12.5,0.002,155.8187849871714,155.8187849871714,155.8187849871714,-8.810729923425242e-13,8.526512829121202e-14,1246.550279897372,-1.558187849871714,0.3116375699743428,-1.8698254198460569,1246.5502798973712,1244.680454477525,24.468045447752495,1253.3638852828788,0.6928100376367494,ACTIVE,True
370,short,67,3.5,2.5,1,2024-03-14 16:50:00,211060,21106,0.7573,213940,2024-03-15 16:50:00,TP,3.5,1246.5502798973712,12.5,0.002,155.8187849871714,155.8187849871714,155.8187849871714,155.81878498717052,0.0,1090.7314949102006,5.453657474550999,0.3116375699743428,5.142019904576657,1244.680454477525,1249.8224743821017,24.98224743821018,1253.3638852828788,0.28255249272462707,ACTIVE,True
371,short,67,3.5,2.5,5,2024-03-14 16:50:00,211064,21106,0.1772,213944,2024-03-15 16:50:00,TP,3.5,1246.5502798973712,12.5,0.002,155.8187849871714,155.8187849871714,155.8187849871714,311.6375699743419,155.81878498717148,934.9127099230293,5.453657474550999,0.3116375699743428,5.142019904576657,1249.8224743821017,1254.9644942866785,25.496449428667844,1254.9644942866785,0.0,ACTIVE,True
372,short,67,3.5,2.5,1,2024-03-14 16:55:00,211070,21107,0.7594,213950,2024-03-15 16:55:00,TP,3.5,1246.5502798973712,12.5,0.002,155.8187849871714,155.8187849871714,155.8187849871714,467.4563549615133,155.8187849871714,779.0939249358579,5.453657474550999,0.3116375699743428,5.142019904576657,1254.9644942866785,1260.1065141912552,26.01065141912553,1260.1065141912552,0.0,ACTIVE,True
373,short,31,2.5,2.0,3,2024-03-14 18:10:00,211222,21122,592.3,214102,2024-03-15 18:10:00,SL,-2.0,1246.5502798973712,12.5,0.002,155.8187849871714,155.8187849871714,155.8187849871714,623.2751399486847,0.0,623.2751399486865,-3.116375699743428,0.3116375699743428,-3.4280132697177708,1260.1065141912552,1256.6785009215375,25.667850092153756,1260.1065141912552,0.2720415481637113,ACTIVE,True
374,short,8,5.0,3.0,2,2024-03-15 04:05:00,212411,21241,53.27,215291,2024-03-16 04:05:00,TP,5.0,1246.5502798973712,12.5,0.002,155.8187849871714,155.8187849871714,155.8187849871714,779.0939249358561,0.0,467.4563549615151,7.79093924935857,0.3116375699743428,7.4793016793842275,1256.6785009215375,1264.1578026009217,26.41578026009217,1264.1578026009217,0.0,ACTIVE,True
375,short,9,2.5,1.5,2,2024-03-15 04:10:00,212421,21242,54.24,215301,2024-03-16 04:10:00,TP,2.5,1246.5502798973712,12.5,0.002,155.8187849871714,155.8187849871714,155.8187849871714,934.9127099230275,155.8187849871714,311.6375699743437,3.895469624679285,0.3116375699743428,3.583832054704942,1264.1578026009217,1267.7416346556267,26.774163465562673,1267.7416346556267,0.0,ACTIVE,True
376,short,31,2.5,2.0,3,2024-03-15 04:40:00,212482,21248,575.7,215362,2024-03-16 04:40:00,TP,2.5,1246.5502798973712,12.5,0.002,155.8187849871714,155.8187849871714,155.8187849871714,1090.7314949101988,155.8187849871714,155.81878498717242,3.895469624679285,0.3116375699743428,3.583832054704942,1267.7416346556267,1271.3254667103317,27.132546671033175,1271.3254667103317,0.0,ACTIVE,True
377,short,91,2.0,1.0,8,2024-03-15 17:35:00,214037,21403,181.41,216917,2024-03-16 17:35:00,TP,2.0,1260.1065141912552,12.5,0.002,157.5133142739069,157.5133142739069,157.5133142739069,623.2751399486846,1.1368683772161603e-13,636.8313742425706,3.1502662854781383,0.3150266285478138,2.8352396569303244,1271.3254667103317,1274.160706367262,27.416070636726197,1274.160706367262,0.0,ACTIVE,True
378,short,29,5.0,1.0,7,2024-03-15 21:40:00,214526,21452,3651.0,217406,2024-03-16 21:40:00,SL,-1.0,1256.6785009215375,12.5,0.002,157.0848126151922,157.0848126151922,157.0848126151922,624.96966923542,2.842170943040401e-14,631.7088316861175,-1.570848126151922,0.3141696252303844,-1.8850177513823065,1274.160706367262,1272.2756886158797,27.22756886158797,1274.160706367262,0.1479419151730581,ACTIVE,True
379,short,29,5.0,1.0,7,2024-03-15 21:45:00,214536,21453,3654.95,217416,2024-03-16 21:45:00,SL,-1.0,1256.6785009215375,12.5,0.002,157.0848126151922,157.0848126151922,157.0848126151922,782.0544818506122,157.08481261519222,474.6240190709253,-1.570848126151922,0.3141696252303844,-1.8850177513823065,1272.2756886158797,1270.3906708644975,27.03906708644974,1274.160706367262,0.2958838303461162,ACTIVE,True
380,short,17,3.5,2.0,4,2024-03-16 19:00:00,217083,21708,67356.83,219963,2024-03-17 19:00:00,TP,3.5,1274.160706367262,12.5,0.002,159.27008829590775,159.27008829590775,159.27008829590775,314.1696252303833,0.0,959.9910811368787,5.574453090356772,0.3185401765918155,5.2559129137649565,1270.3906708644975,1275.6465837782623,27.564658377826223,1275.6465837782623,0.0,ACTIVE,True
381,short,67,3.5,2.5,5,2024-03-16 22:35:00,217514,21751,0.14338,220394,2024-03-17 22:35:00,TP,3.5,1270.3906708644975,12.5,0.002,158.79883385806218,158.79883385806218,158.79883385806218,159.27008829590667,1.1368683772161603e-13,1111.1205825685909,5.557959185032177,0.31759766771612435,5.240361517316052,1275.6465837782623,1280.8869452955785,28.088694529557845,1280.8869452955785,0.0,ACTIVE,True
382,short,31,2.5,2.0,10,2024-03-16 23:05:00,217579,21757,0.6018,220459,2024-03-17 23:05:00,SL,-2.0,1270.3906708644975,12.5,0.002,158.79883385806218,158.79883385806218,158.79883385806218,318.06892215396886,0.0,952.3217487105286,-3.175976677161244,0.31759766771612435,-3.493574344877368,1280.8869452955785,1277.3933709507012,27.739337095070127,1280.8869452955785,0.2727465025471946,ACTIVE,True
383,short,53,8.0,1.25,7,2024-03-17 07:55:00,218636,21863,3472.72,221516,2024-03-18 07:55:00,SL,-1.25,1270.3906708644975,12.5,0.002,158.79883385806218,158.79883385806218,158.79883385806218,476.867756012031,5.684341886080802e-14,793.5229148524664,-1.9849854232257773,0.31759766771612435,-2.302583090941902,1277.3933709507012,1275.0907878597593,27.509078785975927,1280.8869452955785,0.45251124286239347,ACTIVE,True
384,short,12,3.5,1.25,7,2024-03-17 08:00:00,218646,21864,3473.99,221526,2024-03-18 08:00:00,SL,-1.25,1270.3906708644975,12.5,0.002,158.79883385806218,158.79883385806218,158.79883385806218,635.6665898700932,158.79883385806224,634.7240809944043,-1.9849854232257773,0.31759766771612435,-2.302583090941902,1275.0907878597593,1272.7882047688174,27.278820476881748,1280.8869452955785,0.6322759831775924,ACTIVE,True
385,short,53,8.0,1.25,3,2024-03-17 08:05:00,218652,21865,559.6,221532,2024-03-18 08:05:00,SL,-1.25,1270.3906708644975,12.5,0.002,158.79883385806218,158.79883385806218,158.79883385806218,794.4654237281553,0.0,475.92524713634214,-1.9849854232257773,0.31759766771612435,-2.302583090941902,1272.7882047688174,1270.4856216778755,27.048562167787548,1280.8869452955785,0.8120407234927912,ACTIVE,True
386,short,53,8.0,1.25,7,2024-03-17 08:05:00,218656,21865,3465.17,221536,2024-03-18 08:05:00,SL,-1.25,1270.3906708644975,12.5,0.002,158.79883385806218,158.79883385806218,158.79883385806218,953.2642575862175,317.5976677161244,317.12641327828,-1.9849854232257773,0.31759766771612435,-2.302583090941902,1270.4856216778755,1268.1830385869337,26.81830385869337,1280.8869452955785,0.9918054638079901,ACTIVE,True
387,short,91,2.0,1.0,2,2024-03-17 12:05:00,219131,21913,56.21,222011,2024-03-18 12:05:00,TP,2.0,1270.3906708644975,12.5,0.002,158.79883385806218,158.32757942021772,158.32757942021772,1112.0630914442797,0.0,158.32757942021772,3.1665515884043542,0.31665515884043544,2.849896429563919,1268.1830385869337,1271.0329350164975,27.103293501649752,1280.8869452955785,0.7693114771192432,ACTIVE,True
388,short,91,2.0,1.0,8,2024-03-17 23:30:00,220507,22050,203.25,223387,2024-03-18 23:30:00,TP,2.0,1277.3933709507012,12.5,0.002,159.67417136883765,159.67417136883765,159.67417136883765,793.5229148524654,1.1368683772161603e-13,483.87045609823576,3.193483427376753,0.3193483427376753,2.874135084639078,1271.0329350164975,1273.9070701011365,27.39070701011366,1280.8869452955785,0.5449251567499831,ACTIVE,True
389,short,65,2.5,1.25,5,2024-03-18 16:20:00,222524,22252,0.14477,225404,2024-03-19 16:20:00,TP,2.5,1271.0329350164975,12.5,0.002,158.8791168770622,158.8791168770622,158.8791168770622,159.6741713688367,1.1368683772161603e-13,1111.358763647661,3.971977921926555,0.3177582337541244,3.6542196881724305,1273.9070701011365,1277.5612897893088,27.756128978930896,1280.8869452955785,0.25963692724670634,ACTIVE,True
390,short,5,2.5,1.0,3,2024-03-18 21:35:00,223152,22315,554.6,226032,2024-03-19 21:35:00,SL,-1.0,1271.0329350164975,12.5,0.002,158.8791168770622,158.8791168770622,158.8791168770622,318.5532882458989,0.0,952.4796467705986,-1.588791168770622,0.3177582337541244,-1.9065494025247465,1277.5612897893088,1275.6547403867842,27.565474038678417,1280.8869452955785,0.40848296003102086,ACTIVE,True
391,short,19,6.0,1.75,7,2024-03-19 02:20:00,223726,22372,3431.76,226606,2024-03-20 02:20:00,TP,6.0,1273.9070701011365,12.5,0.002,159.23838376264206,159.23838376264206,159.23838376264206,317.75823375412347,5.684341886080802e-14,956.148836347013,9.554303025758523,0.31847676752528414,9.235826258233239,1275.6547403867842,1284.8905666450173,28.48905666450172,1284.8905666450173,0.0,ACTIVE,True
392,short,7,3.0,2.0,6,2024-03-19 02:45:00,223775,22377,9.432,226655,2024-03-20 02:45:00,TP,3.0,1273.9070701011365,12.5,0.002,159.23838376264206,159.23838376264206,159.23838376264206,476.9966175167655,0.0,796.9104525843709,4.777151512879262,0.31847676752528414,4.458674745353978,1284.8905666450173,1289.3492413903714,28.934924139037133,1289.3492413903714,0.0,ACTIVE,True
393,short,17,3.5,2.0,5,2024-03-19 02:45:00,223774,22377,0.1355,226654,2024-03-20 02:45:00,TP,3.5,1273.9070701011365,12.5,0.002,159.23838376264206,159.23838376264206,159.23838376264206,636.2350012794076,158.8791168770623,637.6720688217289,5.573343431692472,0.31847676752528414,5.254866664167189,1289.3492413903714,1294.6041080545385,29.46041080545385,1294.6041080545385,0.0,ACTIVE,True
394,short,61,8.0,1.5,6,2024-03-19 02:55:00,223795,22379,9.434,226675,2024-03-20 02:55:00,TP,8.0,1273.9070701011365,12.5,0.002,159.23838376264206,159.23838376264206,159.23838376264206,795.4733850420496,159.23838376264206,478.4336850590869,12.739070701011364,0.31847676752528414,12.42059393348608,1294.6041080545385,1307.0247019880246,30.702470198802455,1307.0247019880246,0.0,ACTIVE,True
395,short,17,3.5,2.0,6,2024-03-19 04:25:00,223975,22397,9.383,226855,2024-03-20 04:25:00,TP,3.5,1273.9070701011365,12.5,0.002,159.23838376264206,159.23838376264206,159.23838376264206,954.7117688046917,318.4767675252841,319.19530129644477,5.573343431692472,0.31847676752528414,5.254866664167189,1307.0247019880246,1312.2795686521918,31.227956865219177,1312.2795686521918,0.0,ACTIVE,True
396,short,91,2.0,1.0,8,2024-03-19 05:25:00,224097,22409,185.28,226977,2024-03-20 05:25:00,SL,-1.0,1273.9070701011365,12.5,0.002,159.23838376264206,159.23838376264206,159.23838376264206,1113.9501525673338,1.1368683772161603e-13,159.95691753380265,-1.5923838376264206,0.31847676752528414,-1.9108606051517047,1312.2795686521918,1310.36870804704,31.036870804703987,1312.2795686521918,0.1456138349478691,ACTIVE,True
397,short,62,5.0,1.0,3,2024-03-20 00:05:00,226332,22633,509.6,229212,2024-03-21 00:05:00,SL,-1.0,1275.6547403867842,12.5,0.002,159.45684254834802,159.45684254834802,159.45684254834802,955.4303025758516,0.0,320.2244378109326,-1.5945684254834802,0.31891368509669604,-1.9134821105801763,1310.36870804704,1308.4552259364598,30.845522593645967,1312.2795686521918,0.291427437193117,ACTIVE,True
398,short,5,2.5,1.0,10,2024-03-20 07:05:00,227179,22717,0.5861,230059,2024-03-21 07:05:00,TP,2.5,1310.36870804704,12.5,0.002,163.79608850588,163.79608850588,163.79608850588,159.45684254834708,0.0,1150.9118654986928,4.094902212647,0.32759217701175997,3.76731003563524,1308.4552259364598,1312.222535972095,31.222253597209516,1312.2795686521918,0.004346076968586111,ACTIVE,True
399,short,5,2.5,1.0,10,2024-03-20 07:10:00,227189,22718,0.5889,230069,2024-03-21 07:10:00,TP,2.5,1310.36870804704,12.5,0.002,163.79608850588,163.79608850588,163.79608850588,323.2529310542271,163.79608850588,987.1157769928129,4.094902212647,0.32759217701175997,3.76731003563524,1312.222535972095,1315.9898460077304,31.59898460077304,1315.9898460077304,0.0,ACTIVE,True
400,short,5,2.5,1.0,10,2024-03-20 07:15:00,227199,22719,0.5907,230079,2024-03-21 07:15:00,TP,2.5,1310.36870804704,12.5,0.002,163.79608850588,163.79608850588,163.79608850588,487.04901956010707,327.59217701176,823.3196884869328,4.094902212647,0.32759217701175997,3.76731003563524,1315.9898460077304,1319.7571560433657,31.975715604336564,1319.7571560433657,0.0,ACTIVE,True
401,short,5,2.5,1.0,10,2024-03-20 07:20:00,227209,22720,0.5937,230089,2024-03-21 07:20:00,TP,2.5,1310.36870804704,12.5,0.002,163.79608850588,163.79608850588,163.79608850588,650.845108065987,491.38826551764,659.5235999810529,4.094902212647,0.32759217701175997,3.76731003563524,1319.7571560433657,1323.524466079001,32.352446607900106,1323.524466079001,0.0,ACTIVE,True
402,short,87,5.0,3.0,6,2024-03-20 12:50:00,227865,22786,9.261,230745,2024-03-21 12:50:00,TP,5.0,1310.36870804704,12.5,0.002,163.79608850588,163.79608850588,163.79608850588,814.641196571867,0.0,495.72751147517295,8.189804425294,0.32759217701175997,7.86221224828224,1323.524466079001,1331.3866783272833,33.138667832728345,1331.3866783272833,0.0,ACTIVE,True
403,short,1,8.0,3.0,6,2024-03-20 14:05:00,228015,22801,9.066,230895,2024-03-21 14:05:00,SL,-3.0,1310.36870804704,12.5,0.002,163.79608850588,163.79608850588,163.79608850588,978.437285077747,163.79608850588,331.93142296929295,-4.913882655176399,0.32759217701175997,-5.2414748321881595,1331.3866783272833,1326.145203495095,32.61452034950951,1331.3866783272833,0.39368538964003313,ACTIVE,True
404,short,66,3.5,1.0,10,2024-03-20 14:05:00,228019,22801,0.594,230899,2024-03-21 14:05:00,TP,3.5,1310.36870804704,12.5,0.002,163.79608850588,163.79608850588,163.79608850588,1142.2333735836269,655.18435402352,168.13533446341307,5.7328630977058,0.32759217701175997,5.40527092069404,1326.145203495095,1331.550474415789,33.15504744157891,1331.550474415789,0.0,ACTIVE,True
405,short,1,8.0,3.0,6,2024-03-20 14:10:00,228025,22802,9.071,230905,2024-03-21 14:10:00,SL,-3.0,1310.36870804704,12.5,0.002,163.79608850588,4.339245957532967,4.339245957532967,1306.029462089507,327.59217701176,4.339245957532967,-0.130177378725989,0.008678491915065934,-0.13885587064105492,1331.550474415789,1331.411618545148,33.14116185451481,1331.550474415789,0.010428134217137489,ACTIVE,True
406,short,5,2.5,1.0,6,2024-03-21 13:50:00,230865,23086,9.327,233745,2024-03-22 13:50:00,SL,-1.0,1331.3866783272833,12.5,0.002,166.42333479091042,166.42333479091042,166.42333479091042,331.93142296929193,168.13533446341296,999.4552553579914,-1.6642333479091043,0.33284666958182085,-1.9970800174909251,1331.411618545148,1329.4145385276572,32.941453852765726,1331.550474415789,0.16040968248454546,ACTIVE,True
407,short,5,2.5,1.0,6,2024-03-21 13:55:00,230875,23087,9.29,233755,2024-03-22 13:55:00,SL,-1.0,1331.3866783272833,12.5,0.002,166.42333479091042,166.42333479091042,166.42333479091042,498.35475776020235,334.5586692543234,833.031920567081,-1.6642333479091043,0.33284666958182085,-1.9970800174909251,1329.4145385276572,1327.4174585101664,32.74174585101663,1331.550474415789,0.3103912307519534,ACTIVE,True
408,short,74,8.0,2.5,10,2024-03-21 16:45:00,231219,23121,0.6391,234099,2024-03-22 16:45:00,Time_288,5.2573932092004325,1331.411618545148,12.5,0.002,166.4264523181435,166.4264523181435,166.4264523181435,332.8466695818198,0.0,998.5649489633282,8.749693002487271,0.33285290463628703,8.416840097850985,1327.4174585101664,1335.8342986080174,33.583429860801736,1335.8342986080174,0.0,ACTIVE,True
409,short,66,3.5,1.0,8,2024-03-22 10:30:00,233347,23334,174.69,236227,2024-03-23 10:30:00,TP,3.5,1331.411618545148,12.5,0.002,166.4264523181435,166.4264523181435,166.4264523181435,499.2731218999633,1.1368683772161603e-13,832.1384966451847,5.824925831135023,0.33285290463628703,5.492072926498737,1335.8342986080174,1341.3263715345163,34.132637153451626,1341.3263715345163,0.0,ACTIVE,True
410,short,66,3.5,1.0,8,2024-03-22 10:35:00,233357,23335,175.08,236237,2024-03-23 10:35:00,TP,3.5,1331.411618545148,12.5,0.002,166.4264523181435,166.4264523181435,166.4264523181435,665.6995742181068,166.42645231814362,665.7120443270412,5.824925831135023,0.33285290463628703,5.492072926498737,1341.3263715345163,1346.8184444610151,34.681844446101515,1346.8184444610151,0.0,ACTIVE,True
411,short,66,3.5,1.0,8,2024-03-22 10:45:00,233377,23337,175.26,236257,2024-03-23 10:45:00,TP,3.5,1331.411618545148,12.5,0.002,166.4264523181435,166.4264523181435,166.4264523181435,832.1260265362503,332.8529046362871,499.28559200889777,5.824925831135023,0.33285290463628703,5.492072926498737,1346.8184444610151,1352.310517387514,35.231051738751404,1352.310517387514,0.0,ACTIVE,True
412,short,66,3.5,1.0,8,2024-03-22 10:50:00,233387,23338,174.92,236267,2024-03-23 10:50:00,TP,3.5,1331.411618545148,12.5,0.002,166.4264523181435,166.4264523181435,166.4264523181435,998.5524788543937,499.2793569544306,332.8591396907543,5.824925831135023,0.33285290463628703,5.492072926498737,1352.310517387514,1357.8025903140128,35.78025903140127,1357.8025903140128,0.0,ACTIVE,True
413,short,66,3.5,1.0,8,2024-03-22 10:55:00,233397,23339,174.53,236277,2024-03-23 10:55:00,TP,3.5,1331.411618545148,12.5,0.002,166.4264523181435,166.4264523181435,166.4264523181435,1164.9789311725372,665.7058092725741,166.43268737261087,5.824925831135023,0.33285290463628703,5.492072926498737,1357.8025903140128,1363.2946632405117,36.32946632405116,1363.2946632405117,0.0,ACTIVE,True
414,short,53,8.0,1.25,5,2024-03-22 15:15:00,233914,23391,0.14862,236794,2024-03-23 15:15:00,SL,-1.25,1327.4174585101664,12.5,0.002,165.9271823137708,165.9271823137708,165.9271823137708,998.5587139088597,1.1368683772161603e-13,328.85874460130674,-2.074089778922135,0.3318543646275416,-2.405944143549677,1363.2946632405117,1360.888719096962,36.08887190969619,1363.2946632405117,0.17648012630159302,ACTIVE,True
415,short,66,3.5,1.0,8,2024-03-22 21:30:00,234667,23466,169.23,237547,2024-03-23 21:30:00,SL,-1.0,1335.8342986080174,12.5,0.002,166.97928732600218,166.97928732600218,166.97928732600218,998.0594439044869,832.1322615907177,337.77485470353054,-1.6697928732600218,0.33395857465200435,-2.003751447912026,1360.888719096962,1358.88496764905,35.888496764905,1363.2946632405117,0.3234587290894269,ACTIVE,True
416,short,66,3.5,1.0,8,2024-03-22 21:35:00,234677,23467,169.02,237557,2024-03-23 21:35:00,SL,-1.0,1335.8342986080174,12.5,0.002,166.97928732600218,166.97928732600218,166.97928732600218,1165.038731230489,999.1115489167198,170.7955673775284,-1.6697928732600218,0.33395857465200435,-2.003751447912026,1358.88496764905,1356.881216201138,35.68812162011379,1363.2946632405117,0.4704373318772608,ACTIVE,True
417,short,49,3.5,1.0,8,2024-03-22 21:40:00,234687,23468,170.07,237567,2024-03-23 21:40:00,SL,-1.0,1335.8342986080174,12.5,0.002,166.97928732600218,3.8162800515262916,3.8162800515262916,1332.0180185564911,1166.090836242722,3.8162800515262916,-0.03816280051526292,0.007632560103052583,-0.0457953606183155,1356.881216201138,1356.8354208405196,35.68354208405196,1363.2946632405117,0.4737965000639411,ACTIVE,True
418,short,63,6.0,2.5,4,2024-03-24 01:20:00,238003,23800,64544.08,240883,2024-03-25 01:20:00,SL,-2.5,1356.8354208405196,12.5,0.002,169.60442760506496,169.60442760506496,169.60442760506496,-1.3073986337985843e-12,0.0,1356.835420840521,-4.240110690126624,0.33920885521012994,-4.5793195453367534,1356.8354208405196,1352.2561012951828,35.22561012951828,1363.2946632405117,0.8096974368762309,ACTIVE,True
419,short,36,8.0,2.5,9,2024-03-24 11:25:00,239218,23921,0.1183,242098,2024-03-25 11:25:00,Time_288,-0.31276415891800113,1356.8354208405196,12.5,0.002,169.60442760506496,169.60442760506496,169.60442760506496,169.60442760506365,0.0,1187.230993235456,-0.5304618614866715,0.33920885521012994,-0.8696707166968014,1352.2561012951828,1351.386430578486,35.1386430578486,1363.2946632405117,0.8734892744111693,ACTIVE,True
420,short,65,2.5,1.25,5,2024-03-24 20:05:00,240254,24025,0.17639,243134,2024-03-25 20:05:00,TP,2.5,1356.8354208405196,12.5,0.002,169.60442760506496,169.60442760506496,169.60442760506496,339.2088552101286,1.1368683772161603e-13,1017.626565630391,4.240110690126624,0.33920885521012994,3.900901834916494,1351.386430578486,1355.2873324134025,35.52873324134025,1363.2946632405117,0.5873514393488478,ACTIVE,True
421,short,85,3.5,1.0,2,2024-03-25 14:55:00,242511,24251,57.96,245391,2024-03-26 14:55:00,SL,-1.0,1351.386430578486,12.5,0.002,168.92330382231074,168.92330382231074,168.92330382231074,169.60442760506365,0.0,1181.7820029734223,-1.6892330382231076,0.3378466076446215,-2.027079645867729,1355.2873324134025,1353.260252767535,35.326025276753484,1363.2946632405117,0.7360412054372226,ACTIVE,True
422,short,5,2.5,1.0,8,2024-03-25 16:15:00,242677,24267,192.2,245557,2024-03-26 16:15:00,SL,-1.0,1351.386430578486,12.5,0.002,168.92330382231074,168.92330382231074,168.92330382231074,338.5277314273744,2.2737367544323206e-13,1012.8586991511115,-1.6892330382231076,0.3378466076446215,-2.027079645867729,1353.260252767535,1351.2331731216673,35.12331731216673,1363.2946632405117,0.8847309715255978,ACTIVE,True
423,short,5,2.5,1.0,8,2024-03-25 16:20:00,242687,24268,191.72,245567,2024-03-26 16:20:00,SL,-1.0,1351.386430578486,12.5,0.002,168.92330382231074,168.92330382231074,168.92330382231074,507.45103524968516,168.92330382231097,843.9353953288007,-1.6892330382231076,0.3378466076446215,-2.027079645867729,1351.2331731216673,1349.2060934757997,34.92060934757997,1363.2946632405117,1.0334207376139726,ACTIVE,True
424,short,5,2.5,1.0,8,2024-03-25 16:25:00,242697,24269,190.46,245577,2024-03-26 16:25:00,SL,-1.0,1351.386430578486,12.5,0.002,168.92330382231074,168.92330382231074,168.92330382231074,676.3743390719959,337.8466076446217,675.01209150649,-1.6892330382231076,0.3378466076446215,-2.027079645867729,1349.2060934757997,1347.179013829932,34.7179013829932,1363.2946632405117,1.1821105037023474,ACTIVE,True
425,short,31,2.5,2.0,2,2024-03-25 21:40:00,243321,24332,58.05,246201,2024-03-26 21:40:00,SL,-2.0,1355.2873324134025,12.5,0.002,169.4109165516753,169.4109165516753,169.4109165516753,675.6932152892416,168.92330382231074,679.5941171241609,-3.3882183310335066,0.3388218331033506,-3.727040164136857,1347.179013829932,1343.451973665795,34.345197366579505,1363.2946632405117,1.4554952872441451,ACTIVE,True
426,short,85,3.5,1.0,1,2024-03-26 07:55:00,244550,24455,0.6719,247430,2024-03-27 07:55:00,SL,-1.0,1355.2873324134025,12.5,0.002,169.4109165516753,169.4109165516753,169.4109165516753,845.1041318409169,0.0,510.1832005724856,-1.6941091655167533,0.3388218331033506,-2.032930998620104,1343.451973665795,1341.419042667175,34.1419042667175,1363.2946632405117,1.6046142600851168,ACTIVE,True
427,short,33,2.0,1.75,10,2024-03-26 13:05:00,245179,24517,0.6427,248059,2024-03-27 13:05:00,TP,2.0,1355.2873324134025,12.5,0.002,169.4109165516753,169.4109165516753,169.4109165516753,1014.5150483925922,0.0,340.7722840208103,3.3882183310335066,0.3388218331033506,3.049396497930156,1341.419042667175,1344.468439165105,34.44684391651052,1363.2946632405117,1.3809358008236594,ACTIVE,True
428,short,43,3.5,3.0,6,2024-03-26 13:50:00,245265,24526,9.826,248145,2024-03-27 13:50:00,TP,3.5,1355.2873324134025,12.5,0.002,169.4109165516753,169.4109165516753,169.4109165516753,1183.9259649442674,0.0,171.36136746913508,5.9293820793086365,0.3388218331033506,5.5905602462052855,1344.468439165105,1350.0589994113104,35.005899941131034,1363.2946632405117,0.9708586255109715,ACTIVE,True
429,short,44,3.0,1.0,8,2024-03-27 08:05:00,247457,24745,186.9,250337,2024-03-28 08:05:00,SL,-1.0,1341.419042667175,12.5,0.002,167.67738033339688,167.67738033339688,167.67738033339688,338.8218331033488,2.2737367544323206e-13,1002.5972095638263,-1.676773803333969,0.33535476066679376,-2.0121285640007627,1350.0589994113104,1348.0468708473097,34.804687084730965,1363.2946632405117,1.1184517041208395,ACTIVE,True
430,short,6,8.0,3.0,2,2024-03-27 08:35:00,247511,24751,54.73,250391,2024-03-28 08:35:00,Time_288,-0.3106157500456819,1341.419042667175,12.5,0.002,167.67738033339688,167.67738033339688,167.67738033339688,506.49921343674566,0.0,834.9198292304294,-0.5208323525795315,0.33535476066679376,-0.8561871132463252,1348.0468708473097,1347.1906837340634,34.719068373406344,1363.2946632405117,1.181254496234112,ACTIVE,True
431,short,10,3.5,2.5,2,2024-03-27 09:05:00,247571,24757,54.45,250451,2024-03-28 09:05:00,TP,3.5,1341.419042667175,12.5,0.002,167.67738033339688,167.67738033339688,167.67738033339688,674.1765937701425,167.67738033339688,667.2424488970325,5.868708311668891,0.33535476066679376,5.533353551002097,1347.1906837340634,1352.7240372850656,35.27240372850655,1363.2946632405117,0.7753735300569582,ACTIVE,True
432,short,67,3.5,2.5,1,2024-03-27 10:05:00,247690,24769,0.6491,250570,2024-03-28 10:05:00,SL,-2.5,1341.419042667175,12.5,0.002,167.67738033339688,167.67738033339688,167.67738033339688,841.8539741035394,0.0,499.5650685636357,-4.191934508334922,0.33535476066679376,-4.527289269001717,1352.7240372850656,1348.1967480160638,34.81967480160637,1363.2946632405117,1.107457956929178,ACTIVE,True
433,short,9,2.5,1.5,2,2024-03-27 15:35:00,248351,24835,53.85,251231,2024-03-28 15:35:00,SL,-1.5,1350.0589994113104,12.5,0.002,168.7573749264138,168.7573749264138,168.7573749264138,670.7095213335856,335.35476066679377,679.3494780777248,-2.531360623896207,0.3375147498528276,-2.8688753737490345,1348.1967480160638,1345.3278726423148,34.53278726423148,1363.2946632405117,1.3178948823499652,ACTIVE,True
434,short,38,2.0,1.5,3,2024-03-28 11:55:00,250792,25079,587.4,253672,2024-03-29 11:55:00,SL,-1.5,1348.1967480160638,12.5,0.002,168.52459350200797,168.52459350200797,168.52459350200797,168.75737492641198,0.0,1179.4393730896518,-2.5278689025301193,0.337049187004016,-2.864918089534135,1345.3278726423148,1342.4629545527807,34.246295455278066,1363.2946632405117,1.5280415341914848,ACTIVE,True
435,short,75,2.5,1.0,4,2024-03-28 13:25:00,250973,25097,71020.0,253853,2024-03-29 13:25:00,Time_288,1.2052379611377169,1348.1967480160638,12.5,0.002,168.52459350200797,168.52459350200797,168.52459350200797,337.28196842842,0.0,1010.9147795876438,2.031122374739226,0.337049187004016,1.6940731877352102,1342.4629545527807,1344.157027740516,34.415702774051596,1363.2946632405117,1.4037783625226012,ACTIVE,True
436,short,31,2.5,2.0,10,2024-03-28 18:25:00,251579,25157,0.6306,254459,2024-03-29 18:25:00,TP,2.5,1345.3278726423148,12.5,0.002,168.16598408028935,168.16598408028935,168.16598408028935,337.04918700401413,0.0,1008.2786856383007,4.2041496020072335,0.3363319681605787,3.867817633846655,1344.157027740516,1348.0248453743627,34.802484537436264,1363.2946632405117,1.1200673103093544,ACTIVE,True
437,short,34,2.0,2.0,10,2024-03-29 01:30:00,252429,25242,0.6247,255309,2024-03-30 01:30:00,TP,2.0,1345.3278726423148,12.5,0.002,168.16598408028935,168.16598408028935,168.16598408028935,505.2151710843035,168.16598408028935,840.1127015580113,3.363319681605787,0.3363319681605787,3.0269877134452083,1348.0248453743627,1351.0518330878078,35.10518330878079,1363.2946632405117,0.898032573794648,ACTIVE,True
438,short,34,2.0,2.0,10,2024-03-29 03:15:00,252639,25263,0.6214,255519,2024-03-30 03:15:00,TP,2.0,1345.3278726423148,12.5,0.002,168.16598408028935,168.16598408028935,168.16598408028935,673.3811551645929,336.3319681605787,671.9467174777219,3.363319681605787,0.3363319681605787,3.0269877134452083,1351.0518330878078,1354.078820801253,35.40788208012528,1363.2946632405117,0.6759978372799416,ACTIVE,True
439,short,38,2.0,1.5,2,2024-03-29 07:10:00,253101,25310,53.97,255981,2024-03-30 07:10:00,TP,2.0,1345.3278726423148,12.5,0.002,168.16598408028935,168.16598408028935,168.16598408028935,841.5471392448823,0.0,503.7807333974325,3.363319681605787,0.3363319681605787,3.0269877134452083,1354.078820801253,1357.105808514698,35.71058085146981,1363.2946632405117,0.4539631007652352,ACTIVE,True
440,short,2,4.0,1.25,6,2024-03-29 07:40:00,253165,25316,9.423,256045,2024-03-30 07:40:00,SL,-1.25,1345.3278726423148,12.5,0.002,168.16598408028935,168.16598408028935,168.16598408028935,1009.7131233251716,0.0,335.61474931714315,-2.1020748010036168,0.3363319681605787,-2.4384067691641955,1357.105808514698,1354.6674017455339,35.46674017455338,1363.2946632405117,0.6328244162909765,ACTIVE,True
441,short,56,2.5,1.25,7,2024-03-29 09:20:00,253366,25336,3537.84,256246,2024-03-30 09:20:00,TP,2.5,1345.3278726423148,12.5,0.002,168.16598408028935,167.4487652368539,167.4487652368539,1177.879107405461,5.684341886080802e-14,167.4487652368539,4.186219130921347,0.3348975304737078,3.851321600447639,1354.6674017455339,1358.5187233459815,35.85187233459814,1363.2946632405117,0.3503233763989027,ACTIVE,True
442,short,36,8.0,2.5,4,2024-03-29 17:20:00,254323,25432,69370.17,257203,2024-03-30 17:20:00,Time_288,-0.9367571104409889,1344.157027740516,12.5,0.002,168.0196284675645,168.0196284675645,168.0196284675645,1008.2786856382988,0.0,335.8783421022172,-1.5739358166064423,0.33603925693512904,-1.9099750735415713,1358.5187233459815,1356.60874827244,35.66087482724398,1363.2946632405117,0.4904233214101735,ACTIVE,True
443,short,42,8.0,2.5,7,2024-03-29 18:00:00,254406,25440,3480.6,257286,2024-03-30 18:00:00,Time_288,-1.3948744469344418,1344.157027740516,12.5,0.002,168.0196284675645,167.85871363465276,167.85871363465276,1176.2983141058633,167.44876523685394,167.85871363465276,-2.341418303442631,0.33571742726930554,-2.6771357307119366,1356.60874827244,1353.931612541728,35.3931612541728,1363.2946632405117,0.6867958154055912,ACTIVE,True
444,short,34,2.0,2.0,10,2024-03-29 22:30:00,254949,25494,0.6275,257829,2024-03-30 22:30:00,Time_288,1.0517928286852494,1348.0248453743627,12.5,0.002,168.50310567179534,168.50310567179534,168.50310567179534,1175.9910436602268,336.33196816057864,172.03380171413596,1.7723035815678712,0.3370062113435907,1.4352973702242804,1353.931612541728,1355.3669099119525,35.53669099119525,1363.2946632405117,0.581514293448137,ACTIVE,True
445,short,38,2.0,1.5,1,2024-03-30 16:50:00,257140,25714,0.651,260020,2024-03-31 16:50:00,Time_288,0.6912442396313455,1358.5187233459815,12.5,0.002,169.81484041824768,169.81484041824768,169.81484041824768,504.3814477740108,0.0,854.1372755719707,1.173835302430299,0.33962968083649536,0.8342056215938036,1355.3669099119525,1356.2011155335463,35.620111553354626,1363.2946632405117,0.5203238814200486,ACTIVE,True
446,short,9,2.5,1.5,5,2024-03-30 18:10:00,257304,25730,0.19992,260184,2024-03-31 18:10:00,SL,-1.5,1353.931612541728,12.5,0.002,169.241451567716,169.241451567716,169.241451567716,338.3179460900411,1.1368683772161603e-13,1015.613666451687,-2.53862177351574,0.33848290313543206,-2.877104676651172,1356.2011155335463,1353.324010856895,35.33240108568951,1363.2946632405117,0.7313644403123167,ACTIVE,True
447,short,38,2.0,1.5,3,2024-03-30 20:45:00,257612,25761,605.7,260492,2024-03-31 20:45:00,Time_288,-0.2146277034835652,1353.931612541728,12.5,0.002,169.241451567716,169.241451567716,169.241451567716,507.55939765775713,0.0,846.372214883971,-0.3632390408420391,0.33848290313543206,-0.7017219439774711,1353.324010856895,1352.6222889129176,35.262228891291755,1363.2946632405117,0.7828369475331288,ACTIVE,True
448,short,85,3.5,1.0,2,2024-03-31 08:40:00,259041,25904,53.89,261921,2024-04-01 08:40:00,TP,3.5,1355.3669099119525,12.5,0.002,169.42086373899406,169.42086373899406,169.42086373899406,508.29774355367783,0.0,847.0691663582746,5.929730230864792,0.33884172747798813,5.590888503386804,1352.6222889129176,1358.2131774163045,35.821317741630445,1363.2946632405117,0.37273569399359907,ACTIVE,True
449,short,19,6.0,1.75,3,2024-04-01 06:55:00,261712,26171,586.9,264592,2024-04-02 06:55:00,TP,6.0,1352.6222889129176,12.5,0.002,169.0777861141147,169.0777861141147,169.0777861141147,169.42086373899218,0.0,1183.2014251739254,10.144667166846881,0.3381555722282294,9.806511594618652,1358.2131774163045,1368.019689010923,36.80196890109231,1368.019689010923,0.0,ACTIVE,True
450,short,53,8.0,1.25,3,2024-04-01 07:00:00,261722,26172,588.3,264602,2024-04-02 07:00:00,Time_288,4.232534421213662,1352.6222889129176,12.5,0.002,169.0777861141147,169.0777861141147,169.0777861141147,338.4986498531069,169.0777861141147,1014.1236390598108,7.156275495905918,0.3381555722282294,6.818119923677688,1368.019689010923,1374.8378089346006,37.48378089346007,1374.8378089346006,0.0,ACTIVE,True
451,short,45,3.0,1.0,1,2024-04-01 07:15:00,261750,26175,0.6291,264630,2024-04-02 07:15:00,TP,3.0,1352.6222889129176,12.5,0.002,169.0777861141147,169.0777861141147,169.0777861141147,507.5764359672216,0.0,845.045852945696,5.072333583423441,0.3381555722282294,4.734178011195211,1374.8378089346006,1379.5719869457957,37.95719869457956,1379.5719869457957,0.0,ACTIVE,True
452,short,45,3.0,1.0,6,2024-04-01 07:15:00,261755,26175,9.334,264635,2024-04-02 07:15:00,TP,3.0,1352.6222889129176,12.5,0.002,169.0777861141147,169.0777861141147,169.0777861141147,676.6542220813362,0.0,675.9680668315814,5.072333583423441,0.3381555722282294,4.734178011195211,1379.5719869457957,1384.3061649569909,38.43061649569908,1384.3061649569909,0.0,ACTIVE,True
453,short,63,6.0,2.5,10,2024-04-01 07:15:00,261759,26175,0.6142,264639,2024-04-02 07:15:00,Time_288,1.95376098990557,1352.6222889129176,12.5,0.002,169.0777861141147,169.0777861141147,169.0777861141147,845.7320081954509,0.0,506.8902807174667,3.3033758276935496,0.3381555722282294,2.9652202554653204,1384.3061649569909,1387.2713852124562,38.72713852124561,1387.2713852124562,0.0,ACTIVE,True
454,short,23,2.5,2.0,1,2024-04-01 07:20:00,261760,26176,0.6294,264640,2024-04-02 07:20:00,TP,2.5,1352.6222889129176,12.5,0.002,169.0777861141147,169.0777861141147,169.0777861141147,1014.8097943095656,169.0777861141147,337.812494603352,4.226944652852867,0.3381555722282294,3.888789080624638,1387.2713852124562,1391.160174293081,39.11601742930808,1391.160174293081,0.0,ACTIVE,True
455,short,45,3.0,1.0,2,2024-04-01 07:20:00,261761,26176,52.15,264641,2024-04-02 07:20:00,SL,-1.0,1352.6222889129176,12.5,0.002,169.0777861141147,168.73470848923716,168.73470848923716,1183.8875804236804,169.42086373899406,168.73470848923716,-1.6873470848923717,0.3374694169784743,-2.024816501870846,1391.160174293081,1389.13535779121,38.913535779121,1391.160174293081,0.14554876852335033,ACTIVE,True
456,short,5,2.5,1.0,10,2024-04-01 08:55:00,261959,26195,0.6108,264839,2024-04-02 08:55:00,SL,-1.0,1358.2131774163045,12.5,0.002,169.77664717703806,169.77664717703806,169.77664717703806,1183.2014251739236,169.0777861141147,175.0117522423809,-1.6977664717703806,0.3395532943540761,-2.037319766124457,1389.13535779121,1387.0980380250855,38.709803802508546,1391.160174293081,0.2919963022992327,ACTIVE,True
457,short,5,2.5,1.0,10,2024-04-01 09:00:00,261969,26196,0.6111,264849,2024-04-02 09:00:00,SL,-1.0,1358.2131774163045,12.5,0.002,169.77664717703806,5.23510506534285,5.23510506534285,1352.9780723509616,338.85443329115276,5.23510506534285,-0.0523510506534285,0.0104702101306857,-0.06282126078411421,1387.0980380250855,1387.0352167643014,38.70352167643014,1391.160174293081,0.2965120483610475,ACTIVE,True
458,short,17,3.5,2.0,5,2024-04-02 09:45:00,264934,26493,0.1856,267814,2024-04-03 09:45:00,SL,-2.0,1387.0352167643014,12.5,0.002,173.37940209553767,173.37940209553767,173.37940209553767,-1.7053025658242404e-12,1.1368683772161603e-13,1387.0352167643032,-3.4675880419107536,0.34675880419107535,-3.814346846101829,1387.0352167643014,1383.2208699181995,38.32208699181994,1391.160174293081,0.5706966402280595,ACTIVE,True
459,short,17,3.5,2.0,1,2024-04-02 16:45:00,265770,26577,0.5856,268650,2024-04-03 16:45:00,TP,3.5,1387.0352167643014,12.5,0.002,173.37940209553767,173.37940209553767,173.37940209553767,173.37940209553597,0.0,1213.6558146687653,6.068279073343819,0.34675880419107535,5.7215202691527445,1383.2208699181995,1388.9423901873522,38.89423901873521,1391.160174293081,0.1594197524275496,ACTIVE,True
460,short,67,3.5,2.5,5,2024-04-02 22:45:00,266494,26649,0.18523,269374,2024-04-03 22:45:00,TP,3.5,1387.0352167643014,12.5,0.002,173.37940209553767,173.37940209553767,173.37940209553767,346.75880419107364,173.37940209553778,1040.2764125732278,6.068279073343819,0.34675880419107535,5.7215202691527445,1388.9423901873522,1394.663910456505,39.46639104565048,1394.663910456505,0.0,ACTIVE,True
461,short,31,2.5,2.0,3,2024-04-04 04:10:00,270022,27002,576.5,272902,2024-04-05 04:10:00,SL,-2.0,1394.663910456505,12.5,0.002,174.33298880706312,174.33298880706312,174.33298880706312,-1.7053025658242404e-12,0.0,1394.6639104565065,-3.4866597761412623,0.34866597761412627,-3.8353257537553884,1394.663910456505,1390.8285847027496,39.08285847027495,1394.663910456505,0.27499999999999664,ACTIVE,True
462,short,44,3.0,1.0,2,2024-04-04 19:45:00,271891,27189,47.15,274771,2024-04-05 19:45:00,TP,3.0,1394.663910456505,12.5,0.002,174.33298880706312,174.33298880706312,174.33298880706312,174.3329888070614,0.0,1220.3309216494436,5.229989664211893,0.34866597761412627,4.881323686597767,1390.8285847027496,1395.7099083893474,39.57099083893474,1395.7099083893474,0.0,ACTIVE,True
463,short,63,6.0,2.5,7,2024-04-04 21:35:00,272116,27211,3312.21,274996,2024-04-05 21:35:00,Time_288,-0.5829944357392781,1394.663910456505,12.5,0.002,174.33298880706312,174.33298880706312,174.33298880706312,348.66597761412453,5.684341886080802e-14,1045.9979328423804,-1.0163516244031565,0.34866597761412627,-1.3650176020172828,1395.7099083893474,1394.34489078733,39.434489078733016,1395.7099083893474,0.09780095375210125,ACTIVE,True
464,short,63,6.0,2.5,10,2024-04-04 21:35:00,272119,27211,0.587,274999,2024-04-05 21:35:00,Time_288,-0.03407155025555179,1394.663910456505,12.5,0.002,174.33298880706312,174.33298880706312,174.33298880706312,522.9989664211877,0.0,871.6649440353173,-0.05939795189340398,0.34866597761412627,-0.40806392950753023,1394.34489078733,1393.9368268578226,39.39368268578225,1395.7099083893474,0.12703796977203058,ACTIVE,True
465,short,16,3.0,1.0,7,2024-04-04 22:05:00,272176,27217,3310.41,275056,2024-04-05 22:05:00,TP,3.0,1394.663910456505,12.5,0.002,174.33298880706312,174.33298880706312,174.33298880706312,697.3319552282508,174.33298880706317,697.3319552282542,5.229989664211893,0.34866597761412627,4.881323686597767,1393.9368268578226,1398.8181505444204,39.881815054442036,1398.8181505444204,0.0,ACTIVE,True
466,short,59,3.0,1.75,8,2024-04-05 03:55:00,272877,27287,179.41,275757,2024-04-06 03:55:00,TP,3.0,1394.663910456505,12.5,0.002,174.33298880706312,174.33298880706312,174.33298880706312,871.6649440353139,2.2737367544323206e-13,522.9989664211911,5.229989664211893,0.34866597761412627,4.881323686597767,1398.8181505444204,1403.6994742310183,40.36994742310183,1403.6994742310183,0.0,ACTIVE,True
467,short,19,6.0,1.75,8,2024-04-05 04:05:00,272897,27289,179.71,275777,2024-04-06 04:05:00,TP,6.0,1394.663910456505,12.5,0.002,174.33298880706312,174.33298880706312,174.33298880706312,1045.997932842377,174.33298880706334,348.665977614128,10.459979328423787,0.34866597761412627,10.11131335080966,1403.6994742310183,1413.810787581828,41.381078758182795,1413.810787581828,0.0,ACTIVE,True
468,short,4,6.0,2.5,1,2024-04-05 04:25:00,272930,27293,0.5739,275810,2024-04-06 04:25:00,Time_288,-0.9932043910088932,1390.8285847027496,12.5,0.002,173.8535730878437,173.8535730878437,173.8535730878437,1045.997932842377,0.0,344.83065186037265,-1.7267213218343191,0.34770714617568743,-2.0744284680100065,1413.810787581828,1411.736359113818,41.17363591138181,1413.810787581828,0.14672603195778716,ACTIVE,True
469,short,4,6.0,2.5,6,2024-04-05 04:25:00,272935,27293,8.361,275815,2024-04-06 04:25:00,Time_288,-0.7774189690228381,1390.8285847027496,12.5,0.002,173.8535730878437,170.977078772529,170.977078772529,1219.8515059302206,0.0,170.977078772529,-1.3292082430587608,0.34195415754505804,-1.6711624006038188,1411.736359113818,1410.0651967132142,41.006519671321406,1413.810787581828,0.2649287232431045,ACTIVE,True
470,short,85,3.5,1.0,5,2024-04-07 15:40:00,280044,28004,0.20087,282924,2024-04-08 15:40:00,SL,-1.0,1410.0651967132142,12.5,0.002,176.25814958915177,176.25814958915177,176.25814958915177,-1.8758328224066645e-12,1.1368683772161603e-13,1410.065196713216,-1.7625814958915178,0.35251629917830357,-2.1150977950698215,1410.0651967132142,1407.9500989181442,40.795009891814416,1413.810787581828,0.4145313301582464,ACTIVE,True
471,short,8,5.0,3.0,10,2024-04-07 20:10:00,280589,28058,0.5925,283469,2024-04-08 20:10:00,SL,-3.0,1410.0651967132142,12.5,0.002,176.25814958915177,176.25814958915177,176.25814958915177,176.2581495891499,0.0,1233.8070471240642,-5.287744487674553,0.35251629917830357,-5.640260786852857,1407.9500989181442,1402.3098381312914,40.23098381312913,1413.810787581828,0.8134716152652756,ACTIVE,True
472,short,34,2.0,2.0,10,2024-04-08 04:00:00,281529,28152,0.5923,284409,2024-04-09 04:00:00,SL,-2.0,1410.0651967132142,12.5,0.002,176.25814958915177,176.25814958915177,176.25814958915177,352.51629917830167,176.25814958915177,1057.5488975349126,-3.5251629917830356,0.35251629917830357,-3.877679290961339,1402.3098381312914,1398.43215884033,39.843215884032986,1413.810787581828,1.087743061276361,ACTIVE,True
473,short,5,2.5,1.0,10,2024-04-08 09:35:00,282199,28219,0.6085,285079,2024-04-09 09:35:00,SL,-1.0,1410.0651967132142,12.5,0.002,176.25814958915177,176.25814958915177,176.25814958915177,528.7744487674535,352.51629917830354,881.2907479457607,-1.7625814958915178,0.35251629917830357,-2.1150977950698215,1398.43215884033,1396.31706104526,39.631706104525996,1413.810787581828,1.237345668191503,ACTIVE,True
474,short,5,2.5,1.0,10,2024-04-08 09:40:00,282209,28220,0.6094,285089,2024-04-09 09:40:00,SL,-1.0,1410.0651967132142,12.5,0.002,176.25814958915177,176.25814958915177,176.25814958915177,705.0325983566053,528.7744487674553,705.0325983566089,-1.7625814958915178,0.35251629917830357,-2.1150977950698215,1396.31706104526,1394.2019632501901,39.420196325019006,1413.810787581828,1.3869482751066449,ACTIVE,True
475,short,5,2.5,1.0,10,2024-04-08 09:45:00,282219,28221,0.6081,285099,2024-04-09 09:45:00,SL,-1.0,1410.0651967132142,12.5,0.002,176.25814958915177,176.25814958915177,176.25814958915177,881.2907479457571,705.0325983566071,528.7744487674571,-1.7625814958915178,0.35251629917830357,-2.1150977950698215,1394.2019632501901,1392.0868654551202,39.208686545512016,1413.810787581828,1.5365508820217868,ACTIVE,True
476,short,5,2.5,1.0,10,2024-04-08 09:55:00,282239,28223,0.6075,285119,2024-04-09 09:55:00,SL,-1.0,1410.0651967132142,12.5,0.002,176.25814958915177,176.25814958915177,176.25814958915177,1057.5488975349087,881.2907479457589,352.5162991783054,-1.7625814958915178,0.35251629917830357,-2.1150977950698215,1392.0868654551202,1389.9717676600503,38.997176766005026,1413.810787581828,1.6861534889369287,ACTIVE,True
477,short,5,2.5,1.0,10,2024-04-08 10:00:00,282249,28224,0.6062,285129,2024-04-09 10:00:00,SL,-1.0,1410.0651967132142,12.5,0.002,176.25814958915177,176.25814958915177,176.25814958915177,1233.8070471240605,1057.5488975349106,176.25814958915362,-1.7625814958915178,0.35251629917830357,-2.1150977950698215,1389.9717676600503,1387.8566698649804,38.785666986498036,1413.810787581828,1.8357560958520707,ACTIVE,True
478,short,19,6.0,1.75,8,2024-04-09 04:45:00,284497,28449,177.84,287377,2024-04-10 04:45:00,Time_288,3.8011695906432696,1398.43215884033,12.5,0.002,174.80401985504125,174.80401985504125,174.80401985504125,881.290747945757,2.2737367544323206e-13,517.141410894573,6.644597245951851,0.3496080397100825,6.294989206241769,1387.8566698649804,1394.1516590712222,39.415165907122216,1413.810787581828,1.3905063310650383,ACTIVE,True
479,short,4,6.0,2.5,8,2024-04-09 09:50:00,285107,28510,174.81,287987,2024-04-10 09:50:00,Time_288,2.391167553343634,1392.0868654551202,12.5,0.002,174.01085818189003,174.01085818189003,174.01085818189003,527.3203190333429,174.80401985504147,864.7665464217773,4.16089118014016,0.34802171636378004,3.81286946377638,1394.1516590712222,1397.9645285349986,39.796452853499865,1413.810787581828,1.1208189374430135,ACTIVE,True
480,short,74,8.0,2.5,10,2024-04-09 13:40:00,285569,28556,0.6317,288449,2024-04-10 13:40:00,Time_288,4.6699382618331615,1387.8566698649804,12.5,0.002,173.48208373312255,173.48208373312255,173.48208373312255,348.8148780369294,0.0,1039.041791828051,8.101506205678533,0.3469641674662451,7.754542038212287,1397.9645285349986,1405.719070573211,40.5719070573211,1413.810787581828,0.5723338002291692,ACTIVE,True
481,short,45,3.0,1.0,7,2024-04-09 16:05:00,285856,28585,3515.4,288736,2024-04-10 16:05:00,SL,-1.0,1387.8566698649804,12.5,0.002,173.48208373312255,173.48208373312255,173.48208373312255,522.2969617700519,5.684341886080802e-14,865.5597080949285,-1.7348208373312255,0.3469641674662451,-2.0817850047974704,1405.719070573211,1403.6372855684135,40.36372855684136,1413.810787581828,0.719580166085389,ACTIVE,True
482,short,36,8.0,2.5,9,2024-04-09 16:15:00,285878,28587,0.12108,288758,2024-04-10 16:15:00,Time_288,2.3207796498182964,1387.8566698649804,12.5,0.002,173.48208373312255,173.48208373312255,173.48208373312255,695.7790455031744,0.0,692.077624361806,4.026136895359045,0.3469641674662451,3.6791727278927997,1403.6372855684135,1407.3164582963063,40.73164582963062,1413.810787581828,0.4593492525707417,ACTIVE,True
483,short,42,8.0,2.5,7,2024-04-09 16:25:00,285896,28589,3521.52,288776,2024-04-10 16:25:00,Time_288,1.0427315477407426,1387.8566698649804,12.5,0.002,173.48208373312255,173.48208373312255,173.48208373312255,869.2611292362969,173.4820837331226,518.5955406286835,1.8089524167632798,0.3469641674662451,1.4619882492970346,1407.3164582963063,1408.7784465456034,40.87784465456035,1413.810787581828,0.3559416210730617,ACTIVE,True
484,short,52,2.5,2.0,9,2024-04-09 16:30:00,285908,28590,0.12115,288788,2024-04-10 16:30:00,SL,-2.0,1387.8566698649804,12.5,0.002,173.48208373312255,173.48208373312255,173.48208373312255,1042.7432129694196,173.48208373312255,345.11345689556083,-3.469641674662451,0.3469641674662451,-3.816605842128696,1408.7784465456034,1404.9618407034748,40.496184070347475,1413.810787581828,0.6258932918094644,ACTIVE,True
485,short,21,3.5,1.0,5,2024-04-09 18:10:00,286104,28610,0.1892,288984,2024-04-10 18:10:00,TP,3.5,1387.8566698649804,12.5,0.002,173.48208373312255,171.6313731624382,171.6313731624382,1216.2252967025422,1.1368683772161603e-13,171.6313731624382,6.007098060685338,0.3432627463248764,5.663835314360461,1404.9618407034748,1410.6256760178353,41.06256760178353,1413.810787581828,0.22528556097951902,ACTIVE,True
486,short,27,4.0,1.0,6,2024-04-10 13:30:00,288425,28842,8.22,291305,2024-04-11 13:30:00,SL,-1.0,1397.9645285349986,12.5,0.002,174.74556606687483,174.74556606687483,174.74556606687483,1039.041791828049,0.0,358.92273670694954,-1.7474556606687484,0.34949113213374966,-2.096946792802498,1410.6256760178353,1408.5287292250327,40.85287292250328,1413.810787581828,0.37360433257335857,ACTIVE,True
487,short,92,6.0,1.0,2,2024-04-10 19:05:00,289091,28909,46.67,291971,2024-04-11 19:05:00,SL,-1.0,1410.6256760178353,12.5,0.002,176.3282095022294,176.3282095022294,176.3282095022294,174.74556606687293,0.0,1235.8801099509624,-1.7632820950222943,0.3526564190044588,-2.115938514026753,1408.5287292250327,1406.412790711006,40.6412790711006,1413.810787581828,0.5232664042318902,ACTIVE,True
488,short,43,3.5,3.0,5,2024-04-11 02:40:00,290004,29000,0.19791,292884,2024-04-12 02:40:00,TP,3.5,1410.6256760178353,12.5,0.002,176.3282095022294,176.3282095022294,176.3282095022294,351.07377556910234,1.1368683772161603e-13,1059.551900448733,6.17148733257803,0.3526564190044588,5.818830913573571,1406.412790711006,1412.2316216245795,41.22316216245794,1413.810787581828,0.11169570717093624,ACTIVE,True
489,short,21,3.5,1.0,1,2024-04-11 12:40:00,291200,29120,0.5856,294080,2024-04-12 12:40:00,SL,-1.0,1410.6256760178353,12.5,0.002,176.3282095022294,176.3282095022294,176.3282095022294,527.4019850713318,0.0,883.2236909465036,-1.7632820950222943,0.3526564190044588,-2.115938514026753,1412.2316216245795,1410.1156831105527,41.01156831105528,1413.810787581828,0.26135777882946787,ACTIVE,True
490,short,3,3.5,1.25,9,2024-04-12 02:50:00,292908,29290,0.12116,295788,2024-04-13 02:50:00,TP,3.5,1412.2316216245795,12.5,0.002,176.52895270307243,176.52895270307243,176.52895270307243,176.32820950222754,0.0,1235.903412122352,6.178513344607536,0.3530579054061449,5.8254554392013915,1410.1156831105527,1415.9411385497542,41.594113854975426,1415.9411385497542,0.0,ACTIVE,True
491,short,1,8.0,3.0,8,2024-04-12 13:05:00,294137,29413,168.28,297017,2024-04-13 13:05:00,TP,8.0,1410.1156831105527,12.5,0.002,176.2644603888191,176.2644603888191,176.2644603888191,176.52895270307056,2.5579538487363607e-13,1233.5867304074823,14.101156831105527,0.3525289207776382,13.748627910327889,1415.9411385497542,1429.6897664600822,42.96897664600823,1429.6897664600822,0.0,ACTIVE,True
492,short,1,8.0,3.0,8,2024-04-12 13:10:00,294147,29414,169.16,297027,2024-04-13 13:10:00,TP,8.0,1410.1156831105527,12.5,0.002,176.2644603888191,176.2644603888191,176.2644603888191,352.79341309188965,176.26446038881934,1057.322270018663,14.101156831105527,0.3525289207776382,13.748627910327889,1429.6897664600822,1443.4383943704102,44.34383943704101,1443.4383943704102,0.0,ACTIVE,True
493,short,8,5.0,3.0,10,2024-04-12 16:40:00,294569,29456,0.5915,297449,2024-04-13 16:40:00,TP,5.0,1410.1156831105527,12.5,0.002,176.2644603888191,176.2644603888191,176.2644603888191,529.0578734807087,0.0,881.057809629844,8.813223019440954,0.3525289207776382,8.460694098663316,1443.4383943704102,1451.8990884690734,45.18990884690734,1451.8990884690734,0.0,ACTIVE,True
494,short,63,6.0,2.5,10,2024-04-12 20:00:00,294969,29496,0.5396,297849,2024-04-13 20:00:00,TP,6.0,1410.1156831105527,12.5,0.002,176.2644603888191,176.2644603888191,176.2644603888191,705.3223338695278,176.2644603888191,704.7933492410249,10.575867623329145,0.3525289207776382,10.223338702551507,1451.8990884690734,1462.1224271716248,46.21224271716249,1462.1224271716248,0.0,ACTIVE,True
495,short,19,6.0,1.75,1,2024-04-12 20:05:00,294970,29497,0.4879,297850,2024-04-13 20:05:00,SL,-1.75,1410.1156831105527,12.5,0.002,176.2644603888191,176.2644603888191,176.2644603888191,881.5867942583469,0.0,528.5288888522058,-3.0846280568043345,0.3525289207776382,-3.4371569775819726,1462.1224271716248,1458.685270194043,45.86852701940429,1462.1224271716248,0.23507997098648428,ACTIVE,True
496,short,19,6.0,1.75,8,2024-04-12 20:10:00,294987,29498,153.99,297867,2024-04-13 20:10:00,TP,6.0,1410.1156831105527,12.5,0.002,176.2644603888191,176.2644603888191,176.2644603888191,1057.8512546471661,352.5289207776384,352.2644284633866,10.575867623329145,0.3525289207776382,10.223338702551507,1458.685270194043,1468.9086088965944,46.890860889659436,1468.9086088965944,0.0,ACTIVE,True
497,short,52,2.5,2.0,4,2024-04-12 20:10:00,294983,29498,67291.05,297863,2024-04-13 20:10:00,TP,2.5,1410.1156831105527,12.5,0.002,176.2644603888191,175.9999680745675,175.9999680745675,1234.1157150359852,0.0,175.9999680745675,4.399999201864188,0.351999936149135,4.0479992657150525,1468.9086088965944,1472.9566081623095,47.295660816230956,1472.9566081623095,0.0,ACTIVE,True
498,short,34,2.0,2.0,7,2024-04-13 03:00:00,295806,29580,3210.0,298686,2024-04-14 03:00:00,SL,-2.0,1415.9411385497542,12.5,0.002,176.99264231871928,176.99264231871928,176.99264231871928,1233.5867304074802,5.684341886080802e-14,182.354408142274,-3.5398528463743855,0.35398528463743856,-3.893838131011824,1472.9566081623095,1469.0627700312978,46.90627700312977,1472.9566081623095,0.26435525048289055,ACTIVE,True
499,short,29,5.0,1.0,3,2024-04-13 03:15:00,295832,29583,575.0,298712,2024-04-14 03:15:00,SL,-1.0,1415.9411385497542,12.5,0.002,176.99264231871928,5.361765823554833,5.361765823554833,1410.5793727261994,0.0,5.361765823554833,-0.053617658235548336,0.010723531647109668,-0.06434118988265801,1469.0627700312978,1468.998428841415,46.899842884141506,1472.9566081623095,0.2687234164917317,ACTIVE,True
500,short,36,8.0,2.5,9,2024-04-13 18:50:00,297708,29770,0.11208,300588,2024-04-14 18:50:00,Time_288,0.7673090649536043,1451.8990884690734,12.5,0.002,181.48738605863417,181.48738605863417,181.48738605863417,887.147757383297,0.0,564.7513310857764,1.3925691649752439,0.36297477211726836,1.0295943928579754,1468.998428841415,1470.028023234273,47.00280232342728,1472.9566081623095,0.19882357102768514,ACTIVE,True
501,short,67,3.5,2.5,8,2024-04-13 18:55:00,297717,29771,143.55,300597,2024-04-14 18:55:00,TP,3.5,1451.8990884690734,12.5,0.002,181.48738605863417,181.48738605863417,181.48738605863417,1068.6351434419312,176.26446038881932,383.2639450271422,6.352058512052197,0.36297477211726836,5.989083739934928,1470.028023234273,1476.017106974208,47.601710697420806,1476.017106974208,0.0,ACTIVE,True
502,short,7,3.0,2.0,9,2024-04-13 19:10:00,297748,29774,0.11188,300628,2024-04-14 19:10:00,TP,3.0,1451.8990884690734,12.5,0.002,181.48738605863417,181.48738605863417,181.48738605863417,1250.1225295005654,181.48738605863417,201.77655896850797,5.444621581759025,0.36297477211726836,5.081646809641756,1476.017106974208,1481.0987537838498,48.109875378384984,1481.0987537838498,0.0,ACTIVE,True
503,short,27,4.0,1.0,5,2024-04-13 21:00:00,297964,29796,0.14179,300844,2024-04-14 21:00:00,TP,4.0,1472.9566081623095,12.5,0.002,184.1195760202887,184.1195760202887,184.1195760202887,726.8165663181749,1.1368683772161603e-13,746.1400418441347,7.364783040811548,0.3682391520405774,6.9965438887709706,1481.0987537838498,1488.0952976726207,48.80952976726207,1488.0952976726207,0.0,ACTIVE,True
504,short,63,6.0,2.5,10,2024-04-13 21:40:00,298049,29804,0.4501,300929,2024-04-14 21:40:00,SL,-2.5,1472.9566081623095,12.5,0.002,184.1195760202887,184.1195760202887,184.1195760202887,910.9361423384636,0.0,562.0204658238459,-4.602989400507218,0.3682391520405774,-4.971228552547795,1488.0952976726207,1483.124069120073,48.31240691200731,1488.0952976726207,0.33406654535651686,ACTIVE,True
505,short,29,5.0,1.0,1,2024-04-13 21:45:00,298050,29805,0.4238,300930,2024-04-14 21:45:00,SL,-1.0,1472.9566081623095,12.5,0.002,184.1195760202887,184.1195760202887,184.1195760202887,1095.0557183587523,0.0,377.9008898035572,-1.841195760202887,0.3682391520405774,-2.209434912243464,1483.124069120073,1480.9146342078295,48.091463420782944,1488.0952976726207,0.4825405655149756,ACTIVE,True
506,short,14,3.0,1.75,2,2024-04-13 21:50:00,298061,29806,31.54,300941,2024-04-14 21:50:00,SL,-1.75,1472.9566081623095,12.5,0.002,184.1195760202887,184.1195760202887,184.1195760202887,1279.175294379041,0.0,193.78131378326862,-3.2220925803550524,0.3682391520405774,-3.59033173239563,1480.9146342078295,1477.3243024754338,47.73243024754339,1488.0952976726207,0.723810848272471,ACTIVE,True
507,short,67,3.5,2.5,1,2024-04-13 22:00:00,298080,29808,0.4288,300960,2024-04-14 22:00:00,SL,-2.5,1472.9566081623095,12.5,0.002,184.1195760202887,9.66173776298001,9.66173776298001,1463.2948703993295,184.1195760202887,9.66173776298001,-0.24154344407450026,0.019323475525960022,-0.26086691960046027,1477.3243024754338,1477.0634355558334,47.706343555583345,1488.0952976726207,0.7413411045677767,ACTIVE,True
508,short,91,2.0,1.0,2,2024-04-14 15:35:00,300191,30019,35.55,303071,2024-04-15 15:35:00,TP,2.0,1468.998428841415,12.5,0.002,183.62480360517688,178.3962288213795,178.3962288213795,1290.6022000200355,184.1195760202887,178.3962288213795,3.56792457642759,0.356792457642759,3.211132118784831,1477.0634355558334,1480.2745676746183,48.02745676746183,1488.0952976726207,0.5255530348247217,ACTIVE,True
509,short,87,5.0,3.0,1,2024-04-15 00:00:00,301200,30120,0.4653,304080,2024-04-16 00:00:00,SL,-3.0,1477.0634355558334,12.5,0.002,184.63292944447917,184.63292944447917,184.63292944447917,178.3962288213775,0.0,1298.667206734456,-5.538987883334375,0.36926585888895835,-5.908253742223334,1480.2745676746183,1474.366313932395,47.4366313932395,1488.0952976726207,0.9225876704064433,ACTIVE,True
510,short,82,3.5,1.5,5,2024-04-15 00:20:00,301244,30124,0.16127,304124,2024-04-16 00:20:00,SL,-1.5,1477.0634355558334,12.5,0.002,184.63292944447917,184.63292944447917,184.63292944447917,363.02915826585667,1.1368683772161603e-13,1114.0342772899767,-2.7694939416671875,0.36926585888895835,-3.138759800556146,1474.366313932395,1471.227554131839,47.12275541318392,1488.0952976726207,1.13351232055923,ACTIVE,True
511,short,5,2.5,1.0,2,2024-04-15 05:50:00,301901,30190,36.68,304781,2024-04-16 05:50:00,SL,-1.0,1477.0634355558334,12.5,0.002,184.63292944447917,184.63292944447917,184.63292944447917,547.6620877103359,178.39622882137954,929.4013478454975,-1.8463292944447918,0.36926585888895835,-2.21559515333375,1471.227554131839,1469.0119589785054,46.901195897850535,1488.0952976726207,1.2824003089023717,ACTIVE,True
512,short,5,2.5,1.0,1,2024-04-15 05:55:00,301910,30191,0.4716,304790,2024-04-16 05:55:00,SL,-1.0,1477.0634355558334,12.5,0.002,184.63292944447917,184.63292944447917,184.63292944447917,732.295017154815,184.63292944447917,744.7684184010184,-1.8463292944447918,0.36926585888895835,-2.21559515333375,1469.0119589785054,1466.7963638251717,46.679636382517174,1488.0952976726207,1.4312882972455132,ACTIVE,True
513,short,5,2.5,1.0,2,2024-04-15 05:55:00,301911,30191,36.67,304791,2024-04-16 05:55:00,SL,-1.0,1477.0634355558334,12.5,0.002,184.63292944447917,184.63292944447917,184.63292944447917,916.9279465992942,363.0291582658587,560.1354889565392,-1.8463292944447918,0.36926585888895835,-2.21559515333375,1466.7963638251717,1464.580768671838,46.45807686718382,1488.0952976726207,1.580176285588655,ACTIVE,True
514,short,5,2.5,1.0,2,2024-04-15 06:00:00,301921,30192,36.58,304801,2024-04-16 06:00:00,SL,-1.0,1477.0634355558334,12.5,0.002,184.63292944447917,184.63292944447917,184.63292944447917,1101.5608760437733,547.6620877103379,375.5025595120601,-1.8463292944447918,0.36926585888895835,-2.21559515333375,1464.580768671838,1462.3651735185044,46.23651735185044,1488.0952976726207,1.729064273931797,ACTIVE,True
515,short,74,8.0,2.5,10,2024-04-15 08:05:00,302179,30217,0.5121,305059,2024-04-16 08:05:00,Time_288,2.792423354813509,1477.0634355558334,12.5,0.002,184.63292944447917,184.63292944447917,184.63292944447917,1286.1938054882526,0.0,190.86963006758083,5.155733042483985,0.36926585888895835,4.786467183595026,1462.3651735185044,1467.1516407020995,46.715164070209944,1488.0952976726207,1.4074136920718125,ACTIVE,True
516,short,5,2.5,1.0,8,2024-04-15 12:50:00,302747,30274,150.75,305627,2024-04-16 12:50:00,TP,2.5,1477.0634355558334,12.5,0.002,184.63292944447917,6.236700623101569,6.236700623101569,1470.8267349327318,2.2737367544323206e-13,6.236700623101569,0.15591751557753925,0.01247340124620314,0.1434441143313361,1467.1516407020995,1467.2950848164307,46.72950848164308,1488.0952976726207,1.3977742479746766,ACTIVE,True
517,short,30,2.5,2.5,7,2024-04-15 16:25:00,303176,30317,3154.69,306056,2024-04-16 16:25:00,TP,2.5,1480.2745676746183,12.5,0.002,185.0343209593273,181.60736094016443,181.60736094016443,1298.6672067344539,5.684341886080802e-14,181.60736094016443,4.540184023504111,0.3632147218803289,4.176969301623782,1467.2950848164307,1471.4720541180545,47.14720541180546,1488.0952976726207,1.1170819221433566,ACTIVE,True
518,short,5,2.5,1.0,10,2024-04-16 06:30:00,304869,30486,0.4915,307749,2024-04-17 06:30:00,SL,-1.0,1462.3651735185044,12.5,0.002,182.79564668981305,182.79564668981305,182.79564668981305,372.4769910077432,184.63292944447917,1089.8881825107612,-1.8279564668981305,0.3655912933796261,-2.1935477602777564,1471.4720541180545,1469.2785063577767,46.927850635777666,1488.0952976726207,1.2644883257324653,ACTIVE,True
519,short,5,2.5,1.0,10,2024-04-16 06:35:00,304879,30487,0.4918,307759,2024-04-17 06:35:00,SL,-1.0,1462.3651735185044,12.5,0.002,182.79564668981305,182.79564668981305,182.79564668981305,555.2726376975563,367.42857613429226,907.0925358209481,-1.8279564668981305,0.3655912933796261,-2.1935477602777564,1469.2785063577767,1467.0849585974988,46.708495859749874,1488.0952976726207,1.411894729321574,ACTIVE,True
520,short,5,2.5,1.0,10,2024-04-16 06:40:00,304889,30488,0.4929,307769,2024-04-17 06:40:00,SL,-1.0,1462.3651735185044,12.5,0.002,182.79564668981305,182.79564668981305,182.79564668981305,738.0682843873694,550.2242228241053,724.296889131135,-1.8279564668981305,0.3655912933796261,-2.1935477602777564,1467.0849585974988,1464.891410837221,46.48914108372211,1488.0952976726207,1.5593011329106827,ACTIVE,True
521,short,5,2.5,1.0,10,2024-04-16 06:45:00,304899,30489,0.4948,307779,2024-04-17 06:45:00,SL,-1.0,1462.3651735185044,12.5,0.002,182.79564668981305,182.79564668981305,182.79564668981305,920.8639310771825,733.0198695139184,541.5012424413219,-1.8279564668981305,0.3655912933796261,-2.1935477602777564,1464.891410837221,1462.6978630769431,46.26978630769432,1488.0952976726207,1.7067075364997915,ACTIVE,True
522,short,74,8.0,2.5,2,2024-04-16 22:40:00,306801,30680,34.78,309681,2024-04-17 22:40:00,Time_288,2.271420356526737,1471.4720541180545,12.5,0.002,183.93400676475682,183.93400676475682,183.93400676475682,731.1825867592505,5.684341886080802e-14,740.289467358804,4.1779144722299515,0.36786801352951365,3.810046458700438,1462.6978630769431,1466.5079095356436,46.65079095356437,1488.0952976726207,1.450672424725738,ACTIVE,True
523,short,37,2.5,1.75,2,2024-04-16 22:50:00,306821,30682,34.86,309701,2024-04-17 22:50:00,TP,2.5,1471.4720541180545,12.5,0.002,183.93400676475682,183.93400676475682,183.93400676475682,915.1165935240074,183.93400676475687,556.3554605940471,4.598350169118921,0.36786801352951365,4.2304821555894065,1466.5079095356436,1470.7383916912331,47.07383916912331,1488.0952976726207,1.166384035251896,ACTIVE,True
524,short,85,3.5,1.0,1,2024-04-16 23:50:00,306940,30694,0.4577,309820,2024-04-17 23:50:00,SL,-1.0,1471.4720541180545,12.5,0.002,183.93400676475682,183.93400676475682,183.93400676475682,1099.0506002887641,0.0,372.4214538292904,-1.8393400676475682,0.36786801352951365,-2.207208081177082,1470.7383916912331,1468.5311836100561,46.853118361005606,1488.0952976726207,1.3147084123686745,ACTIVE,True
525,short,2,4.0,1.25,3,2024-04-17 11:15:00,308312,30831,538.2,311192,2024-04-18 11:15:00,TP,4.0,1462.6978630769431,12.5,0.002,182.8372328846179,182.8372328846179,182.8372328846179,551.8020202942685,0.0,910.8958427826747,7.313489315384715,0.3656744657692358,6.9478148496154795,1468.5311836100561,1475.4789984596716,47.547899845967166,1488.0952976726207,0.8478152731670473,ACTIVE,True
526,short,60,2.5,2.5,3,2024-04-17 11:20:00,308322,30832,537.5,311202,2024-04-18 11:20:00,TP,2.5,1462.6978630769431,12.5,0.002,182.8372328846179,182.8372328846179,182.8372328846179,734.6392531788863,182.8372328846179,728.0586098980568,4.570930822115447,0.3656744657692358,4.2052563563462115,1475.4789984596716,1479.6842548160178,47.968425481601784,1488.0952976726207,0.5652220573344899,ACTIVE,True
527,short,2,4.0,1.25,3,2024-04-17 11:25:00,308332,30833,536.7,311212,2024-04-18 11:25:00,TP,4.0,1462.6978630769431,12.5,0.002,182.8372328846179,182.8372328846179,182.8372328846179,917.4764860635041,365.6744657692358,545.221377013439,7.313489315384715,0.3656744657692358,6.9478148496154795,1479.6842548160178,1486.6320696656333,48.66320696656332,1488.0952976726207,0.09832891813286282,ACTIVE,True
528,short,2,4.0,1.25,3,2024-04-17 11:35:00,308352,30835,535.5,311232,2024-04-18 11:35:00,TP,4.0,1462.6978630769431,12.5,0.002,182.8372328846179,182.8372328846179,182.8372328846179,1100.313718948122,548.5116986538537,362.38414412882116,7.313489315384715,0.3656744657692358,6.9478148496154795,1486.6320696656333,1493.5798845152488,49.35798845152488,1493.5798845152488,0.0,ACTIVE,True
529,short,2,4.0,1.25,3,2024-04-17 11:40:00,308362,30836,535.6,311242,2024-04-18 11:40:00,TP,4.0,1462.6978630769431,12.5,0.002,182.8372328846179,179.54691124420333,179.54691124420333,1283.1509518327398,731.3489315384716,179.54691124420333,7.181876449768133,0.35909382248840666,6.822782627279726,1493.5798845152488,1500.4026671425286,50.04026671425286,1500.4026671425286,0.0,ACTIVE,True
530,short,91,2.0,1.0,2,2024-04-18 02:55:00,310191,31019,34.08,313071,2024-04-19 02:55:00,SL,-1.0,1468.5311836100561,12.5,0.002,183.56639795125702,183.56639795125702,183.56639795125702,910.8958427826728,5.684341886080802e-14,557.6353408273833,-1.8356639795125702,0.367132795902514,-2.2027967754150843,1500.4026671425286,1498.1998703671136,49.81998703671135,1500.4026671425286,0.14681370699041352,ACTIVE,True
531,short,17,3.5,2.0,5,2024-04-18 07:30:00,310744,31074,0.14414,313624,2024-04-19 07:30:00,TP,3.5,1468.5311836100561,12.5,0.002,183.56639795125702,183.56639795125702,183.56639795125702,1094.4622407339298,1.1368683772161603e-13,374.06894287612636,6.424823928293996,0.367132795902514,6.057691132391482,1498.1998703671136,1504.257561499505,50.42575614995051,1504.257561499505,0.0,ACTIVE,True
532,short,29,5.0,1.0,7,2024-04-18 08:00:00,310806,31080,2980.2,313686,2024-04-19 08:00:00,SL,-1.0,1468.5311836100561,12.5,0.002,183.56639795125702,183.56639795125702,183.56639795125702,1278.0286386851867,5.684341886080802e-14,190.50254492486943,-1.8356639795125702,0.367132795902514,-2.2027967754150843,1504.257561499505,1502.05476472409,50.205476472409,1504.257561499505,0.14643747399342597,ACTIVE,True
533,short,31,2.5,2.0,3,2024-04-18 15:45:00,311732,31173,550.1,314612,2024-04-19 15:45:00,TP,2.5,1500.4026671425286,12.5,0.002,187.55033339281607,187.55033339281607,187.55033339281607,550.699193853769,1.1368683772161603e-13,949.7034732887596,4.688758334820402,0.37510066678563214,4.31365766803477,1502.05476472409,1506.3684223921248,50.63684223921248,1506.3684223921248,0.0,ACTIVE,True
534,short,52,2.5,2.0,9,2024-04-20 05:00:00,316208,31620,0.1098,319088,2024-04-21 05:00:00,Time_288,-1.1748633879781416,1506.3684223921248,12.5,0.002,188.2960527990156,188.2960527990156,188.2960527990156,-2.0747847884194925e-12,0.0,1506.3684223921268,-2.212221385343625,0.3765921055980312,-2.5888134909416562,1506.3684223921248,1503.779608901183,50.3779608901183,1506.3684223921248,0.17185792349726894,ACTIVE,True
535,short,26,6.0,1.5,1,2024-04-20 09:10:00,316700,31670,0.4873,319580,2024-04-21 09:10:00,SL,-1.5,1506.3684223921248,12.5,0.002,188.2960527990156,188.2960527990156,188.2960527990156,188.29605279901352,0.0,1318.0723695931113,-2.824440791985234,0.3765921055980312,-3.201032897583265,1503.779608901183,1500.5785760036,50.05785760035999,1506.3684223921248,0.38435792349726583,ACTIVE,True
536,short,73,8.0,3.0,7,2024-04-21 02:20:00,318766,31876,3165.4,321646,2024-04-22 02:20:00,Time_288,0.9796550199027048,1506.3684223921248,12.5,0.002,188.2960527990156,188.2960527990156,188.2960527990156,376.5921055980291,5.684341886080802e-14,1129.7763167940957,1.8446517335242036,0.3765921055980312,1.4680596279261724,1500.5785760036,1502.046635631526,50.20466356315261,1506.3684223921248,0.28690104600943284,ACTIVE,True
537,short,38,2.0,1.5,4,2024-04-21 15:15:00,320313,32031,65121.84,323193,2024-04-22 15:15:00,SL,-1.5,1500.5785760036,12.5,0.002,187.57232200045,187.57232200045,187.57232200045,188.2960527990135,0.0,1312.2825232045864,-2.8135848300067496,0.3751446440009,-3.1887294740076495,1502.046635631526,1498.8579061575183,49.88579061575182,1506.3684223921248,0.49858428542200356,ACTIVE,True
538,short,38,2.0,1.5,10,2024-04-21 18:30:00,320709,32070,0.5234,323589,2024-04-22 18:30:00,SL,-1.5,1500.5785760036,12.5,0.002,187.57232200045,187.57232200045,187.57232200045,375.8683747994635,1.7053025658242404e-13,1124.7102012041364,-2.8135848300067496,0.3751446440009,-3.1887294740076495,1498.8579061575183,1495.6691766835106,49.56691766835106,1506.3684223921248,0.7102675248345743,ACTIVE,True
539,short,85,3.5,1.0,5,2024-04-22 00:35:00,321434,32143,0.15818,324314,2024-04-23 00:35:00,SL,-1.0,1500.5785760036,12.5,0.002,187.57232200045,187.57232200045,187.57232200045,563.4406967999134,1.1368683772161603e-13,937.1378792036865,-1.8757232200045,0.3751446440009,-2.2508678640054,1495.6691766835106,1493.4183088195052,49.34183088195052,1506.3684223921248,0.8596909879493275,ACTIVE,True
540,short,87,5.0,3.0,10,2024-04-22 05:40:00,322049,32204,0.5369,324929,2024-04-23 05:40:00,SL,-3.0,1502.046635631526,12.5,0.002,187.75582945394075,187.75582945394075,187.75582945394075,562.7169660013478,187.57232200045016,939.3296696301782,-5.632674883618222,0.3755116589078815,-6.008186542526103,1493.4183088195052,1487.410122276979,48.74101222769791,1506.3684223921248,1.2585433837652906,ACTIVE,True
541,short,85,3.5,1.0,2,2024-04-22 16:35:00,323351,32335,38.85,326231,2024-04-23 16:35:00,SL,-1.0,1498.8579061575183,12.5,0.002,187.3572382696898,187.3572382696898,187.3572382696898,562.9004734548387,5.684341886080802e-14,935.9574327026796,-1.873572382696898,0.37471447653937956,-2.2482868592362775,1487.410122276979,1485.1618354177429,48.516183541774296,1506.3684223921248,1.4077955073371566,ACTIVE,True
542,short,74,8.0,2.5,10,2024-04-22 21:55:00,323999,32399,0.5589,326879,2024-04-23 21:55:00,Time_288,1.5029522275899023,1495.6691766835106,12.5,0.002,186.95864708543883,186.95864708543883,186.95864708543883,562.6853897240785,187.7558294539409,932.9837869594321,2.8098991510425466,0.37391729417087766,2.435981856871669,1485.1618354177429,1487.5978172746145,48.75978172746145,1506.3684223921248,1.246083284705505,ACTIVE,True
543,short,85,3.5,1.0,2,2024-04-23 13:20:00,325841,32584,38.19,328721,2024-04-24 13:20:00,SL,-1.0,1487.410122276979,12.5,0.002,185.9262652846224,185.9262652846224,185.9262652846224,374.31588535512657,187.35723826968984,1113.0942369218526,-1.859262652846224,0.3718525305692448,-2.2311151834154686,1487.5978172746145,1485.366702091199,48.53667020911989,1506.3684223921248,1.3941954696298637,ACTIVE,True
544,short,8,5.0,3.0,2,2024-04-23 20:45:00,326731,32673,38.52,329611,2024-04-24 20:45:00,SL,-3.0,1485.1618354177429,12.5,0.002,185.64522942721786,185.64522942721786,185.64522942721786,372.88491237005917,185.92626528462245,1112.2769230476838,-5.569356882816535,0.37129045885443573,-5.940647341670971,1485.366702091199,1479.426054749528,47.94260547495279,1506.3684223921248,1.7885642876005112,ACTIVE,True
545,short,8,5.0,3.0,2,2024-04-23 20:55:00,326751,32675,38.55,329631,2024-04-24 20:55:00,SL,-3.0,1485.1618354177429,12.5,0.002,185.64522942721786,185.64522942721786,185.64522942721786,558.530141797277,371.5714947118403,926.6316936204659,-5.569356882816535,0.37129045885443573,-5.940647341670971,1479.426054749528,1473.485407407857,47.348540740785715,1506.3684223921248,2.1829331055711587,ACTIVE,True
546,short,4,6.0,2.5,4,2024-04-23 21:25:00,326813,32681,66441.51,329693,2024-04-24 21:25:00,Time_288,3.2492036981098003,1485.1618354177429,12.5,0.002,185.64522942721786,185.64522942721786,185.64522942721786,744.1753712244948,0.0,740.986464193248,6.031991659913586,0.37129045885443573,5.66070120105915,1473.485407407857,1479.1461086089162,47.914610860891614,1506.3684223921248,1.8071484623913832,ACTIVE,True
547,short,4,6.0,2.5,4,2024-04-23 21:45:00,326853,32685,66339.2,329733,2024-04-24 21:45:00,Time_288,2.997322849838398,1485.1618354177429,12.5,0.002,185.64522942721786,185.64522942721786,185.64522942721786,929.8206006517127,185.64522942721786,555.3412347660302,5.564386881256918,0.37129045885443573,5.1930964224024825,1479.1461086089162,1484.3392050313187,48.433920503131866,1506.3684223921248,1.4624056793372995,ACTIVE,True
548,short,9,2.5,1.5,2,2024-04-23 21:50:00,326861,32686,38.39,329741,2024-04-24 21:50:00,SL,-1.5,1485.1618354177429,12.5,0.002,185.64522942721786,185.64522942721786,185.64522942721786,1115.4658300789306,557.2167241390581,369.69600533881226,-2.7846784414082677,0.37129045885443573,-3.1559689002627036,1484.3392050313187,1481.183236131056,48.118323613105595,1506.3684223921248,1.6719141138842062,ACTIVE,True
549,short,94,5.0,2.5,4,2024-04-23 21:50:00,326863,32686,66258.86,329743,2024-04-24 21:50:00,Time_288,2.848660541397781,1485.1618354177429,12.5,0.002,185.64522942721786,184.05077591159443,184.05077591159443,1301.1110595061484,371.2904588544357,184.05077591159443,5.242981829530042,0.3681015518231889,4.874880277706853,1481.183236131056,1486.0581164087628,48.605811640876276,1506.3684223921248,1.3482960530405363,ACTIVE,True
550,short,98,2.5,1.0,1,2024-04-24 02:05:00,327370,32737,0.5034,330250,2024-04-25 02:05:00,SL,-1.0,1487.5978172746145,12.5,0.002,185.9497271593268,185.9497271593268,185.9497271593268,1298.203188332304,0.0,189.39462894231042,-1.859497271593268,0.3718994543186536,-2.231396725911922,1486.0581164087628,1483.8267196828508,48.382671968285074,1506.3684223921248,1.4964269281134808,ACTIVE,True
551,short,28,5.0,1.5,6,2024-04-24 02:45:00,327455,32745,7.268,330335,2024-04-25 02:45:00,SL,-1.5,1487.5978172746145,12.5,0.002,185.9497271593268,3.4449017829836066,3.4449017829836066,1484.152915491631,0.0,3.4449017829836066,-0.051673526744754096,0.006889803565967213,-0.05856333031072131,1483.8267196828508,1483.76815635254,48.376815635254,1506.3684223921248,1.5003146443879491,ACTIVE,True
552,short,60,2.5,2.5,6,2024-04-24 13:35:00,328755,32875,7.293,331635,2024-04-25 13:35:00,TP,2.5,1485.366702091199,12.5,0.002,185.67083776139987,183.69515010120676,183.69515010120676,1301.6715519899922,3.4449017829836066,183.69515010120676,4.592378752530169,0.36739030020241353,4.224988452327755,1483.76815635254,1487.9931448048678,48.79931448048678,1506.3684223921248,1.2198395368695314,ACTIVE,True
553,short,67,3.5,2.5,7,2024-04-25 00:05:00,330016,33001,3145.21,332896,2024-04-26 00:05:00,Time_288,-0.3525996674307962,1486.0581164087628,12.5,0.002,185.75726455109535,185.75726455109535,185.75726455109535,373.08977904351536,5.684341886080802e-14,1112.9683373652474,-0.6549794970357065,0.3715145291021907,-1.0264940261378972,1487.9931448048678,1486.96665077873,48.69666507787298,1506.3684223921248,1.2879831603602472,ACTIVE,True
554,short,76,3.5,1.0,2,2024-04-26 23:35:00,335711,33571,34.4,338591,2024-04-27 23:35:00,TP,3.5,1486.96665077873,12.5,0.002,185.87083134734124,185.87083134734124,185.87083134734124,-1.8474111129762605e-12,0.0,1486.9666507787317,6.505479097156944,0.3717416626946825,6.133737434462262,1486.96665077873,1493.1003882131922,49.31003882131921,1506.3684223921248,0.8807960908967294,ACTIVE,True
555,short,76,3.5,1.0,2,2024-04-26 23:50:00,335741,33574,34.41,338621,2024-04-27 23:50:00,TP,3.5,1486.96665077873,12.5,0.002,185.87083134734124,185.87083134734124,185.87083134734124,185.8708313473394,185.87083134734124,1301.0958194313905,6.505479097156944,0.3717416626946825,6.133737434462262,1493.1003882131922,1499.2341256476545,49.92341256476544,1506.3684223921248,0.4736090214332115,ACTIVE,True
556,short,76,3.5,1.0,2,2024-04-26 23:55:00,335751,33575,34.43,338631,2024-04-27 23:55:00,TP,3.5,1486.96665077873,12.5,0.002,185.87083134734124,185.87083134734124,185.87083134734124,371.7416626946806,371.7416626946825,1115.2249880840493,6.505479097156944,0.3717416626946825,6.133737434462262,1499.2341256476545,1505.3678630821169,50.53678630821168,1506.3684223921248,0.06642195196969368,ACTIVE,True
557,short,7,3.0,2.0,2,2024-04-27 00:10:00,335781,33578,34.62,338661,2024-04-28 00:10:00,TP,3.0,1486.96665077873,12.5,0.002,185.87083134734124,185.87083134734124,185.87083134734124,557.6124940420218,557.6124940420237,929.3541567367081,5.576124940420237,0.3717416626946825,5.2043832777255545,1505.3678630821169,1510.5722463598424,51.057224635984234,1510.5722463598424,0.0,ACTIVE,True
558,short,19,6.0,1.75,8,2024-04-27 02:15:00,336037,33603,136.45,338917,2024-04-28 02:15:00,SL,-1.75,1486.96665077873,12.5,0.002,185.87083134734124,185.87083134734124,185.87083134734124,743.483325389363,2.2737367544323206e-13,743.4833253893669,-3.252739548578472,0.3717416626946825,-3.6244812112731544,1510.5722463598424,1506.9477651485693,50.69477651485692,1510.5722463598424,0.23994093761535779,ACTIVE,True
559,short,67,3.5,2.5,1,2024-04-27 02:30:00,336060,33606,0.4591,338940,2024-04-28 02:30:00,SL,-2.5,1486.96665077873,12.5,0.002,185.87083134734124,185.87083134734124,185.87083134734124,929.3541567367042,0.0,557.6124940420257,-4.6467707836835315,0.3717416626946825,-5.018512446378214,1506.9477651485693,1501.929252702191,50.1929252702191,1510.5722463598424,0.5721668512366247,ACTIVE,True
560,short,38,2.0,1.5,4,2024-04-27 06:20:00,336523,33652,62968.19,339403,2024-04-28 06:20:00,SL,-1.5,1486.96665077873,12.5,0.002,185.87083134734124,185.87083134734124,185.87083134734124,1115.2249880840454,0.0,371.74166269468446,-2.7880624702101184,0.3717416626946825,-3.1598041329048008,1501.929252702191,1498.7694485692862,49.87694485692862,1510.5722463598424,0.781346130183346,ACTIVE,True
561,short,1,8.0,3.0,2,2024-04-28 23:05:00,341411,34141,34.06,344291,2024-04-29 23:05:00,SL,-3.0,1498.7694485692862,12.5,0.002,187.34618107116077,187.34618107116077,187.34618107116077,-1.8758328224066645e-12,5.684341886080802e-14,1498.769448569288,-5.620385432134823,0.37469236214232154,-5.995077794277145,1498.7694485692862,1492.774370775009,49.2774370775009,1510.5722463598424,1.1782207456626177,ACTIVE,True
562,short,1,8.0,3.0,2,2024-04-28 23:10:00,341421,34142,33.99,344301,2024-04-29 23:10:00,SL,-3.0,1498.7694485692862,12.5,0.002,187.34618107116077,187.34618107116077,187.34618107116077,187.3461810711589,187.34618107116083,1311.4232674981272,-5.620385432134823,0.37469236214232154,-5.995077794277145,1492.774370775009,1486.7792929807317,48.677929298073174,1510.5722463598424,1.5750953611418896,ACTIVE,True
563,short,66,3.5,1.0,8,2024-04-28 23:10:00,341427,34142,138.45,344307,2024-04-29 23:10:00,TP,3.5,1498.7694485692862,12.5,0.002,187.34618107116077,187.34618107116077,187.34618107116077,374.69236214231967,2.2737367544323206e-13,1124.0770864269666,6.557116337490628,0.37469236214232154,6.182423975348306,1486.7792929807317,1492.96171695608,49.296171695608,1510.5722463598424,1.165818413928901,ACTIVE,True
564,short,1,8.0,3.0,2,2024-04-28 23:15:00,341431,34143,33.89,344311,2024-04-29 23:15:00,SL,-3.0,1498.7694485692862,12.5,0.002,187.34618107116077,187.34618107116077,187.34618107116077,562.0385432134805,374.6923621423216,936.7309053558057,-5.620385432134823,0.37469236214232154,-5.995077794277145,1492.96171695608,1486.9666391618027,48.696663916180285,1510.5722463598424,1.5626930294081725,ACTIVE,True
565,short,5,2.5,1.0,6,2024-04-28 23:15:00,341435,34143,6.72,344315,2024-04-29 23:15:00,SL,-1.0,1498.7694485692862,12.5,0.002,187.34618107116077,187.34618107116077,187.34618107116077,749.3847242846413,0.0,749.3847242846449,-1.8734618107116077,0.37469236214232154,-2.2481541728539294,1486.9666391618027,1484.7184849889488,48.47184849889488,1510.5722463598424,1.7115210102128957,ACTIVE,True
566,short,66,3.5,1.0,8,2024-04-28 23:15:00,341437,34143,138.07,344317,2024-04-29 23:15:00,Time_288,-0.06518432679076078,1498.7694485692862,12.5,0.002,187.34618107116077,187.34618107116077,187.34618107116077,936.7309053558021,187.346181071161,562.0385432134841,-0.12212034689943585,0.37469236214232154,-0.4968127090417574,1484.7184849889488,1484.2216722799071,48.42216722799071,1510.5722463598424,1.7444100501273332,ACTIVE,True
567,short,1,8.0,3.0,2,2024-04-28 23:20:00,341441,34144,33.96,344321,2024-04-29 23:20:00,SL,-3.0,1498.7694485692862,12.5,0.002,187.34618107116077,187.34618107116077,187.34618107116077,1124.0770864269628,562.0385432134824,374.6923621423234,-5.620385432134823,0.37469236214232154,-5.995077794277145,1484.2216722799071,1478.22659448563,47.82265944856299,1510.5722463598424,2.141284665606605,ACTIVE,True
568,short,1,8.0,3.0,8,2024-04-28 23:20:00,341447,34144,138.26,344327,2024-04-29 23:20:00,Time_288,-0.1229567481556603,1498.7694485692862,12.5,0.002,187.34618107116077,187.34618107116077,187.34618107116077,1311.4232674981236,374.69236214232177,187.34618107116262,-0.23035477203891447,0.37469236214232154,-0.605047134181236,1478.22659448563,1477.6215473514487,47.76215473514487,1510.5722463598424,2.181338832869324,ACTIVE,True
569,short,8,5.0,3.0,5,2024-04-30 03:45:00,344854,34485,0.14352,347734,2024-05-01 03:45:00,TP,5.0,1477.6215473514487,12.5,0.002,184.7026934189311,184.7026934189311,184.7026934189311,-1.9895196601282805e-12,1.1368683772161603e-13,1477.6215473514508,9.235134670946556,0.36940538683786217,8.865729284108694,1477.6215473514487,1486.4872766355575,48.648727663555746,1510.5722463598424,1.5944268658665366,ACTIVE,True
570,short,16,3.0,1.0,6,2024-04-30 03:45:00,344855,34485,6.574,347735,2024-05-01 03:45:00,TP,3.0,1477.6215473514487,12.5,0.002,184.7026934189311,184.7026934189311,184.7026934189311,184.7026934189291,0.0,1292.9188539325196,5.541080802567932,0.36940538683786217,5.1716754157300695,1486.4872766355575,1491.6589520512875,49.16589520512875,1510.5722463598424,1.2520615517815787,ACTIVE,True
571,short,85,3.5,1.0,2,2024-04-30 07:35:00,345311,34531,34.9,348191,2024-05-01 07:35:00,TP,3.5,1477.6215473514487,12.5,0.002,184.7026934189311,184.7026934189311,184.7026934189311,369.4053868378602,5.684341886080802e-14,1108.2161605135884,6.464594269662589,0.36940538683786217,6.095188882824727,1491.6589520512875,1497.7541409341122,49.77541409341122,1510.5722463598424,0.8485595744671673,ACTIVE,True
572,short,7,3.0,2.0,10,2024-04-30 10:15:00,345639,34563,0.5027,348519,2024-05-01 10:15:00,TP,3.0,1477.6215473514487,12.5,0.002,184.7026934189311,184.7026934189311,184.7026934189311,554.1080802567913,1.1368683772161603e-13,923.5134670946575,5.541080802567932,0.36940538683786217,5.1716754157300695,1497.7541409341122,1502.9258163498423,50.292581634984224,1510.5722463598424,0.5061942603822095,ACTIVE,True
573,short,5,2.5,1.0,8,2024-04-30 12:20:00,345887,34588,128.91,348767,2024-05-01 12:20:00,SL,-1.0,1477.6215473514487,12.5,0.002,184.7026934189311,184.7026934189311,184.7026934189311,738.8107736757223,1.7053025658242404e-13,738.8107736757264,-1.8470269341893109,0.36940538683786217,-2.216432321027173,1502.9258163498423,1500.709384028815,50.0709384028815,1510.5722463598424,0.65292225213291,ACTIVE,True
574,short,31,2.5,2.0,2,2024-04-30 12:30:00,345901,34590,32.9,348781,2024-05-01 12:30:00,TP,2.5,1477.6215473514487,12.5,0.002,184.7026934189311,184.7026934189311,184.7026934189311,923.5134670946534,184.70269341893115,554.1080802567953,4.617567335473278,0.36940538683786217,4.248161948635415,1500.709384028815,1504.9575459774505,50.49575459774505,1510.5722463598424,0.37169360127740564,ACTIVE,True
575,short,64,5.0,1.25,4,2024-04-30 13:15:00,345993,34599,61243.94,348873,2024-05-01 13:15:00,TP,5.0,1477.6215473514487,12.5,0.002,184.7026934189311,184.7026934189311,184.7026934189311,1108.2161605135846,0.0,369.40538683786417,9.235134670946556,0.36940538683786217,8.865729284108694,1504.9575459774505,1513.8232752615593,51.382327526155926,1513.8232752615593,0.0,ACTIVE,True
576,short,31,2.5,2.0,3,2024-04-30 13:45:00,346052,34605,563.3,348932,2024-05-01 13:45:00,SL,-2.0,1477.6215473514487,12.5,0.002,184.7026934189311,184.7026934189311,184.7026934189311,1292.9188539325157,1.1368683772161603e-13,184.702693418933,-3.6940538683786217,0.36940538683786217,-4.063459255216484,1513.8232752615593,1509.7598160063428,50.97598160063428,1513.8232752615593,0.2684236212786708,ACTIVE,True
577,short,12,3.5,1.25,8,2024-05-01 08:55:00,348357,34835,121.24,351237,2024-05-02 08:55:00,SL,-1.25,1497.7541409341122,12.5,0.002,187.21926761676403,187.21926761676403,187.21926761676403,923.5134670946535,184.70269341893126,574.2406738394587,-2.3402408452095504,0.37443853523352805,-2.7146793804430787,1509.7598160063428,1507.0451366258997,50.70451366258997,1513.8232752615593,0.44774966447047687,ACTIVE,True
578,short,19,6.0,1.75,3,2024-05-01 09:00:00,348362,34836,549.5,351242,2024-05-02 09:00:00,SL,-1.75,1497.7541409341122,12.5,0.002,187.21926761676403,187.21926761676403,187.21926761676403,1110.7327347114176,184.7026934189312,387.0214062226946,-3.276337183293371,0.37443853523352805,-3.650775718526899,1507.0451366258997,1503.3943609073729,50.33943609073728,1513.8232752615593,0.6889122742801338,ACTIVE,True
579,short,48,5.0,2.5,7,2024-05-01 09:05:00,348376,34837,2885.31,351256,2024-05-02 09:05:00,SL,-2.5,1497.7541409341122,12.5,0.002,187.21926761676403,187.21926761676403,187.21926761676403,1297.9520023281816,5.684341886080802e-14,199.80213860593062,-4.680481690419101,0.37443853523352805,-5.054920225652629,1503.3943609073729,1498.3394406817201,49.83394406817201,1513.8232752615593,1.0228297340165968,ACTIVE,True
580,short,29,5.0,1.0,5,2024-05-01 09:20:00,348404,34840,0.1249,351284,2024-05-02 09:20:00,SL,-1.0,1497.7541409341122,12.5,0.002,187.21926761676403,12.582870989166622,12.582870989166622,1485.1712699449456,1.1368683772161603e-13,12.582870989166622,-0.12582870989166622,0.025165741978333246,-0.15099445186999946,1498.3394406817201,1498.1884462298501,49.818844622985004,1513.8232752615593,1.0328041117618412,ACTIVE,True
581,short,87,5.0,3.0,6,2024-05-01 13:55:00,348955,34895,6.587,351835,2024-05-02 13:55:00,SL,-3.0,1509.7598160063428,12.5,0.002,188.71997700079285,188.71997700079285,188.71997700079285,574.2406738394567,0.0,935.5191421668861,-5.661599310023785,0.3774399540015857,-6.039039264025371,1498.1884462298501,1492.1494069658247,49.214940696582474,1513.8232752615593,1.4317304172767287,ACTIVE,True
582,short,5,2.5,1.0,1,2024-05-01 14:00:00,348960,34896,0.4387,351840,2024-05-02 14:00:00,SL,-1.0,1509.7598160063428,12.5,0.002,188.71997700079285,188.71997700079285,188.71997700079285,762.9606508402495,0.0,746.7991651660933,-1.8871997700079286,0.3774399540015857,-2.2646397240095144,1492.1494069658247,1489.884767241815,48.98847672418152,1513.8232752615593,1.581327781844817,ACTIVE,True
583,short,5,2.5,1.0,6,2024-05-01 14:00:00,348965,34896,6.602,351845,2024-05-02 14:00:00,SL,-1.0,1509.7598160063428,12.5,0.002,188.71997700079285,188.71997700079285,188.71997700079285,951.6806278410423,188.71997700079285,558.0791881653005,-1.8871997700079286,0.3774399540015857,-2.2646397240095144,1489.884767241815,1487.6201275178055,48.76201275178056,1513.8232752615593,1.7309251464129056,ACTIVE,True
584,short,5,2.5,1.0,1,2024-05-01 14:05:00,348970,34897,0.438,351850,2024-05-02 14:05:00,SL,-1.0,1509.7598160063428,12.5,0.002,188.71997700079285,188.71997700079285,188.71997700079285,1140.4006048418353,188.71997700079285,369.35921116450754,-1.8871997700079286,0.3774399540015857,-2.2646397240095144,1487.6201275178055,1485.3554877937959,48.53554877937958,1513.8232752615593,1.880522510980994,ACTIVE,True
585,short,5,2.5,1.0,3,2024-05-01 14:05:00,348972,34897,549.2,351852,2024-05-02 14:05:00,SL,-1.0,1509.7598160063428,12.5,0.002,188.71997700079285,180.63923416371472,180.63923416371472,1329.120581842628,187.21926761676414,180.63923416371472,-1.8063923416371472,0.36127846832742944,-2.1676708099645765,1485.3554877937959,1483.1878169838312,48.31878169838313,1513.8232752615593,2.023714311859476,ACTIVE,True
586,short,9,2.5,1.5,1,2024-05-03 07:05:00,353890,35389,0.4526,356770,2024-05-04 07:05:00,SL,-1.5,1483.1878169838312,12.5,0.002,185.3984771229789,185.3984771229789,185.3984771229789,-1.8474111129762605e-12,0.0,1483.187816983833,-2.7809771568446835,0.3707969542459578,-3.151774111090641,1483.1878169838312,1480.0360428727406,48.00360428727406,1513.8232752615593,2.231913918946773,ACTIVE,True
587,short,87,5.0,3.0,10,2024-05-03 14:15:00,354759,35475,0.523,357639,2024-05-04 14:15:00,SL,-3.0,1483.1878169838312,12.5,0.002,185.3984771229789,185.3984771229789,185.3984771229789,185.39847712297706,1.1368683772161603e-13,1297.7893398608542,-5.561954313689367,0.3707969542459578,-5.932751267935325,1480.0360428727406,1474.1032916048052,47.410329160480515,1513.8232752615593,2.6238190616993387,ACTIVE,True
588,short,74,8.0,2.5,2,2024-05-03 14:30:00,354781,35478,34.71,357661,2024-05-04 14:30:00,SL,-2.5,1483.1878169838312,12.5,0.002,185.3984771229789,185.3984771229789,185.3984771229789,370.79695424595593,5.684341886080802e-14,1112.3908627378753,-4.634961928074473,0.3707969542459578,-5.005758882320431,1474.1032916048052,1469.0975327224849,46.90975327224849,1513.8232752615593,2.9544890258968093,ACTIVE,True
589,short,87,5.0,3.0,1,2024-05-03 15:30:00,354900,35490,0.4652,357780,2024-05-04 15:30:00,Time_288,-0.21496130696474652,1483.1878169838312,12.5,0.002,185.3984771229789,185.3984771229789,185.3984771229789,556.1954313689348,185.3984771229789,926.9923856148964,-0.398534989516292,0.3707969542459578,-0.7693319437622499,1469.0975327224849,1468.3282007787227,46.83282007787226,1513.8232752615593,3.0053094853476807,ACTIVE,True
590,short,52,2.5,2.0,9,2024-05-04 01:30:00,356108,35610,0.12255,358988,2024-05-05 01:30:00,Time_288,0.8812729498164109,1483.1878169838312,12.5,0.002,185.3984771229789,185.3984771229789,185.3984771229789,741.5939084919137,0.0,741.5939084919175,1.6338666282563798,0.3707969542459578,1.263069674010422,1468.3282007787227,1469.5912704527332,46.95912704527332,1513.8232752615593,2.9218737438941593,ACTIVE,True
591,short,29,5.0,1.0,3,2024-05-04 23:10:00,358702,35870,585.5,361582,2024-05-05 23:10:00,SL,-1.0,1468.3282007787227,12.5,0.002,183.54102509734034,183.54102509734034,183.54102509734034,185.39847712297703,8.526512829121202e-14,1282.9297236557456,-1.8354102509734034,0.3670820501946807,-2.202492301168084,1469.5912704527332,1467.388778151565,46.73887781515651,1513.8232752615593,3.067365779666142,ACTIVE,True
592,short,39,8.0,3.0,3,2024-05-04 23:30:00,358742,35874,586.6,361622,2024-05-05 23:30:00,Time_288,-0.9717013296965447,1468.3282007787227,12.5,0.002,183.54102509734034,183.54102509734034,183.54102509734034,368.93950222031737,183.54102509734042,1099.3886985584054,-1.7834705814095249,0.3670820501946807,-2.1505526316042056,1467.388778151565,1465.238225519961,46.5238225519961,1513.8232752615593,3.20942678947804,ACTIVE,True
593,short,73,8.0,3.0,6,2024-05-05 16:15:00,360755,36075,7.309,363635,2024-05-06 16:15:00,Time_288,1.8059926118484135,1469.5912704527332,12.5,0.002,183.69890880659165,183.69890880659165,183.69890880659165,367.0820501946788,0.0,1102.5092202580545,3.3175887210932,0.3673978176131833,2.9501909034800167,1465.238225519961,1468.188416423441,46.81884164234409,1513.8232752615593,3.0145433475537984,ACTIVE,True
594,short,73,8.0,3.0,6,2024-05-05 16:20:00,360765,36076,7.318,363645,2024-05-06 16:20:00,Time_288,1.8447663295982482,1469.5912704527332,12.5,0.002,183.69890880659165,183.69890880659165,183.69890880659165,550.7809590012705,183.69890880659165,918.8103114514627,3.388815617503394,0.3673978176131833,3.0214177998902105,1468.188416423441,1471.2098342233312,47.120983422333126,1513.8232752615593,2.8149548057956304,ACTIVE,True
595,short,73,8.0,3.0,6,2024-05-05 16:30:00,360785,36078,7.272,363665,2024-05-06 16:30:00,Time_288,1.5951595159516028,1469.5912704527332,12.5,0.002,183.69890880659165,183.69890880659165,183.69890880659165,734.4798678078621,367.3978176131833,735.1114026448711,2.9302906245276037,0.3673978176131833,2.5628928069144203,1471.2098342233312,1473.7727270302457,47.377272703024566,1513.8232752615593,2.6456554662494263,ACTIVE,True
596,short,52,2.5,2.0,9,2024-05-06 13:50:00,363348,36334,0.11928,366228,2024-05-07 13:50:00,Time_288,-0.7964453386988652,1465.238225519961,12.5,0.002,183.1547781899951,183.1547781899951,183.1547781899951,551.096726419773,0.0,914.141499100188,-1.458727693498462,0.36630955637999024,-1.8250372498784524,1473.7727270302457,1471.9476897803672,47.19476897803672,1513.8232752615593,2.7662136106314494,ACTIVE,True
597,short,52,2.5,2.0,9,2024-05-06 13:55:00,363358,36335,0.11929,366238,2024-05-07 13:55:00,Time_288,-0.7376980467767673,1465.238225519961,12.5,0.002,183.1547781899951,183.1547781899951,183.1547781899951,734.2515046097681,183.1547781899951,730.9867209101928,-1.3511292212859147,0.36630955637999024,-1.717438777665905,1471.9476897803672,1470.2302510027014,47.02302510027015,1513.8232752615593,2.8796640249388337,ACTIVE,True
598,short,52,2.5,2.0,9,2024-05-06 14:00:00,363368,36336,0.11918,366248,2024-05-07 14:00:00,Time_288,-0.8306762879677838,1465.238225519961,12.5,0.002,183.1547781899951,183.1547781899951,183.1547781899951,917.4062827997632,366.3095563799902,547.8319427201977,-1.5214233127042796,0.36630955637999024,-1.8877328690842698,1470.2302510027014,1468.3425181336172,46.83425181336172,1513.8232752615593,3.004363710822446,ACTIVE,True
599,short,33,2.0,1.75,7,2024-05-06 14:20:00,363406,36340,3114.61,366286,2024-05-07 14:20:00,TP,2.0,1465.238225519961,12.5,0.002,183.1547781899951,183.1547781899951,183.1547781899951,1100.5610609897583,5.684341886080802e-14,364.6771645302026,3.6630955637999025,0.36630955637999024,3.2967860074199122,1468.3425181336172,1471.6393041410372,47.16393041410372,1513.8232752615593,2.786584921098766,ACTIVE,True
600,short,9,2.5,1.5,1,2024-05-06 14:35:00,363430,36343,0.4598,366310,2024-05-07 14:35:00,TP,2.5,1465.238225519961,12.5,0.002,183.1547781899951,181.5223863402075,181.5223863402075,1283.7158391797534,0.0,181.5223863402075,4.538059658505188,0.363044772680415,4.175014885824773,1471.6393041410372,1475.814319026862,47.5814319026862,1513.8232752615593,2.510792168136672,ACTIVE,True
601,short,29,5.0,1.0,7,2024-05-06 16:30:00,363666,36366,3081.45,366546,2024-05-07 16:30:00,SL,-1.0,1473.7727270302457,12.5,0.002,184.22159087878072,184.22159087878072,184.22159087878072,914.1414991001861,183.15477818999517,559.6312279300596,-1.8422159087878072,0.36844318175756147,-2.2106590905453687,1475.814319026862,1473.6036599363167,47.36036599363167,1513.8232752615593,2.6568236849372915,ACTIVE,True
602,short,9,2.5,1.5,5,2024-05-06 16:35:00,363674,36367,0.15746,366554,2024-05-07 16:35:00,TP,2.5,1473.7727270302457,12.5,0.002,184.22159087878072,184.22159087878072,184.22159087878072,1098.3630899789669,1.1368683772161603e-13,375.4096370512789,4.605539771969518,0.36844318175756147,4.237096590211957,1473.6036599363167,1477.8407565265286,47.78407565265286,1513.8232752615593,2.3769299444027636,ACTIVE,True
603,short,9,2.5,1.5,6,2024-05-06 16:40:00,363685,36368,7.138,366565,2024-05-07 16:40:00,SL,-1.5,1473.7727270302457,12.5,0.002,184.22159087878072,184.22159087878072,184.22159087878072,1282.5846808577476,5.684341886080802e-14,191.18804617249816,-2.7633238631817107,0.36844318175756147,-3.1317670449392723,1477.8407565265286,1474.7089894815892,47.470898948158926,1513.8232752615593,2.583807926536989,ACTIVE,True
604,short,87,5.0,3.0,6,2024-05-07 09:50:00,365745,36574,7.235,368625,2024-05-08 09:50:00,Time_288,2.8887353144436836,1473.7727270302457,12.5,0.002,184.22159087878072,6.966455293717445,6.966455293717445,1466.8062717365283,184.22159087878077,6.966455293717445,0.20124245423454726,0.01393291058743489,0.18730954364711236,1474.7089894815892,1474.8962990252364,47.48962990252363,1513.8232752615593,2.5714346497676237,ACTIVE,True
605,short,38,2.0,1.5,10,2024-05-07 13:55:00,366239,36623,0.5366,369119,2024-05-08 13:55:00,TP,2.0,1470.2302510027014,12.5,0.002,183.77878137533767,183.77878137533767,183.77878137533767,1107.4631706502555,1.1368683772161603e-13,362.7670803524459,3.6755756275067535,0.36755756275067536,3.308018064756078,1474.8962990252364,1478.2043170899924,47.82043170899924,1513.8232752615593,2.352913893823743,ACTIVE,True
606,short,1,8.0,3.0,8,2024-05-07 18:35:00,366797,36679,150.89,369677,2024-05-08 18:35:00,Time_288,2.0942408376963333,1474.7089894815892,12.5,0.002,184.33862368519866,184.33862368519866,184.33862368519866,190.74523666905338,1.7053025658242404e-13,1283.9637528125359,3.8604947368627953,0.3686772473703973,3.491817489492398,1478.2043170899924,1481.6961345794848,48.16961345794848,1513.8232752615593,2.1222517322257133,ACTIVE,True
607,short,1,8.0,3.0,2,2024-05-07 18:40:00,366801,36680,36.23,369681,2024-05-08 18:40:00,Time_288,3.97460667954733,1474.7089894815892,12.5,0.002,184.33862368519866,184.33862368519866,184.33862368519866,375.083860354252,5.684341886080802e-14,1099.6251291273372,7.3267352499775225,0.3686772473703973,6.9580580026071255,1481.6961345794848,1488.654192582092,48.8654192582092,1513.8232752615593,1.6626169706050071,ACTIVE,True
608,short,29,5.0,1.0,5,2024-05-07 19:55:00,366954,36695,0.15348,369834,2024-05-08 19:55:00,Time_288,4.450091217096692,1474.7089894815892,12.5,0.002,184.33862368519866,184.33862368519866,184.33862368519866,559.4224840394506,1.1368683772161603e-13,915.2865054421386,8.203236902331948,0.3686772473703973,7.834559654961551,1488.654192582092,1496.4887522370536,49.64887522370536,1513.8232752615593,1.1450823426869674,ACTIVE,True
609,short,19,6.0,1.75,8,2024-05-07 20:05:00,366977,36697,151.78,369857,2024-05-08 20:05:00,Time_288,5.20490183159837,1474.7089894815892,12.5,0.002,184.33862368519866,184.33862368519866,184.33862368519866,743.7611077246493,184.33862368519883,730.94788175694,9.594644400534131,0.3686772473703973,9.225967153163733,1496.4887522370536,1505.7147193902174,50.57147193902174,1513.8232752615593,0.5356342450171984,ACTIVE,True
610,short,4,6.0,2.5,2,2024-05-07 20:15:00,366991,36699,36.31,369871,2024-05-08 20:15:00,TP,6.0,1474.7089894815892,12.5,0.002,184.33862368519866,184.33862368519866,184.33862368519866,928.0997314098479,184.3386236851987,546.6092580717414,11.060317421111918,0.3686772473703973,10.69164017374152,1505.7147193902174,1516.4063595639589,51.640635956395876,1516.4063595639589,0.0,ACTIVE,True
611,short,66,3.5,1.0,9,2024-05-07 20:35:00,367038,36703,0.121,369918,2024-05-08 20:35:00,SL,-1.0,1474.7089894815892,12.5,0.002,184.33862368519866,184.33862368519866,184.33862368519866,1112.4383550950465,0.0,362.2706343865427,-1.8433862368519867,0.3686772473703973,-2.212063484222384,1516.4063595639589,1514.1942960797364,51.41942960797363,1516.4063595639589,0.1458753763640574,ACTIVE,True
612,short,66,3.5,1.0,9,2024-05-07 20:40:00,367048,36704,0.12107,369928,2024-05-08 20:40:00,SL,-1.0,1474.7089894815892,12.5,0.002,184.33862368519866,177.9320107013441,177.9320107013441,1296.7769787802451,184.33862368519866,177.9320107013441,-1.779320107013441,0.3558640214026882,-2.135184128416129,1514.1942960797364,1512.0591119513203,51.205911195132025,1516.4063595639589,0.2866809140716449,ACTIVE,True
613,short,19,6.0,1.75,8,2024-05-08 21:40:00,370047,37004,141.93,372927,2024-05-09 21:40:00,SL,-1.75,1512.0591119513203,12.5,0.002,189.00738899391504,189.00738899391504,189.00738899391504,-1.8474111129762605e-12,1.7053025658242404e-13,1512.0591119513222,-3.3076293073935137,0.3780147779878301,-3.6856440853813437,1512.0591119513203,1508.373467865939,50.83734678659388,1516.4063595639589,0.5297321293436026,ACTIVE,True
614,short,29,5.0,1.0,2,2024-05-08 21:50:00,370061,37006,33.88,372941,2024-05-09 21:50:00,SL,-1.0,1512.0591119513203,12.5,0.002,189.00738899391504,189.00738899391504,189.00738899391504,189.0073889939132,5.684341886080802e-14,1323.051722957407,-1.8900738899391505,0.3780147779878301,-2.2680886679269805,1508.373467865939,1506.1053791980119,50.61053791980119,1516.4063595639589,0.6793021079724985,ACTIVE,True
615,short,74,8.0,2.5,1,2024-05-09 02:30:00,370620,37062,0.4635,373500,2024-05-10 02:30:00,Time_288,-0.47464940668823724,1512.0591119513203,12.5,0.002,189.00738899391504,189.00738899391504,189.00738899391504,378.0147779878282,0.0,1134.0443339634921,-0.8971224504565464,0.3780147779878301,-1.2751372284443765,1506.1053791980119,1504.8302419695674,50.48302419695674,1516.4063595639589,0.7633915224227998,ACTIVE,True
616,short,37,2.5,1.75,3,2024-05-09 04:10:00,370822,37082,597.1,373702,2024-05-10 04:10:00,Time_288,0.7033997655334191,1512.0591119513203,12.5,0.002,189.00738899391504,189.00738899391504,189.00738899391504,567.0221669817432,5.684341886080802e-14,945.0369449695771,1.3294775310240357,0.3780147779878301,0.9514627530362055,1504.8302419695674,1505.7817047226035,50.57817047226037,1516.4063595639589,0.7006469456122851,ACTIVE,True
617,short,37,2.5,1.75,3,2024-05-09 04:15:00,370832,37083,596.1,373712,2024-05-10 04:15:00,Time_288,0.4529441368897912,1512.0591119513203,12.5,0.002,189.00738899391504,189.00738899391504,189.00738899391504,756.0295559756582,189.0073889939151,756.0295559756621,0.8560978867364186,0.3780147779878301,0.4780831087485885,1505.7817047226035,1506.259787831352,50.625978783135196,1516.4063595639589,0.6691195713215342,ACTIVE,True
618,short,1,8.0,3.0,6,2024-05-09 07:55:00,371275,37127,6.924,374155,2024-05-10 07:55:00,SL,-3.0,1512.0591119513203,12.5,0.002,189.00738899391504,189.00738899391504,189.00738899391504,945.0369449695733,5.684341886080802e-14,567.0221669817471,-5.670221669817451,0.3780147779878301,-6.048236447805281,1506.259787831352,1500.2115513835467,50.02115513835468,1516.4063595639589,1.0679728476652466,ACTIVE,True
619,short,7,3.0,2.0,9,2024-05-10 11:45:00,374618,37461,0.12491,377498,2024-05-11 11:45:00,SL,-2.0,1500.2115513835467,12.5,0.002,187.52644392294334,187.52644392294334,187.52644392294334,-1.8758328224066645e-12,0.0,1500.2115513835486,-3.750528878458867,0.3750528878458867,-4.125581766304753,1500.2115513835467,1496.085969617242,49.608596961724196,1516.4063595639589,1.3400359223341687,ACTIVE,True
620,short,62,5.0,1.0,2,2024-05-10 16:15:00,375151,37515,34.64,378031,2024-05-11 16:15:00,Time_288,2.3383371824480434,1500.2115513835467,12.5,0.002,187.52644392294334,187.52644392294334,187.52644392294334,187.52644392294147,5.684341886080802e-14,1312.6851074606052,4.3850005651727635,0.3750528878458867,4.009947677326877,1496.085969617242,1500.0959172945688,50.00959172945689,1516.4063595639589,1.0755983820906736,ACTIVE,True
621,short,29,5.0,1.0,5,2024-05-10 16:20:00,375164,37516,0.14525,378044,2024-05-11 16:20:00,Time_288,0.15834767641995198,1500.2115513835467,12.5,0.002,187.52644392294334,187.52644392294334,187.52644392294334,375.0528878458848,1.1368683772161603e-13,1125.158663537662,0.29694376662494504,0.3750528878458867,-0.07810912122094166,1500.0959172945688,1500.017808173348,50.0017808173348,1516.4063595639589,1.080749318099895,ACTIVE,True
622,short,36,8.0,2.5,8,2024-05-10 16:20:00,375167,37516,147.91,378047,2024-05-11 16:20:00,Time_288,1.0073693462240614,1500.2115513835467,12.5,0.002,187.52644392294334,187.52644392294334,187.52644392294334,562.5793317688282,1.7053025658242404e-13,937.6322196147186,1.8890839121437855,0.3750528878458867,1.5140310242978987,1500.017808173348,1501.531839197646,50.1531839197646,1516.4063595639589,0.9809059604966369,ACTIVE,True
623,short,7,3.0,2.0,2,2024-05-10 16:25:00,375171,37517,34.43,378051,2024-05-11 16:25:00,TP,3.0,1500.2115513835467,12.5,0.002,187.52644392294334,187.52644392294334,187.52644392294334,750.1057756917716,187.5264439229434,750.1057756917752,5.6257933176883,0.3750528878458867,5.250740429842414,1501.531839197646,1506.7825796274883,50.67825796274883,1516.4063595639589,0.6346438654634674,ACTIVE,True
624,short,12,3.5,1.25,4,2024-05-10 17:00:00,375243,37524,60922.19,378123,2024-05-11 17:00:00,Time_288,-0.4297448926245062,1500.2115513835467,12.5,0.002,187.52644392294334,187.52644392294334,187.52644392294334,937.6322196147149,0.0,562.5793317688318,-0.8058853150792077,0.3750528878458867,-1.1809382029250943,1506.7825796274883,1505.6016414245632,50.56016414245632,1516.4063595639589,0.7125212889836801,ACTIVE,True
625,short,38,2.0,1.5,1,2024-05-10 18:15:00,375390,37539,0.4459,378270,2024-05-11 18:15:00,Time_288,1.1886073110562965,1500.2115513835467,12.5,0.002,187.52644392294334,187.52644392294334,187.52644392294334,1125.1586635376582,0.0,375.05288784588856,2.2289530226319907,0.3750528878458867,1.853900134786104,1505.6016414245632,1507.4555415593493,50.74555415593493,1516.4063595639589,0.5902651323081612,ACTIVE,True
626,short,12,3.5,1.25,7,2024-05-10 18:40:00,375446,37544,2904.8,378326,2024-05-11 18:40:00,SL,-1.25,1500.2115513835467,12.5,0.002,187.52644392294334,187.52644392294334,187.52644392294334,1312.6851074606016,5.684341886080802e-14,187.5264439229452,-2.344080549036792,0.3750528878458867,-2.7191334368826787,1507.4555415593493,1504.7364081224666,50.47364081224666,1516.4063595639589,0.7695794315217666,ACTIVE,True
627,short,8,5.0,3.0,7,2024-05-11 12:55:00,377636,37763,2900.2,380516,2024-05-12 12:55:00,Time_288,-1.0171712295703745,1496.085969617242,12.5,0.002,187.01074620215525,183.40086215664041,183.40086215664041,1312.6851074606016,187.5264439229434,183.40086215664041,-1.865500804641367,0.36680172431328084,-2.232302528954648,1504.7364081224666,1502.504105593512,50.2504105593512,1516.4063595639589,0.9167894794667403,ACTIVE,True
628,short,36,8.0,2.5,8,2024-05-12 08:55:00,380037,38003,144.98,382917,2024-05-13 08:55:00,Time_288,0.24831011173954012,1504.7364081224666,12.5,0.002,188.09205101530833,188.09205101530833,188.09205101530833,183.4008621566384,1.7053025658242404e-13,1321.3355459658283,0.4670515820493049,0.37618410203061664,0.09086748001868827,1502.504105593512,1502.5949730735306,50.259497307353065,1516.4063595639589,0.9107971885847093,ACTIVE,True
629,short,4,6.0,2.5,8,2024-05-12 09:05:00,380057,38005,144.79,382937,2024-05-13 09:05:00,Time_288,-0.35223427032254945,1504.7364081224666,12.5,0.002,188.09205101530833,188.09205101530833,188.09205101530833,371.4929131719467,188.0920510153085,1133.24349495052,-0.6625246634284888,0.37618410203061664,-1.0387087654591054,1502.5949730735306,1501.5562643080714,50.15562643080713,1516.4063595639589,0.9792952372052575,ACTIVE,True
630,short,7,3.0,2.0,8,2024-05-12 09:10:00,380067,38006,145.0,382947,2024-05-13 09:10:00,TP,3.0,1504.7364081224666,12.5,0.002,188.09205101530833,188.09205101530833,188.09205101530833,559.5849641872551,376.1841020306168,945.1514439352115,5.64276153045925,0.37618410203061664,5.266577428428634,1501.5562643080714,1506.8228417365,50.68228417365002,1516.4063595639589,0.6319887652155781,ACTIVE,True
631,short,7,3.0,2.0,5,2024-05-12 20:30:00,381424,38142,0.14121,384304,2024-05-13 20:30:00,TP,3.0,1502.504105593512,12.5,0.002,187.813013199189,187.813013199189,187.813013199189,564.276153045923,1.1368683772161603e-13,938.2279525475889,5.63439039597567,0.375626026398378,5.258764369577292,1506.8228417365,1512.0816061060773,51.208160610607734,1516.4063595639589,0.2851975283937182,ACTIVE,True
632,short,9,2.5,1.5,1,2024-05-12 21:40:00,381560,38156,0.4363,384440,2024-05-13 21:40:00,TP,2.5,1502.504105593512,12.5,0.002,187.813013199189,187.813013199189,187.813013199189,752.089166245112,0.0,750.4149393483999,4.695325329979725,0.375626026398378,4.319699303581347,1512.0816061060773,1516.4013054096586,51.640130540965856,1516.4063595639589,0.00033329814718989633,ACTIVE,True
633,short,9,2.5,1.5,1,2024-05-12 21:45:00,381570,38157,0.4371,384450,2024-05-13 21:45:00,TP,2.5,1502.504105593512,12.5,0.002,187.813013199189,187.813013199189,187.813013199189,939.9021794443009,187.813013199189,562.601926149211,4.695325329979725,0.375626026398378,4.319699303581347,1516.4013054096586,1520.7210047132398,52.07210047132398,1520.7210047132398,0.0,ACTIVE,True
634,short,4,6.0,2.5,2,2024-05-12 21:50:00,381581,38158,33.26,384461,2024-05-13 21:50:00,Time_288,1.984365604329515,1502.504105593512,12.5,0.002,187.813013199189,187.813013199189,187.813013199189,1127.71519264349,5.684341886080802e-14,374.788912950022,3.7268968343795583,0.375626026398378,3.35127080798118,1520.7210047132398,1524.072275521221,52.4072275521221,1524.072275521221,0.0,ACTIVE,True
635,short,4,6.0,2.5,2,2024-05-12 22:00:00,381601,38160,33.19,384481,2024-05-13 22:00:00,Time_288,1.5968665260620705,1502.504105593512,12.5,0.002,187.813013199189,186.97589975083292,186.97589975083292,1315.528205842679,187.81301319918904,186.97589975083292,2.9857555549244252,0.37395179950166585,2.6118037554227596,1524.072275521221,1526.6840792766436,52.66840792766436,1526.6840792766436,0.0,ACTIVE,True
636,short,74,8.0,2.5,10,2024-05-13 10:55:00,383159,38315,0.5043,386039,2024-05-14 10:55:00,Time_288,-0.674201863969873,1506.8228417365,12.5,0.002,188.3528552170625,188.3528552170625,188.3528552170625,938.227952547587,1.1368683772161603e-13,568.594889188913,-1.2698784607139117,0.37670571043412504,-1.646584171148037,1526.6840792766436,1525.0374951054955,52.50374951054955,1526.6840792766436,0.10785362823252026,ACTIVE,True
637,short,52,2.5,2.0,9,2024-05-13 12:40:00,383368,38336,0.12626,386248,2024-05-14 12:40:00,Time_288,0.9504197687311947,1506.8228417365,12.5,0.002,188.3528552170625,188.3528552170625,188.3528552170625,1126.5808077646495,0.0,380.24203397185056,1.7901427709526077,0.37670571043412504,1.4134370605184827,1525.0374951054955,1526.450932166014,52.64509321660138,1526.6840792766436,0.015271470620181157,ACTIVE,True
638,short,7,3.0,2.0,9,2024-05-13 12:45:00,383378,38337,0.12621,386258,2024-05-14 12:45:00,Time_288,0.9349496870295434,1506.8228417365,12.5,0.002,188.3528552170625,188.3528552170625,188.3528552170625,1314.9336629817121,188.3528552170625,191.88917875478796,1.761004430363135,0.37670571043412504,1.38429871992901,1526.450932166014,1527.835230885943,52.78352308859431,1527.835230885943,0.0,ACTIVE,True
639,short,85,3.5,1.0,5,2024-05-14 00:50:00,384824,38482,0.14807,387704,2024-05-15 00:50:00,SL,-1.0,1526.6840792766436,12.5,0.002,190.83550990958045,190.83550990958045,190.83550990958045,565.0585656511857,1.1368683772161603e-13,961.6255136254579,-1.9083550990958045,0.3816710198191609,-2.2900261189149655,1527.835230885943,1525.545204767028,52.55452047670281,1527.835230885943,0.14988698209211032,ACTIVE,True
640,short,34,2.0,2.0,7,2024-05-14 01:15:00,384876,38487,2958.51,387756,2024-05-15 01:15:00,TP,2.0,1526.6840792766436,12.5,0.002,190.83550990958045,190.83550990958045,190.83550990958045,755.8940755607662,2.842170943040401e-14,770.7900037158774,3.816710198191609,0.3816710198191609,3.435039178372448,1525.545204767028,1528.9802439454004,52.89802439454003,1528.9802439454004,0.0,ACTIVE,True
641,short,29,5.0,1.0,7,2024-05-14 07:45:00,385656,38565,2916.01,388536,2024-05-15 07:45:00,Time_288,-0.016803783251764626,1526.6840792766436,12.5,0.002,190.83550990958045,190.83550990958045,190.83550990958045,946.7295854703466,190.83550990958048,579.954493806297,-0.032067585452605706,0.3816710198191609,-0.4137386052717666,1528.9802439454004,1528.5665053401285,52.85665053401285,1528.9802439454004,0.027059774441836965,ACTIVE,True
642,short,63,6.0,2.5,8,2024-05-14 07:50:00,385667,38566,146.41,388547,2024-05-15 07:50:00,Time_288,1.3933474489447388,1526.6840792766436,12.5,0.002,190.83550990958045,190.83550990958045,190.83550990958045,1137.565095379927,1.7053025658242404e-13,389.1189838967166,2.6590017090058233,0.3816710198191609,2.2773306891866625,1528.5665053401285,1530.843836029315,53.08438360293151,1530.843836029315,0.0,ACTIVE,True
643,short,94,5.0,2.5,4,2024-05-14 07:55:00,385673,38567,62035.39,388553,2024-05-15 07:55:00,Time_288,-0.2573531011895008,1526.6840792766436,12.5,0.002,190.83550990958045,190.83550990958045,190.83550990958045,1328.4006052895074,0.0,198.28347398713618,-0.4911211029231024,0.3816710198191609,-0.8727921227422633,1530.843836029315,1529.9710439065727,52.99710439065728,1530.843836029315,0.057013792145263975,ACTIVE,True
644,short,42,8.0,2.5,7,2024-05-14 08:05:00,385696,38569,2919.28,388576,2024-05-15 08:05:00,Time_288,0.18806006960621235,1526.6840792766436,12.5,0.002,190.83550990958045,7.447964077555753,7.447964077555753,1519.2361151990879,381.67101981916096,7.447964077555753,0.014006646428497041,0.014895928155111506,-0.0008892817266144652,1529.9710439065727,1529.9701546248461,52.99701546248461,1530.843836029315,0.057071883095213036,ACTIVE,True
645,short,8,5.0,3.0,10,2024-05-14 14:45:00,386499,38649,0.502,389379,2024-05-15 14:45:00,Time_288,-1.812749003984063,1527.835230885943,12.5,0.002,190.97940386074288,190.97940386074288,190.97940386074288,961.6255136254559,1.1368683772161603e-13,566.2097172604871,-3.4619772413003176,0.38195880772148577,-3.8439360490218033,1529.9701546248461,1526.1262185758244,52.61262185758244,1530.843836029315,0.3081710454364291,ACTIVE,True
646,short,7,3.0,2.0,3,2024-05-14 16:30:00,386702,38670,570.8,389582,2024-05-15 16:30:00,SL,-2.0,1527.835230885943,12.5,0.002,190.97940386074288,190.97940386074288,190.97940386074288,1152.6049174861987,5.684341886080802e-14,375.2303133997443,-3.8195880772148576,0.38195880772148577,-4.201546884936343,1526.1262185758244,1521.924671690888,52.19246716908881,1530.843836029315,0.5826305811546006,ACTIVE,True
647,short,70,3.0,2.5,3,2024-05-16 03:15:00,390872,39087,584.0,393752,2024-05-17 03:15:00,TP,3.0,1521.924671690888,12.5,0.002,190.240583961361,190.240583961361,190.240583961361,-2.0463630789890885e-12,5.684341886080802e-14,1521.9246716908901,5.70721751884083,0.380481167922722,5.326736350918107,1521.924671690888,1527.2514080418061,52.725140804180604,1530.843836029315,0.23466978818864537,ACTIVE,True
648,short,29,5.0,1.0,7,2024-05-16 16:00:00,392406,39240,2955.59,395286,2024-05-17 16:00:00,SL,-1.0,1521.924671690888,12.5,0.002,190.240583961361,190.240583961361,190.240583961361,190.24058396135896,5.684341886080802e-14,1331.6840877295292,-1.90240583961361,0.380481167922722,-2.282887007536332,1527.2514080418061,1524.9685210342698,52.49685210342698,1530.843836029315,0.3837958423169162,ACTIVE,True
649,short,4,6.0,2.5,5,2024-05-16 21:20:00,393044,39304,0.14934,395924,2024-05-17 21:20:00,SL,-2.5,1521.924671690888,12.5,0.002,190.240583961361,190.240583961361,190.240583961361,380.48116792272,1.1368683772161603e-13,1141.443503768168,-4.7560145990340255,0.380481167922722,-5.136495766956747,1524.9685210342698,1519.832025267313,51.9832025267313,1530.843836029315,0.7193294641055256,ACTIVE,True
650,short,87,5.0,3.0,1,2024-05-17 08:45:00,394410,39441,0.4791,397290,2024-05-18 08:45:00,Time_288,-0.6261740763932263,1527.2514080418061,12.5,0.002,190.90642600522577,190.90642600522577,190.90642600522577,380.4811679227199,0.0,1146.7702401190863,-1.1954065498135404,0.38181285201045156,-1.577219401823992,1519.832025267313,1518.2548058654888,51.82548058654888,1530.843836029315,0.8223588760352929,ACTIVE,True
651,short,52,2.5,2.0,9,2024-05-18 12:25:00,397738,39773,0.12376,400618,2024-05-19 12:25:00,Time_288,2.181641887524236,1518.2548058654888,12.5,0.002,189.7818507331861,189.7818507331861,189.7818507331861,-2.1600499167107046e-12,0.0,1518.254805865491,4.140360350513909,0.3795637014663722,3.7607966490475366,1518.2548058654888,1522.0156025145363,52.201560251453635,1530.843836029315,0.5766906660889265,ACTIVE,True
652,short,85,3.5,1.0,5,2024-05-18 21:25:00,398814,39881,0.15325,401694,2024-05-19 21:25:00,SL,-1.0,1518.2548058654888,12.5,0.002,189.7818507331861,189.7818507331861,189.7818507331861,189.78185073318394,1.1368683772161603e-13,1328.4729551323048,-1.897818507331861,0.3795637014663722,-2.277382208798233,1522.0156025145363,1519.7382203057382,51.973822030573814,1530.843836029315,0.7254571277748678,ACTIVE,True
653,short,7,3.0,2.0,9,2024-05-19 03:00:00,399488,39948,0.12237,402368,2024-05-20 03:00:00,Time_288,0.8008498815069123,1518.2548058654888,12.5,0.002,189.7818507331861,189.7818507331861,189.7818507331861,379.56370146637005,189.7818507331861,1138.6911043991188,1.519867726718346,0.3795637014663722,1.1403040252519738,1519.7382203057382,1520.87852433099,52.087852433099016,1530.843836029315,0.6509685353780356,ACTIVE,True
654,short,1,8.0,3.0,6,2024-05-19 13:30:00,400745,40074,6.988,403625,2024-05-20 13:30:00,Time_288,-0.12879221522609405,1522.0156025145363,12.5,0.002,190.25195031431704,190.25195031431704,190.25195031431704,379.56370146637,5.684341886080802e-14,1142.4519010481663,-0.24502970132065674,0.3805039006286341,-0.6255336019492909,1520.87852433099,1520.252990729041,52.0252990729041,1530.843836029315,0.6918305480292869,ACTIVE,True
655,short,85,3.5,1.0,5,2024-05-19 14:30:00,400864,40086,0.15039,403744,2024-05-20 14:30:00,SL,-1.0,1522.0156025145363,12.5,0.002,190.25195031431704,190.25195031431704,190.25195031431704,569.8156517806871,189.78185073318622,952.1999507338493,-1.9025195031431705,0.3805039006286341,-2.2830234037718045,1520.252990729041,1517.9699673252692,51.796996732526914,1530.843836029315,0.8409655120301481,ACTIVE,True
656,short,38,2.0,1.5,8,2024-05-19 16:20:00,401087,40108,168.23,403967,2024-05-20 16:20:00,SL,-1.5,1522.0156025145363,12.5,0.002,190.25195031431704,190.25195031431704,190.25195031431704,760.0676020950041,1.7053025658242404e-13,761.9480004195323,-2.8537792547147554,0.3805039006286341,-3.2342831553433893,1517.9699673252692,1514.735684169926,51.4735684169926,1530.843836029315,1.0522400443647026,ACTIVE,True
657,short,4,6.0,2.5,4,2024-05-19 21:15:00,401673,40167,66212.0,404553,2024-05-20 21:15:00,SL,-2.5,1522.0156025145363,12.5,0.002,190.25195031431704,190.25195031431704,190.25195031431704,950.3195524093211,0.0,571.6960501052152,-4.756298757857926,0.3805039006286341,-5.13680265848656,1514.735684169926,1509.5988815114392,50.959888151143915,1530.843836029315,1.387793713366659,ACTIVE,True
658,short,42,8.0,2.5,7,2024-05-19 23:10:00,401906,40190,3073.2,404786,2024-05-20 23:10:00,SL,-2.5,1519.7382203057382,12.5,0.002,189.96727753821727,189.96727753821727,189.96727753821727,950.7896519904521,5.684341886080802e-14,568.9485683152861,-4.749181938455432,0.37993455507643453,-5.129116493531866,1509.5988815114392,1504.4697650179073,50.44697650179073,1530.843836029315,1.7228452955604217,ACTIVE,True
659,short,28,5.0,1.5,1,2024-05-19 23:25:00,401930,40193,0.4681,404810,2024-05-20 23:25:00,SL,-1.5,1519.7382203057382,12.5,0.002,189.96727753821727,189.96727753821727,189.96727753821727,1140.7569295286694,0.0,378.9812907770688,-2.849509163073259,0.37993455507643453,-3.2294437181496938,1504.4697650179073,1501.2403212997576,50.12403212997576,1530.843836029315,1.9338036991639003,ACTIVE,True
660,short,76,3.5,1.0,5,2024-05-20 07:55:00,402954,40295,0.15104,405834,2024-05-21 07:55:00,SL,-1.0,1520.87852433099,12.5,0.002,190.10981554137376,190.10981554137376,190.10981554137376,1140.9423563337007,190.25195031431718,379.93616799728943,-1.9010981554137376,0.38021963108274753,-2.2813177864964853,1501.2403212997576,1498.9590035132612,49.89590035132612,1530.843836029315,2.0828272463608277,ACTIVE,True
661,short,76,3.5,1.0,5,2024-05-20 08:00:00,402964,40296,0.15177,405844,2024-05-21 08:00:00,SL,-1.0,1520.87852433099,12.5,0.002,190.10981554137376,189.82635245591564,189.82635245591564,1331.0521718750745,380.3617658556909,189.82635245591564,-1.8982635245591564,0.3796527049118313,-2.277916229470988,1498.9590035132612,1496.6810872837902,49.66810872837903,1530.843836029315,2.2316285921192174,ACTIVE,True
662,short,85,3.5,1.0,5,2024-05-20 17:05:00,404054,40405,0.15221,406934,2024-05-21 17:05:00,SL,-1.0,1514.735684169926,12.5,0.002,189.34196052124074,189.34196052124074,189.34196052124074,950.1226733880388,379.93616799728954,564.613010781887,-1.8934196052124075,0.3786839210424815,-2.272103526254889,1496.6810872837902,1494.4089837575355,49.44089837575354,1530.843836029315,2.380050232052664,ACTIVE,True
663,short,87,5.0,3.0,10,2024-05-20 21:05:00,404539,40453,0.5295,407419,2024-05-21 21:05:00,SL,-3.0,1514.735684169926,12.5,0.002,189.34196052124074,189.34196052124074,189.34196052124074,1139.4646339092797,1.1368683772161603e-13,375.27105026064623,-5.680258815637222,0.3786839210424815,-6.058942736679704,1494.4089837575355,1488.3500410208558,48.83500410208556,1530.843836029315,2.775841271875204,ACTIVE,True
664,short,87,5.0,3.0,1,2024-05-20 21:10:00,404540,40454,0.4851,407420,2024-05-21 21:10:00,SL,-3.0,1514.735684169926,12.5,0.002,189.34196052124074,185.92908973940553,185.92908973940553,1328.8065944305204,189.96727753821727,185.92908973940553,-5.577872692182166,0.37185817947881106,-5.949730871660977,1488.3500410208558,1482.4003101491949,48.240031014919495,1530.843836029315,3.1644982159494766,ACTIVE,True
665,short,52,2.5,2.0,9,2024-05-21 06:05:00,405618,40561,0.12307,408498,2024-05-22 06:05:00,Time_288,-0.2681400828796595,1501.2403212997576,12.5,0.002,187.6550401624697,187.6550401624697,187.6550401624697,944.5491787791741,0.0,556.6911425205835,-0.5031783802195046,0.3753100803249394,-0.878488460544444,1482.4003101491949,1481.5218216886503,48.15218216886503,1530.843836029315,3.2218841125294406,ACTIVE,True
666,short,8,5.0,3.0,2,2024-05-22 04:55:00,408351,40835,40.71,411231,2024-05-23 04:55:00,Time_288,1.9896831245394306,1482.4003101491949,12.5,0.002,185.30003876864936,185.30003876864936,185.30003876864936,187.65504016246746,8.526512829121202e-14,1294.7452699867274,3.6868836011448387,0.37060007753729873,3.31628352360754,1481.5218216886503,1484.838105212258,48.48381052122579,1530.843836029315,3.005253033280409,ACTIVE,True
667,short,12,3.5,1.25,5,2024-05-22 05:45:00,408454,40845,0.16788,411334,2024-05-23 05:45:00,TP,3.5,1482.4003101491949,12.5,0.002,185.30003876864936,185.30003876864936,185.30003876864936,372.9550789311168,8.526512829121202e-14,1109.445231218078,6.485501356902728,0.37060007753729873,6.114901279365429,1484.838105212258,1490.9530064916235,49.09530064916234,1530.843836029315,2.605806588421193,ACTIVE,True
668,short,29,5.0,1.0,5,2024-05-22 06:00:00,408484,40848,0.16864,411364,2024-05-23 06:00:00,SL,-1.0,1482.4003101491949,12.5,0.002,185.30003876864936,185.30003876864936,185.30003876864936,558.2551176997662,185.30003876864944,924.1451924494287,-1.8530003876864936,0.37060007753729873,-2.223600465223792,1490.9530064916235,1488.7294060263996,48.87294060263996,1530.843836029315,2.751059841097273,ACTIVE,True
669,short,62,5.0,1.0,2,2024-05-22 14:05:00,409451,40945,39.75,412331,2024-05-23 14:05:00,SL,-1.0,1481.5218216886503,12.5,0.002,185.1902277110813,185.1902277110813,185.1902277110813,555.9001163059459,185.30003876864944,925.6217053827045,-1.851902277110813,0.3703804554221626,-2.2222827325329755,1488.7294060263996,1486.5071232938667,48.65071232938667,1530.843836029315,2.896227014928474,ACTIVE,True
670,short,59,3.0,1.75,3,2024-05-22 14:10:00,409462,40946,615.2,412342,2024-05-23 14:10:00,TP,3.0,1481.5218216886503,12.5,0.002,185.1902277110813,185.1902277110813,185.1902277110813,741.0903440170272,5.684341886080802e-14,740.4314776716232,5.555706831332438,0.3703804554221626,5.185326375910275,1486.5071232938667,1491.692449669777,49.1692449669777,1530.843836029315,2.557503609322323,ACTIVE,True
671,short,13,5.0,1.5,3,2024-05-22 14:15:00,409472,40947,617.6,412352,2024-05-23 14:15:00,TP,5.0,1481.5218216886503,12.5,0.002,185.1902277110813,185.1902277110813,185.1902277110813,926.2805717281085,185.19022771108135,555.2412499605418,9.259511385554065,0.3703804554221626,8.889130930131902,1491.692449669777,1500.5815805999089,50.0581580599909,1530.843836029315,1.9768349139975037,ACTIVE,True
672,short,13,5.0,1.5,3,2024-05-22 19:35:00,410112,41011,612.9,412992,2024-05-23 19:35:00,Time_288,3.279490944689186,1481.5218216886503,12.5,0.002,185.1902277110813,185.1902277110813,185.1902277110813,1111.4707994391897,370.38045542216264,370.05102224946063,6.073296748234195,0.3703804554221626,5.7029162928120325,1500.5815805999089,1506.2844968927209,50.628449689272095,1530.843836029315,1.6043007495980728,ACTIVE,True
673,short,59,3.0,1.75,3,2024-05-22 19:40:00,410122,41012,612.2,413002,2024-05-23 19:40:00,TP,3.0,1481.5218216886503,12.5,0.002,185.1902277110813,184.86079453837942,184.86079453837942,1296.661027150271,555.570683133244,184.86079453837942,5.545823836151382,0.36972158907675884,5.176102247074623,1506.2844968927209,1511.4605991397955,51.146059913979556,1530.843836029315,1.2661798959060129,ACTIVE,True
674,short,7,3.0,2.0,9,2024-05-23 07:40:00,411568,41156,0.11901,414448,2024-05-24 07:40:00,TP,3.0,1488.7294060263996,12.5,0.002,186.09117575329995,186.09117575329995,186.09117575329995,925.6217053827024,0.0,563.1077006436972,5.582735272598998,0.3721823515065999,5.210552921092398,1511.4605991397955,1516.6711520608878,51.66711520608877,1530.843836029315,0.9258086053498559,ACTIVE,True
675,short,28,5.0,1.5,8,2024-05-23 14:40:00,412407,41240,171.18,415287,2024-05-24 14:40:00,SL,-1.5,1500.5815805999089,12.5,0.002,187.5726975749886,187.5726975749886,187.5726975749886,556.1421980027584,1.7053025658242404e-13,944.4393825971505,-2.8135904636248292,0.37514539514997725,-3.1887358587748063,1516.6711520608878,1513.482416202113,51.3482416202113,1530.843836029315,1.1341078311576147,ACTIVE,True
676,short,19,6.0,1.75,5,2024-05-23 15:20:00,412484,41248,0.15983,415364,2024-05-24 15:20:00,SL,-1.75,1500.5815805999089,12.5,0.002,187.5726975749886,187.5726975749886,187.5726975749886,743.714895577747,1.1368683772161603e-13,756.8666850221618,-3.282522207562301,0.37514539514997725,-3.6576676027122783,1513.482416202113,1509.8247485994007,50.982474859940076,1530.843836029315,1.373039296054748,ACTIVE,True
677,short,29,5.0,1.0,2,2024-05-23 15:20:00,412481,41248,38.49,415361,2024-05-24 15:20:00,TP,5.0,1500.5815805999089,12.5,0.002,187.5726975749886,187.5726975749886,187.5726975749886,931.2875931527357,8.526512829121202e-14,569.2939874471732,9.37863487874943,0.37514539514997725,9.003489483599454,1509.8247485994007,1518.828238083,51.8828238083,1530.843836029315,0.7849003055387349,ACTIVE,True
678,short,52,2.5,2.0,4,2024-05-23 15:25:00,412493,41249,68212.18,415373,2024-05-24 15:25:00,TP,2.5,1500.5815805999089,12.5,0.002,187.5726975749886,187.5726975749886,187.5726975749886,1118.8602907277243,0.0,381.72128987218457,4.689317439374715,0.37514539514997725,4.314172044224738,1518.828238083,1523.1424101272248,52.31424101272248,1530.843836029315,0.503083705916478,ACTIVE,True
679,short,52,2.5,2.0,5,2024-05-23 15:25:00,412494,41249,0.15985,415374,2024-05-24 15:25:00,TP,2.5,1500.5815805999089,12.5,0.002,187.5726975749886,187.5726975749886,187.5726975749886,1306.4329883027128,187.57269757498872,194.14859229719605,4.689317439374715,0.37514539514997725,4.314172044224738,1523.1424101272248,1527.4565821714496,52.745658217144964,1530.843836029315,0.2212671062942211,ACTIVE,True
680,short,53,8.0,1.25,6,2024-05-23 15:25:00,412495,41249,7.263,415375,2024-05-24 15:25:00,SL,-1.25,1500.5815805999089,12.5,0.002,187.5726975749886,6.575894722207522,6.575894722207522,1494.0056858777014,5.684341886080802e-14,6.575894722207522,-0.08219868402759403,0.013151789444415045,-0.09535047347200908,1527.4565821714496,1527.3612316979775,52.73612316979774,1530.843836029315,0.227495728131926,ACTIVE,True
681,short,31,2.5,2.0,10,2024-05-23 20:20:00,413089,41308,0.5157,415969,2024-05-24 20:20:00,SL,-2.0,1511.4605991397955,12.5,0.002,188.93257489247443,188.93257489247443,188.93257489247443,1130.5305583504482,1.1368683772161603e-13,380.93004078934723,-3.7786514978494887,0.3778651497849489,-4.1565166476344375,1527.3612316979775,1523.204715050343,52.32047150503432,1530.843836029315,0.49901373341817956,ACTIVE,True
682,short,31,2.5,2.0,10,2024-05-23 20:25:00,413099,41309,0.5163,415979,2024-05-24 20:25:00,SL,-2.0,1511.4605991397955,12.5,0.002,188.93257489247443,188.93257489247443,188.93257489247443,1319.4631332429226,188.93257489247455,191.99746589687288,-3.7786514978494887,0.3778651497849489,-4.1565166476344375,1523.204715050343,1519.0481984027087,51.90481984027087,1530.843836029315,0.770531738704433,ACTIVE,True
683,short,98,2.5,1.0,8,2024-05-23 22:55:00,413397,41339,176.24,416277,2024-05-24 22:55:00,TP,2.5,1511.4605991397955,12.5,0.002,188.93257489247443,3.0648910043985325,3.0648910043985325,1508.395708135397,187.57269757498878,3.0648910043985325,0.07662227510996332,0.006129782008797065,0.07049249310116626,1519.0481984027087,1519.11869089581,51.91186908958101,1530.843836029315,0.7659269258919063,ACTIVE,True
684,short,59,3.0,1.75,2,2024-05-24 08:00:00,414481,41448,37.57,417361,2024-05-25 08:00:00,SL,-1.75,1516.6711520608878,12.5,0.002,189.58389400761098,189.58389400761098,189.58389400761098,1325.3694233864956,187.5726975749887,191.30172867439228,-3.3177181451331923,0.37916778801522194,-3.696885933148414,1519.11869089581,1515.4218049626616,51.542180496266155,1530.843836029315,1.0074202674163684,ACTIVE,True
685,short,7,3.0,2.0,3,2024-05-24 08:10:00,414502,41450,591.2,417382,2024-05-25 08:10:00,SL,-2.0,1516.6711520608878,12.5,0.002,189.58389400761098,1.7178346667813003,1.7178346667813003,1514.9533173941065,2.842170943040401e-14,1.7178346667813003,-0.03435669333562601,0.0034356693335626004,-0.03779236266918861,1515.4218049626616,1515.3840125999923,51.53840125999922,1530.843836029315,1.0098889949103043,ACTIVE,True
686,short,92,6.0,1.0,6,2024-05-24 16:50:00,415545,41554,7.188,418425,2024-05-25 16:50:00,SL,-1.0,1527.3612316979775,12.5,0.002,190.92015396224718,190.92015396224718,190.92015396224718,572.2317694637374,5.684341886080802e-14,955.1294622342401,-1.909201539622472,0.38184030792449436,-2.2910418475469663,1515.3840125999923,1513.0929707524454,51.309297075244544,1530.843836029315,1.1595477513181034,ACTIVE,True
687,short,85,3.5,1.0,5,2024-05-24 18:35:00,415754,41575,0.16504,418634,2024-05-25 18:35:00,SL,-1.0,1527.3612316979775,12.5,0.002,190.92015396224718,190.92015396224718,190.92015396224718,763.1519234259845,1.1368683772161603e-13,764.209308271993,-1.909201539622472,0.38184030792449436,-2.2910418475469663,1513.0929707524454,1510.8019289048984,51.08019289048984,1530.843836029315,1.3092065077259025,ACTIVE,True
688,short,74,8.0,2.5,10,2024-05-25 22:45:00,419139,41913,0.5414,422019,2024-05-26 22:45:00,Time_288,2.1056520132988483,1510.8019289048984,12.5,0.002,188.8502411131123,188.8502411131123,188.8502411131123,-2.3874235921539366e-12,1.1368683772161603e-13,1510.8019289049007,3.9765289041179788,0.3777004822262246,3.598828421891754,1510.8019289048984,1514.4007573267902,51.44007573267901,1530.843836029315,1.0741186210851354,ACTIVE,True
689,short,12,3.5,1.25,8,2024-05-26 10:20:00,420527,42052,163.73,423407,2024-05-27 10:20:00,SL,-1.25,1510.8019289048984,12.5,0.002,188.8502411131123,188.8502411131123,188.8502411131123,188.85024111310992,1.7053025658242404e-13,1321.9516877917886,-2.360628013913904,0.3777004822262246,-2.7383284961401286,1514.4007573267902,1511.66242883065,51.166242883064996,1530.843836029315,1.252995684289886,ACTIVE,True
690,short,87,5.0,3.0,6,2024-05-26 15:55:00,421195,42119,7.582,424075,2024-05-27 15:55:00,Time_288,-1.8860458981798973,1510.8019289048984,12.5,0.002,188.8502411131123,188.8502411131123,188.8502411131123,377.7004822262222,5.684341886080802e-14,1133.1014466786762,-3.5618022262167006,0.3777004822262246,-3.9395027084429253,1511.66242883065,1507.7229261222071,50.77229261222072,1530.843836029315,1.5103375904807306,ACTIVE,True
691,short,4,6.0,2.5,4,2024-05-26 23:05:00,422053,42205,68525.17,424933,2024-05-27 23:05:00,SL,-2.5,1514.4007573267902,12.5,0.002,189.30009466584877,189.30009466584877,189.30009466584877,377.7004822262223,0.0,1136.700275100568,-4.732502366646219,0.37860018933169753,-5.111102555977917,1507.7229261222071,1502.6118235662293,50.26118235662294,1530.843836029315,1.844212440134562,ACTIVE,True
692,short,52,2.5,2.0,9,2024-05-27 09:10:00,423268,42326,0.1122,426148,2024-05-28 09:10:00,Time_288,1.1586452762923312,1514.4007573267902,12.5,0.002,189.30009466584877,189.30009466584877,189.30009466584877,567.0005768920711,0.0,947.4001804347191,2.193316604862768,0.37860018933169753,1.8147164155310707,1502.6118235662293,1504.4265399817605,50.44265399817605,1530.843836029315,1.7256689040258657,ACTIVE,True
693,short,85,3.5,1.0,1,2024-05-27 11:40:00,423560,42356,0.4599,426440,2024-05-28 11:40:00,SL,-1.0,1511.66242883065,12.5,0.002,188.95780360383125,188.95780360383125,188.95780360383125,567.4504304448076,0.0,944.2119983858424,-1.8895780360383125,0.3779156072076625,-2.267493643245975,1504.4265399817605,1502.1590463385146,50.21590463385146,1530.843836029315,1.8737894104994242,ACTIVE,True
694,short,66,3.5,1.0,9,2024-05-27 14:30:00,423908,42390,0.11157,426788,2024-05-28 14:30:00,Time_288,0.4391861611544361,1511.66242883065,12.5,0.002,188.95780360383125,188.95780360383125,188.95780360383125,756.4082340486389,189.30009466584877,755.2541947820112,0.8298765238494051,0.3779156072076625,0.45196091664174265,1502.1590463385146,1502.6110072551564,50.26110072551564,1530.843836029315,1.8442657643896985,ACTIVE,True
695,short,66,3.5,1.0,9,2024-05-27 14:35:00,423918,42391,0.11145,426798,2024-05-28 14:35:00,SL,-1.0,1511.66242883065,12.5,0.002,188.95780360383125,188.95780360383125,188.95780360383125,945.3660376524701,378.25789826968,566.2963911781799,-1.8895780360383125,0.3779156072076625,-2.267493643245975,1502.6110072551564,1500.3435136119106,50.03435136119106,1530.843836029315,1.992386270863257,ACTIVE,True
696,short,8,5.0,3.0,8,2024-05-27 20:05:00,424577,42457,169.34,427457,2024-05-28 20:05:00,Time_288,-0.3838431557812718,1507.7229261222071,12.5,0.002,188.4653657652759,188.4653657652759,188.4653657652759,945.4736001431891,1.7053025658242404e-13,562.2493259790181,-0.7234114075081517,0.3769307315305518,-1.1003421390387036,1500.3435136119106,1499.2431714728718,49.92431714728718,1530.843836029315,2.064264415004516,ACTIVE,True
697,short,8,5.0,3.0,2,2024-05-27 20:10:00,424581,42458,38.18,427461,2024-05-28 20:10:00,Time_288,2.462022001047663,1507.7229261222071,12.5,0.002,188.4653657652759,188.4653657652759,188.4653657652759,1133.938965908465,8.526512829121202e-14,373.78396021374215,4.640058769496043,0.3769307315305518,4.263128037965491,1499.2431714728718,1503.5062995108374,50.35062995108375,1530.843836029315,1.7857821859469005,ACTIVE,True
698,short,8,5.0,3.0,8,2024-05-27 20:10:00,424587,42458,169.16,427467,2024-05-28 20:10:00,Time_288,-0.5615984866398777,1507.7229261222071,12.5,0.002,188.4653657652759,185.31859444846623,185.31859444846623,1322.404331673741,188.46536576527606,185.31859444846623,-1.0407464218848788,0.3706371888969325,-1.4113836107818112,1503.5062995108374,1502.0949159000556,50.20949159000556,1530.843836029315,1.8779786319568719,ACTIVE,True
699,short,45,3.0,1.0,6,2024-05-28 06:05:00,425775,42577,7.41,428655,2024-05-29 06:05:00,SL,-1.0,1502.6118235662293,12.5,0.002,187.82647794577866,184.18899210987092,184.18899210987092,1318.4228314563584,5.684341886080802e-14,184.18899210987092,-1.8418899210987092,0.3683779842197418,-2.210267905318451,1502.0949159000556,1499.8846479947372,49.98846479947372,1530.843836029315,2.0223609558293987,ACTIVE,True
700,short,5,2.5,1.0,6,2024-05-28 15:35:00,426915,42691,7.338,429795,2024-05-29 15:35:00,SL,-1.0,1500.3435136119106,12.5,0.002,187.54293920148882,187.54293920148882,187.54293920148882,746.4383180888867,184.18899210987098,753.9051955230238,-1.8754293920148883,0.37508587840297763,-2.250515270417866,1499.8846479947372,1497.6341327243192,49.76341327243192,1530.843836029315,2.1693723764231105,ACTIVE,True
701,short,85,3.5,1.0,2,2024-05-29 06:50:00,428741,42874,37.27,431621,2024-05-30 06:50:00,TP,3.5,1499.8846479947372,12.5,0.002,187.48558099934215,187.48558099934215,187.48558099934215,187.54293920148655,8.526512829121202e-14,1312.3417087932507,6.5619953349769755,0.3749711619986843,6.187024172978291,1497.6341327243192,1503.8211568972974,50.382115689729744,1530.843836029315,1.7652146153659107,ACTIVE,True
702,short,38,2.0,1.5,4,2024-05-29 10:10:00,429143,42914,67991.0,432023,2024-05-30 10:10:00,Time_288,0.5677074906973059,1499.8846479947372,12.5,0.002,187.48558099934215,187.48558099934215,187.48558099934215,375.02852020082867,0.0,1124.8561277939084,1.0643696873106303,0.3749711619986843,0.689398525311946,1503.8211568972974,1504.5105554226093,50.451055542260924,1530.843836029315,1.7201807256191946,ACTIVE,True
703,short,63,6.0,2.5,6,2024-05-30 09:30:00,431945,43194,7.01,434825,2024-05-31 09:30:00,Time_288,0.370898716119826,1503.8211568972974,12.5,0.002,187.97764461216218,187.97764461216218,187.97764461216218,187.48558099933982,5.684341886080802e-14,1316.3355758979576,0.6972066704587988,0.37595528922432436,0.32125138123447444,1504.5105554226093,1504.8318068038438,50.48318068038438,1530.843836029315,1.699195477243513,ACTIVE,True
704,short,29,5.0,1.0,5,2024-05-30 09:45:00,431974,43197,0.1585,434854,2024-05-31 09:45:00,SL,-1.0,1503.8211568972974,12.5,0.002,187.97764461216218,187.97764461216218,187.97764461216218,375.463225611502,1.1368683772161603e-13,1128.3579312857955,-1.8797764461216218,0.37595528922432436,-2.2557317353459463,1504.8318068038438,1502.5760750684979,50.25760750684978,1530.843836029315,1.8465476553204672,ACTIVE,True
705,short,4,6.0,2.5,4,2024-05-30 21:50:00,433423,43342,68474.1,436303,2024-05-31 21:50:00,Time_288,1.2055799199989619,1504.5105554226093,12.5,0.002,188.06381942782616,188.06381942782616,188.06381942782616,375.9552892243221,0.0,1128.5552661982872,2.267259643804979,0.3761276388556523,1.8911320049493265,1502.5760750684979,1504.467207073447,50.4467207073447,1530.843836029315,1.723012389316169,ACTIVE,True
706,short,29,5.0,1.0,7,2024-05-30 22:10:00,433466,43346,3748.97,436346,2024-05-31 22:10:00,SL,-1.0,1504.5105554226093,12.5,0.002,188.06381942782616,188.06381942782616,188.06381942782616,564.0191086521482,5.684341886080802e-14,940.491446770461,-1.8806381942782617,0.3761276388556523,-2.256765833133914,1504.467207073447,1502.2104412403132,50.22104412403132,1530.843836029315,1.8704321182277357,ACTIVE,True
707,short,25,8.0,2.5,2,2024-05-30 23:35:00,433631,43363,35.97,436511,2024-05-31 23:35:00,Time_288,-0.19460661662496606,1504.5105554226093,12.5,0.002,188.06381942782616,188.06381942782616,188.06381942782616,752.0829280799744,8.526512829121202e-14,752.4276273426349,-0.3659846360841781,0.3761276388556523,-0.7421122749398303,1502.2104412403132,1501.4683289653733,50.14683289653734,1530.843836029315,1.9189094519357126,ACTIVE,True
708,short,7,3.0,2.0,9,2024-05-31 07:15:00,434558,43455,0.11165,437438,2024-06-01 07:15:00,Time_288,0.01791312136140271,1504.5105554226093,12.5,0.002,188.06381942782616,188.06381942782616,188.06381942782616,940.1467475078006,5.684341886080802e-14,564.3638079148087,0.03368810021099575,0.3761276388556523,-0.3424395386446566,1501.4683289653733,1501.1258894267287,50.11258894267287,1530.843836029315,1.9412787838417565,ACTIVE,True
709,short,28,5.0,1.5,8,2024-06-01 08:00:00,437527,43752,167.03,440407,2024-06-02 08:00:00,Time_288,1.197389690474765,1501.1258894267287,12.5,0.002,187.6407361783411,187.6407361783411,187.6407361783411,-2.2737367544323206e-12,1.4210854715202004e-13,1501.125889426731,2.2467908301304087,0.3752814723566822,1.8715093577737265,1501.1258894267287,1502.9973987845024,50.29973987845025,1530.843836029315,1.8190253368390907,ACTIVE,True
710,short,28,5.0,1.5,8,2024-06-01 08:30:00,437587,43758,166.87,440467,2024-06-02 08:30:00,Time_288,0.9288667825253258,1501.1258894267287,12.5,0.002,187.6407361783411,187.6407361783411,187.6407361783411,187.6407361783388,187.64073617834123,1313.48515324839,1.742932468846592,0.3752814723566822,1.3676509964899097,1502.9973987845024,1504.3650497809922,50.436504978099215,1530.843836029315,1.7296856560498846,ACTIVE,True
711,short,65,2.5,1.25,5,2024-06-02 00:20:00,439484,43948,0.16073,442364,2024-06-03 00:20:00,TP,2.5,1501.1258894267287,12.5,0.002,187.6407361783411,187.6407361783411,187.6407361783411,375.2814723566799,1.1368683772161603e-13,1125.8444170700488,4.691018404458528,0.3752814723566822,4.315736932101846,1504.3650497809922,1508.680786713094,50.868078671309405,1530.843836029315,1.4477668325534325,ACTIVE,True
712,short,7,3.0,2.0,8,2024-06-02 09:05:00,440537,44053,165.21,443417,2024-06-03 09:05:00,Time_288,-0.05447612130016549,1504.3650497809922,12.5,0.002,188.04563122262402,188.04563122262402,188.04563122262402,187.64073617833887,1.7053025658242404e-13,1316.7243136026534,-0.10243996616449853,0.37609126244524804,-0.47853122860974656,1508.680786713094,1508.2022554844843,50.82022554844843,1530.843836029315,1.4790261430949219,ACTIVE,True
713,short,4,6.0,2.5,8,2024-06-02 19:20:00,441767,44176,162.38,444647,2024-06-03 19:20:00,SL,-2.5,1504.3650497809922,12.5,0.002,188.04563122262402,188.04563122262402,188.04563122262402,375.6863674009629,188.0456312226242,1128.6786823800294,-4.701140780565601,0.37609126244524804,-5.0772320430108495,1508.2022554844843,1503.1250234414736,50.31250234414735,1530.843836029315,1.8106884540057493,ACTIVE,True
714,short,4,6.0,2.5,4,2024-06-02 20:20:00,441883,44188,67664.44,444763,2024-06-03 20:20:00,SL,-2.5,1504.3650497809922,12.5,0.002,188.04563122262402,188.04563122262402,188.04563122262402,563.731998623587,0.0,940.6330511574052,-4.701140780565601,0.37609126244524804,-5.0772320430108495,1503.1250234414736,1498.0477913984628,49.80477913984627,1530.843836029315,2.1423507649165763,ACTIVE,True
715,short,74,8.0,2.5,2,2024-06-03 08:10:00,443301,44330,36.03,446181,2024-06-04 08:10:00,Time_288,3.1362753261171314,1508.680786713094,12.5,0.002,188.58509833913675,188.58509833913675,188.58509833913675,564.1368936678699,8.526512829121202e-14,944.5438930452241,5.914547907944074,0.3771701966782735,5.537377711265801,1498.0477913984628,1503.5851691097287,50.35851691097286,1530.843836029315,1.7806301516874259,ACTIVE,True
716,short,45,3.0,1.0,7,2024-06-03 16:05:00,444256,44425,3786.58,447136,2024-06-04 16:05:00,Time_288,-0.6097850831093004,1508.2022554844843,12.5,0.002,188.52528193556054,188.52528193556054,188.52528193556054,564.6763607843826,5.684341886080802e-14,943.5258947001017,-1.1495990471328006,0.37705056387112107,-1.5266496110039216,1503.5851691097287,1502.0585194987248,50.20585194987248,1530.843836029315,1.8803561704408285,ACTIVE,True
717,short,29,5.0,1.0,2,2024-06-03 16:10:00,444261,44426,35.48,447141,2024-06-04 16:10:00,SL,-1.0,1508.2022554844843,12.5,0.002,188.52528193556054,188.52528193556054,188.52528193556054,753.2016427199432,188.58509833913683,755.0006127645412,-1.8852528193556055,0.37705056387112107,-2.2623033832267265,1502.0585194987248,1499.796216115498,49.97962161154981,1530.843836029315,2.028137631226185,ACTIVE,True
718,short,29,5.0,1.0,7,2024-06-03 16:10:00,444266,44426,3783.88,447146,2024-06-04 16:10:00,Time_288,-0.5951562945970797,1508.2022554844843,12.5,0.002,188.52528193556054,188.52528193556054,188.52528193556054,941.7269246555037,188.5252819355606,566.4753308289806,-1.12202008234638,0.37705056387112107,-1.499070646217501,1499.796216115498,1498.2971454692806,49.82971454692806,1530.843836029315,2.126062096866371,ACTIVE,True
719,short,63,6.0,2.5,8,2024-06-03 16:10:00,444267,44426,164.36,447147,2024-06-04 16:10:00,SL,-2.5,1508.2022554844843,12.5,0.002,188.52528193556054,188.52528193556054,188.52528193556054,1130.2522065910644,188.0456312226242,377.95004889342,-4.713132048389014,0.37705056387112107,-5.090182612260135,1498.2971454692806,1493.2069628570205,49.320696285702034,1530.843836029315,2.458570383633427,ACTIVE,True
720,short,8,5.0,3.0,10,2024-06-03 18:20:00,444529,44452,0.5197,447409,2024-06-04 18:20:00,Time_288,-1.2892053107561916,1508.2022554844843,12.5,0.002,188.52528193556054,188.52528193556054,188.52528193556054,1318.777488526625,1.1368683772161603e-13,189.42476695785945,-2.4304779468313296,0.37705056387112107,-2.8075285107024506,1493.2069628570205,1490.399434346318,49.03994343463181,1530.843836029315,2.6419678304941465,ACTIVE,True
721,short,34,2.0,2.0,10,2024-06-03 19:20:00,444649,44464,0.5202,447529,2024-06-04 19:20:00,Time_288,-0.9996155324875013,1503.1250234414736,12.5,0.002,187.8906279301842,183.86788420191215,183.86788420191215,1319.2571392395614,188.52528193556066,183.86788420191215,-1.8379719297384465,0.3677357684038243,-2.205707698142271,1490.399434346318,1488.1937266481757,48.81937266481757,1530.843836029315,2.786052265903538,ACTIVE,True
722,short,12,3.5,1.25,5,2024-06-03 22:50:00,445064,44506,0.15844,447944,2024-06-04 22:50:00,SL,-1.25,1498.0477913984628,12.5,0.002,187.25597392480785,182.96839917961324,182.96839917961324,1315.0793922188495,1.1368683772161603e-13,182.96839917961324,-2.2871049897451656,0.3659367983592265,-2.653041788104392,1488.1937266481757,1485.5406848600712,48.55406848600712,1530.843836029315,2.959358107143746,ACTIVE,True
723,short,98,2.5,1.0,8,2024-06-05 14:30:00,449827,44982,172.5,452707,2024-06-06 14:30:00,SL,-1.0,1485.5406848600712,12.5,0.002,185.6925856075089,185.6925856075089,185.6925856075089,-2.0463630789890885e-12,1.7053025658242404e-13,1485.5406848600733,-1.856925856075089,0.3713851712150178,-2.2283110272901068,1485.5406848600712,1483.312373832781,48.331237383278115,1530.843836029315,3.104919069983033,ACTIVE,True
724,short,21,3.5,1.0,10,2024-06-05 15:00:00,449889,44988,0.5278,452769,2024-06-06 15:00:00,Time_288,0.11367942402426012,1485.5406848600712,12.5,0.002,185.6925856075089,185.6925856075089,185.6925856075089,185.69258560750686,1.1368683772161603e-13,1299.8480992525645,0.21109426177437227,0.3713851712150178,-0.16029090944064553,1483.312373832781,1483.1520829233405,48.31520829233404,1530.843836029315,3.1153898251095895,ACTIVE,True
725,short,65,2.5,1.25,5,2024-06-05 21:15:00,450634,45063,0.1639,453514,2024-06-06 21:15:00,TP,2.5,1485.5406848600712,12.5,0.002,185.6925856075089,185.6925856075089,185.6925856075089,371.38517121501576,1.1368683772161603e-13,1114.1555136450554,4.642314640187723,0.3713851712150178,4.270929468972705,1483.1520829233405,1487.4230123923132,48.74230123923133,1530.843836029315,2.836397979667623,ACTIVE,True
726,short,8,5.0,3.0,10,2024-06-06 00:25:00,451019,45101,0.5252,453899,2024-06-07 00:25:00,Time_288,0.7425742574257453,1485.5406848600712,12.5,0.002,185.6925856075089,185.6925856075089,185.6925856075089,557.0777568225246,185.69258560750902,928.4629280375466,1.3789053386696257,0.3713851712150178,1.007520167454608,1487.4230123923132,1488.430532559768,48.8430532559768,1530.843836029315,2.7705832868987,ACTIVE,True
727,short,4,6.0,2.5,4,2024-06-06 01:00:00,451083,45108,70960.0,453963,2024-06-07 01:00:00,Time_288,0.16909526493800062,1485.5406848600712,12.5,0.002,185.6925856075089,185.6925856075089,185.6925856075089,742.7703424300336,0.0,742.7703424300377,0.3139973696032408,0.3713851712150178,-0.05738780161177698,1488.430532559768,1488.373144758156,48.83731447581561,1530.843836029315,2.7743320560586375,ACTIVE,True
728,short,52,2.5,2.0,9,2024-06-06 04:00:00,451448,45144,0.11406,454328,2024-06-07 04:00:00,Time_288,0.32439067157635926,1485.5406848600712,12.5,0.002,185.6925856075089,185.6925856075089,185.6925856075089,928.4629280375425,5.684341886080802e-14,557.0777568225287,0.602369425519704,0.3713851712150178,0.23098425430468617,1488.373144758156,1488.6041290124608,48.86041290124608,1530.843836029315,2.759243367789566,ACTIVE,True
729,short,5,2.5,1.0,3,2024-06-06 04:40:00,451522,45152,701.1,454402,2024-06-07 04:40:00,SL,-1.0,1485.5406848600712,12.5,0.002,185.6925856075089,185.6925856075089,185.6925856075089,1114.1555136450513,2.842170943040401e-14,371.3851712150199,-1.856925856075089,0.3713851712150178,-2.2283110272901068,1488.6041290124608,1486.3758179851707,48.63758179851707,1530.843836029315,2.9048043306288527,ACTIVE,True
730,short,5,2.5,1.0,3,2024-06-06 04:45:00,451532,45153,701.1,454412,2024-06-07 04:45:00,SL,-1.0,1485.5406848600712,12.5,0.002,185.6925856075089,185.6925856075089,185.6925856075089,1299.8480992525601,185.69258560750893,185.6925856075111,-1.856925856075089,0.3713851712150178,-2.2283110272901068,1486.3758179851707,1484.1475069578805,48.414750695788044,1530.843836029315,3.0503652934681402,ACTIVE,True
731,short,42,8.0,2.5,10,2024-06-06 21:10:00,453509,45350,0.5206,456389,2024-06-07 21:10:00,TP,8.0,1483.1520829233405,12.5,0.002,185.39401036541756,185.39401036541756,185.39401036541756,1114.1555136450513,185.69258560750902,368.99656927828914,14.831520829233405,0.3707880207308351,14.46073280850257,1484.1475069578805,1498.6082397663831,49.860823976638315,1530.843836029315,2.1057403442629563,ACTIVE,True
732,short,29,5.0,1.0,7,2024-06-06 21:15:00,453516,45351,3803.82,456396,2024-06-07 21:15:00,TP,5.0,1487.4230123923132,12.5,0.002,185.92787654903915,185.92787654903915,185.92787654903915,1113.85693840296,5.684341886080802e-14,373.5660739893533,9.296393827451958,0.37185575309807833,8.92453807435388,1498.6082397663831,1507.532777840737,50.7532777840737,1530.843836029315,1.5227587321409606,ACTIVE,True
733,short,42,8.0,2.5,10,2024-06-06 21:15:00,453519,45351,0.5208,456399,2024-06-07 21:15:00,TP,8.0,1487.4230123923132,12.5,0.002,185.92787654903915,185.92787654903915,185.92787654903915,1299.7848149519991,371.0865959729266,187.63819744031412,14.874230123923132,0.37185575309807833,14.502374370825054,1507.532777840737,1522.035152211562,52.2035152211562,1530.843836029315,0.5754136124427229,ACTIVE,True
734,short,4,6.0,2.5,2,2024-06-06 21:30:00,453541,45354,36.09,456421,2024-06-07 21:30:00,TP,6.0,1487.4230123923132,12.5,0.002,185.92787654903915,1.7103208912749324,1.7103208912749324,1485.7126915010383,8.526512829121202e-14,1.7103208912749324,0.10261925347649593,0.0034206417825498646,0.09919861169394607,1522.035152211562,1522.134350823256,52.21343508232561,1530.843836029315,0.5689336169422501,ACTIVE,True
735,short,52,2.5,2.0,9,2024-06-07 04:55:00,454438,45443,0.11399,457318,2024-06-08 04:55:00,TP,2.5,1484.1475069578805,12.5,0.002,185.51843836973507,185.51843836973507,185.51843836973507,558.9600843547688,5.684341886080802e-14,925.1874226031117,4.637960959243377,0.3710368767394701,4.266924082503906,1522.134350823256,1526.40127490576,52.640127490575985,1530.843836029315,0.29020341716097015,ACTIVE,True
736,short,7,3.0,2.0,9,2024-06-07 05:10:00,454468,45446,0.114,457348,2024-06-08 05:10:00,Time_288,1.2017543859649211,1484.1475069578805,12.5,0.002,185.51843836973507,185.51843836973507,185.51843836973507,744.4785227245038,185.51843836973512,739.6689842333767,2.2294759698819204,0.3710368767394701,1.8584390931424504,1526.40127490576,1528.2597139989023,52.82597139989023,1530.843836029315,0.1688037649297701,ACTIVE,True
737,short,85,3.5,1.0,1,2024-06-07 12:35:00,455350,45535,0.477,458230,2024-06-08 12:35:00,SL,-1.0,1484.1475069578805,12.5,0.002,185.51843836973507,185.51843836973507,185.51843836973507,929.9969610942389,0.0,554.1505458636416,-1.8551843836973507,0.3710368767394701,-2.226221260436821,1528.2597139989023,1526.0334927384654,52.60334927384653,1530.843836029315,0.3142282169895722,ACTIVE,True
738,short,24,8.0,1.0,8,2024-06-07 13:45:00,455497,45549,171.67,458377,2024-06-08 13:45:00,TP,8.0,1484.1475069578805,12.5,0.002,185.51843836973507,185.51843836973507,185.51843836973507,1115.515399463974,1.7053025658242404e-13,368.63210749390646,14.841475069578806,0.3710368767394701,14.470438192839335,1526.0334927384654,1540.5039309313047,54.05039309313047,1540.5039309313047,0.0,ACTIVE,True
739,short,24,8.0,1.0,8,2024-06-07 13:50:00,455507,45550,171.58,458387,2024-06-08 13:50:00,TP,8.0,1484.1475069578805,12.5,0.002,185.51843836973507,183.11366912417134,183.11366912417134,1301.0338378337092,185.51843836973524,183.11366912417134,14.649093529933708,0.3662273382483427,14.282866191685365,1540.5039309313047,1554.78679712299,55.478679712299005,1554.78679712299,0.0,ACTIVE,True
740,short,8,5.0,3.0,8,2024-06-08 05:20:00,457367,45736,162.17,460247,2024-06-09 05:20:00,Time_288,2.3925510267003736,1528.2597139989023,12.5,0.002,191.03246424986278,191.03246424986278,191.03246424986278,554.1505458636393,368.6321074939066,974.109168135263,4.570549184741116,0.38206492849972556,4.188484256241391,1554.78679712299,1558.9752813792313,55.897528137923125,1558.9752813792313,0.0,ACTIVE,True
741,short,34,2.0,2.0,8,2024-06-08 14:00:00,458407,45840,160.02,461287,2024-06-09 14:00:00,TP,2.0,1554.78679712299,12.5,0.002,194.34834964037375,194.34834964037375,194.34834964037375,191.03246424986065,191.03246424986293,1363.7543328731294,3.886966992807475,0.3886966992807475,3.4982702935267276,1558.9752813792313,1562.473551672758,56.24735516727581,1562.473551672758,0.0,ACTIVE,True
742,short,34,2.0,2.0,7,2024-06-08 14:15:00,458436,45843,3685.0,461316,2024-06-09 14:15:00,Time_288,-0.21655359565807375,1554.78679712299,12.5,0.002,194.34834964037375,194.34834964037375,194.34834964037375,385.38081389023444,5.684341886080802e-14,1169.4059832327557,-0.42086833924835443,0.3886966992807475,-0.809565038529102,1562.473551672758,1561.6639866342289,56.16639866342288,1562.473551672758,0.051813039501530454,ACTIVE,True
743,short,38,2.0,1.5,1,2024-06-08 18:00:00,458880,45888,0.4354,461760,2024-06-09 18:00:00,SL,-1.5,1554.78679712299,12.5,0.002,194.34834964037375,194.34834964037375,194.34834964037375,579.7291635306082,0.0,975.0576335923819,-2.9152252446056064,0.3886966992807475,-3.303921943886354,1561.6639866342289,1558.3600646903426,55.83600646903426,1562.473551672758,0.2632676231870691,ACTIVE,True
744,short,29,5.0,1.0,3,2024-06-09 00:00:00,459602,45960,682.8,462482,2024-06-10 00:00:00,Time_288,1.5524311657879188,1554.78679712299,12.5,0.002,194.34834964037375,194.34834964037375,194.34834964037375,774.0775131709819,5.684341886080802e-14,780.7092839520081,3.0171243500116347,0.3886966992807475,2.6284276507308872,1558.3600646903426,1560.9884923410734,56.09884923410735,1562.473551672758,0.09504540605469736,ACTIVE,True
745,short,8,5.0,3.0,3,2024-06-09 01:25:00,459772,45977,682.3,462652,2024-06-10 01:25:00,Time_288,1.3483804777956812,1554.78679712299,12.5,0.002,194.34834964037375,194.34834964037375,194.34834964037375,968.4258628113556,194.3483496403738,586.3609343116344,2.6205552054688925,0.3886966992807475,2.231858506188145,1560.9884923410734,1563.2203508472617,56.322035084726174,1563.2203508472617,0.0,ACTIVE,True
746,short,8,5.0,3.0,3,2024-06-09 02:05:00,459852,45985,681.8,462732,2024-06-10 02:05:00,Time_288,1.3787034320915192,1554.78679712299,12.5,0.002,194.34834964037375,194.34834964037375,194.34834964037375,1162.7742124517295,388.69669928074757,392.0125846712606,2.6794873667050587,0.3886966992807475,2.2907906674243113,1563.2203508472617,1565.511141514686,56.55111415146861,1565.511141514686,0.0,ACTIVE,True
747,short,8,5.0,3.0,3,2024-06-09 02:10:00,459862,45986,680.8,462742,2024-06-10 02:10:00,Time_288,1.1750881316098707,1554.78679712299,12.5,0.002,194.34834964037375,194.34834964037375,194.34834964037375,1357.1225620921032,583.0450489211213,197.66423503088686,2.283764390603687,0.3886966992807475,1.8950676913229394,1565.511141514686,1567.406209206009,56.740620920600904,1567.406209206009,0.0,ACTIVE,True
748,short,29,5.0,1.0,3,2024-06-09 04:00:00,460082,46008,674.6,462962,2024-06-10 04:00:00,SL,-1.0,1554.78679712299,12.5,0.002,194.34834964037375,3.315885390513131,3.315885390513131,1551.470911732477,777.393398561495,3.315885390513131,-0.03315885390513131,0.006631770781026262,-0.03979062468615757,1567.406209206009,1567.3664185813227,56.73664185813227,1567.406209206009,0.0025386287519177366,ACTIVE,True
749,short,82,3.5,1.5,6,2024-06-09 11:00:00,460925,46092,6.481,463805,2024-06-10 11:00:00,Time_288,-0.04628915290850353,1558.9752813792313,12.5,0.002,194.87191017240391,194.87191017240391,194.87191017240391,1363.7543328731272,5.684341886080802e-14,195.22094850610415,-0.09020455647542569,0.3897438203448078,-0.4799483768202335,1567.3664185813227,1566.8864702045025,56.68864702045025,1567.406209206009,0.03315917714589786,ACTIVE,True
750,short,8,5.0,3.0,3,2024-06-09 23:20:00,462402,46240,672.9,465282,2024-06-10 23:20:00,TP,5.0,1558.3600646903426,12.5,0.002,194.79500808629282,194.79500808629282,194.79500808629282,975.5811941244099,780.7092839520081,582.7788705659327,9.739750404314641,0.38959001617258565,9.350160388142056,1566.8864702045025,1576.2366305926446,57.62366305926445,1576.2366305926446,0.0,ACTIVE,True
751,short,65,2.5,1.25,5,2024-06-10 01:35:00,462674,46267,0.14649,465554,2024-06-11 01:35:00,Time_288,1.2697112430882658,1563.2203508472617,12.5,0.002,195.4025438559077,195.4025438559077,195.4025438559077,781.6795029299553,1.1368683772161603e-13,781.5408479173063,2.4810480686189393,0.39080508771181544,2.090242980907124,1576.2366305926446,1578.3268735735517,57.83268735735516,1578.3268735735517,0.0,ACTIVE,True
752,short,29,5.0,1.0,3,2024-06-10 08:55:00,463552,46355,646.8,466432,2024-06-11 08:55:00,SL,-1.0,1567.3664185813227,12.5,0.002,195.92080232266534,195.92080232266534,195.92080232266534,585.0694621146024,194.79500808629288,982.2969564667203,-1.9592080232266533,0.3918416046453307,-2.351049627871984,1578.3268735735517,1575.9758239456796,57.59758239456796,1578.3268735735517,0.1489583474270409,ACTIVE,True
753,short,42,8.0,2.5,7,2024-06-10 09:25:00,463616,46361,3663.46,466496,2024-06-11 09:25:00,Time_288,3.753282416076605,1567.3664185813227,12.5,0.002,195.92080232266534,195.92080232266534,195.92080232266534,780.9902644372678,5.684341886080802e-14,786.3761541440549,7.3534610230128035,0.3918416046453307,6.961619418367473,1575.9758239456796,1582.937443364047,58.29374433640471,1582.937443364047,0.0,ACTIVE,True
754,short,4,6.0,2.5,7,2024-06-10 09:30:00,463626,46362,3668.01,466506,2024-06-11 09:30:00,Time_288,3.772617850005864,1567.3664185813227,12.5,0.002,195.92080232266534,195.92080232266534,195.92080232266534,976.9110667599332,195.9208023226654,590.4553518213895,7.391343160299575,0.3918416046453307,6.999501555654245,1582.937443364047,1589.9369449197013,58.99369449197014,1589.9369449197013,0.0,ACTIVE,True
755,short,8,5.0,3.0,8,2024-06-10 09:30:00,463627,46362,159.26,466507,2024-06-11 09:30:00,Time_288,3.522541755619732,1567.3664185813227,12.5,0.002,195.92080232266534,195.92080232266534,195.92080232266534,1172.8318690825986,1.7053025658242404e-13,394.5345494987241,6.90139206976108,0.3918416046453307,6.509550465115749,1589.9369449197013,1596.4464953848171,59.64464953848172,1596.4464953848171,0.0,ACTIVE,True
756,short,74,8.0,2.5,1,2024-06-10 11:10:00,463820,46382,0.4491,466700,2024-06-11 11:10:00,Time_288,3.7185482075261613,1566.8864702045025,12.5,0.002,195.86080877556282,195.86080877556282,195.86080877556282,1173.88076123286,0.0,393.00570897164243,7.283178593969934,0.39172161755112567,6.891456976418809,1596.4464953848171,1603.337952361236,60.33379523612359,1603.337952361236,0.0,ACTIVE,True
757,short,4,6.0,2.5,4,2024-06-10 21:30:00,465063,46506,69563.37,467943,2024-06-11 21:30:00,Time_288,3.3054465302644056,1566.8864702045025,12.5,0.002,195.86080877556282,195.86080877556282,195.86080877556282,1369.741570008423,0.0,197.14490019607956,6.474074307819643,0.39172161755112567,6.082352690268518,1603.337952361236,1609.4203050515043,60.942030505150434,1609.4203050515043,0.0,ACTIVE,True
758,short,31,2.5,2.0,3,2024-06-11 02:05:00,465612,46561,622.8,468492,2024-06-12 02:05:00,TP,2.5,1578.3268735735517,12.5,0.002,197.29085919669396,197.29085919669396,197.29085919669396,1175.4048268417853,195.92080232266537,402.9220467317664,4.9322714799173495,0.3945817183933879,4.5376897615239615,1609.4203050515043,1613.9579948130283,61.395799481302824,1613.9579948130283,0.0,ACTIVE,True
759,short,31,2.5,2.0,3,2024-06-11 02:10:00,465622,46562,621.6,468502,2024-06-12 02:10:00,TP,2.5,1578.3268735735517,12.5,0.002,197.29085919669396,197.29085919669396,197.29085919669396,1372.6956860384792,393.2116615193593,205.6311875350725,4.9322714799173495,0.3945817183933879,4.5376897615239615,1613.9579948130283,1618.4956845745523,61.84956845745524,1618.4956845745523,0.0,ACTIVE,True
760,short,53,8.0,1.25,10,2024-06-11 03:00:00,465729,46572,0.4894,468609,2024-06-12 03:00:00,Time_288,1.6550878626890062,1578.3268735735517,12.5,0.002,197.29085919669396,8.34032833837864,8.34032833837864,1569.986545235173,1.4210854715202004e-13,8.34032833837864,0.13803976203691654,0.01668065667675728,0.12135910536015926,1618.4956845745523,1618.6170436799125,61.86170436799125,1618.6170436799125,0.0,ACTIVE,True
761,short,8,5.0,3.0,7,2024-06-11 15:25:00,467216,46721,3512.38,470096,2024-06-12 15:25:00,SL,-3.0,1603.337952361236,12.5,0.002,200.4172440451545,200.4172440451545,200.4172440451545,598.7828555073272,5.684341886080802e-14,1004.5550968539087,-6.012517321354634,0.40083448809030897,-6.4133518094449435,1618.6170436799125,1612.2036918704675,61.220369187046764,1618.6170436799125,0.39622416151409556,ACTIVE,True
762,short,8,5.0,3.0,10,2024-06-11 16:05:00,467299,46729,0.4796,470179,2024-06-12 16:05:00,SL,-3.0,1603.337952361236,12.5,0.002,200.4172440451545,200.4172440451545,200.4172440451545,799.2000995524817,8.340328338378782,804.1378528087542,-6.012517321354634,0.40083448809030897,-6.4133518094449435,1612.2036918704675,1605.7903400610226,60.57903400610225,1618.6170436799125,0.7924483230281911,ACTIVE,True
763,short,85,3.5,1.0,10,2024-06-12 09:00:00,469329,46932,0.4804,472209,2024-06-13 09:00:00,SL,-1.0,1618.6170436799125,12.5,0.002,202.32713045998906,202.32713045998906,202.32713045998906,400.83448809030665,200.41724404515463,1217.7825555896059,-2.0232713045998905,0.40465426091997814,-2.4279255655198684,1605.7903400610226,1603.3624144955027,60.33624144955028,1618.6170436799125,0.942448323028193,ACTIVE,True
764,short,74,8.0,2.5,10,2024-06-12 09:45:00,469419,46941,0.4818,472299,2024-06-13 09:45:00,SL,-2.5,1618.6170436799125,12.5,0.002,202.32713045998906,202.32713045998906,202.32713045998906,603.1616185502958,402.7443745051437,1015.4554251296167,-5.058178261499727,0.40465426091997814,-5.4628325224197045,1603.3624144955027,1597.899581973083,59.7899581973083,1618.6170436799125,1.279948323028187,ACTIVE,True
765,short,8,5.0,3.0,7,2024-06-12 17:50:00,470386,47038,3620.37,473266,2024-06-13 17:50:00,TP,5.0,1605.7903400610226,12.5,0.002,200.72379250762782,200.72379250762782,200.72379250762782,404.65426091997597,5.684341886080802e-14,1201.1360791410466,10.036189625381391,0.4014475850152556,9.634742040366136,1597.899581973083,1607.5343240134491,60.753432401344924,1618.6170436799125,0.6847030129663604,ACTIVE,True
766,short,28,5.0,1.5,8,2024-06-12 18:30:00,470467,47046,157.63,473347,2024-06-13 18:30:00,TP,5.0,1605.7903400610226,12.5,0.002,200.72379250762782,200.72379250762782,200.72379250762782,605.3780534276038,1.7053025658242404e-13,1000.4122866334187,10.036189625381391,0.4014475850152556,9.634742040366136,1607.5343240134491,1617.1690660538152,61.71690660538152,1618.6170436799125,0.08945770290453395,ACTIVE,True
767,short,31,2.5,2.0,10,2024-06-12 18:35:00,470479,47047,0.4944,473359,2024-06-13 18:35:00,TP,2.5,1605.7903400610226,12.5,0.002,200.72379250762782,200.72379250762782,200.72379250762782,806.1018459352317,404.65426091997836,799.6884941257908,5.018094812690696,0.4014475850152556,4.61664722767544,1617.1690660538152,1621.7857132814906,62.178571328149054,1621.7857132814906,0.0,ACTIVE,True
768,short,21,3.5,1.0,1,2024-06-12 19:15:00,470550,47055,0.4438,473430,2024-06-13 19:15:00,TP,3.5,1605.7903400610226,12.5,0.002,200.72379250762782,200.72379250762782,200.72379250762782,1006.8256384428596,0.0,598.964701618163,7.025332737766974,0.4014475850152556,6.623885152751718,1621.7857132814906,1628.4095984342423,62.84095984342424,1628.4095984342423,0.0,ACTIVE,True
769,short,19,6.0,1.75,5,2024-06-13 04:00:00,471604,47160,0.1432,474484,2024-06-14 04:00:00,Time_288,1.0195530726256907,1605.7903400610226,12.5,0.002,200.72379250762782,200.72379250762782,200.72379250762782,1207.5494309504875,1.1368683772161603e-13,398.2409091105351,2.0464855940023354,0.4014475850152556,1.6450380089870797,1628.4095984342423,1630.0546364432294,63.00546364432294,1630.0546364432294,0.0,ACTIVE,True
770,short,42,8.0,2.5,7,2024-06-13 04:50:00,471706,47170,3503.01,474586,2024-06-14 04:50:00,Time_288,0.1624317372773716,1605.7903400610226,12.5,0.002,200.72379250762782,197.5171166029072,197.5171166029072,1408.2732234581154,200.72379250762788,197.5171166029072,0.32083048391827396,0.39503423320581443,-0.07420374928754048,1630.0546364432294,1629.9804326939418,62.998043269394174,1630.0546364432294,0.00455222466956535,ACTIVE,True
771,short,91,2.0,1.0,6,2024-06-13 13:25:00,472735,47273,6.52,475615,2024-06-14 13:25:00,TP,2.0,1597.899581973083,12.5,0.002,199.73744774663538,199.73744774663538,199.73744774663538,1201.1360791410443,5.684341886080802e-14,396.76350283203874,3.9947489549327075,0.39947489549327075,3.595274059439437,1629.9804326939418,1633.5757067533812,63.35757067533812,1633.5757067533812,0.0,ACTIVE,True
772,short,13,5.0,1.5,1,2024-06-14 17:40:00,476120,47612,0.4066,479000,2024-06-15 17:40:00,SL,-1.5,1633.5757067533812,12.5,0.002,204.19696334417264,204.19696334417264,204.19696334417264,-2.2737367544323206e-12,0.0,1633.5757067533834,-3.0629544501625894,0.4083939266883453,-3.471348376850935,1633.5757067533812,1630.1043583765302,63.01043583765302,1633.5757067533812,0.21250000000000296,ACTIVE,True
773,short,52,2.5,2.0,1,2024-06-14 17:45:00,476130,47613,0.4057,479010,2024-06-15 17:45:00,SL,-2.0,1633.5757067533812,12.5,0.002,204.19696334417264,204.19696334417264,204.19696334417264,204.19696334417037,204.19696334417264,1429.3787434092108,-4.083939266883453,0.4083939266883453,-4.492333193571798,1630.1043583765302,1625.6120251829584,62.56120251829584,1633.5757067533812,0.48750000000000104,ACTIVE,True
774,short,62,5.0,1.0,3,2024-06-14 17:45:00,476132,47613,593.9,479012,2024-06-15 17:45:00,SL,-1.0,1633.5757067533812,12.5,0.002,204.19696334417264,204.19696334417264,204.19696334417264,408.393926688343,0.0,1225.181780065038,-2.0419696334417266,0.4083939266883453,-2.450363560130072,1625.6120251829584,1623.1616616228284,62.31616616228284,1633.5757067533812,0.637499999999995,ACTIVE,True
775,short,52,2.5,2.0,1,2024-06-14 17:55:00,476150,47615,0.4063,479030,2024-06-15 17:55:00,SL,-2.0,1633.5757067533812,12.5,0.002,204.19696334417264,204.19696334417264,204.19696334417264,612.5908900325156,408.3939266883453,1020.9848167208655,-4.083939266883453,0.4083939266883453,-4.492333193571798,1623.1616616228284,1618.6693284292567,61.86693284292566,1633.5757067533812,0.912499999999993,ACTIVE,True
776,short,23,2.5,2.0,2,2024-06-14 18:00:00,476161,47616,29.82,479041,2024-06-15 18:00:00,SL,-2.0,1633.5757067533812,12.5,0.002,204.19696334417264,204.19696334417264,204.19696334417264,816.7878533766883,8.526512829121202e-14,816.7878533766929,-4.083939266883453,0.4083939266883453,-4.492333193571798,1618.6693284292567,1614.176995235685,61.41769952356848,1633.5757067533812,1.1874999999999911,ACTIVE,True
777,short,29,5.0,1.0,3,2024-06-14 18:00:00,476162,47616,595.1,479042,2024-06-15 18:00:00,SL,-1.0,1633.5757067533812,12.5,0.002,204.19696334417264,204.19696334417264,204.19696334417264,1020.984816720861,204.19696334417264,612.5908900325202,-2.0419696334417266,0.4083939266883453,-2.450363560130072,1614.176995235685,1611.726631675555,61.1726631675555,1633.5757067533812,1.337499999999985,ACTIVE,True
778,short,52,2.5,2.0,1,2024-06-14 18:00:00,476160,47616,0.4067,479040,2024-06-15 18:00:00,SL,-2.0,1633.5757067533812,12.5,0.002,204.19696334417264,204.19696334417264,204.19696334417264,1225.1817800650335,612.5908900325179,408.3939266883476,-4.083939266883453,0.4083939266883453,-4.492333193571798,1611.726631675555,1607.2342984819832,60.72342984819832,1633.5757067533812,1.612499999999983,ACTIVE,True
779,short,50,3.5,1.75,2,2024-06-14 18:05:00,476171,47617,29.65,479051,2024-06-15 18:05:00,SL,-1.75,1633.5757067533812,12.5,0.002,204.19696334417264,204.19696334417264,204.19696334417264,1429.3787434092062,204.19696334417273,204.19696334417495,-3.5734468585230217,0.4083939266883453,-3.981840785211367,1607.2342984819832,1603.252457696772,60.325245769677196,1633.5757067533812,1.8562499999999766,ACTIVE,True
780,short,91,2.0,1.0,8,2024-06-16 23:00:00,482527,48252,150.66,485407,2024-06-17 23:00:00,TP,2.0,1603.252457696772,12.5,0.002,200.4065572120965,200.4065572120965,200.4065572120965,-2.4442670110147446e-12,1.7053025658242404e-13,1603.2524576967744,4.00813114424193,0.400813114424193,3.607318029817737,1603.252457696772,1606.8597757265895,60.68597757265894,1633.5757067533812,1.6354265624999829,ACTIVE,True
781,short,44,3.0,1.0,8,2024-06-17 02:35:00,482957,48295,148.35,485837,2024-06-18 02:35:00,TP,3.0,1603.252457696772,12.5,0.002,200.4065572120965,200.4065572120965,200.4065572120965,200.40655721209404,200.40655721209666,1402.845900484678,6.012196716362895,0.400813114424193,5.611383601938702,1606.8597757265895,1612.4711593285283,61.247115932852836,1633.5757067533812,1.2919234374999786,ACTIVE,True
782,short,9,2.5,1.5,2,2024-06-17 11:35:00,484031,48403,28.65,486911,2024-06-18 11:35:00,SL,-1.5,1603.252457696772,12.5,0.002,200.4065572120965,200.4065572120965,200.4065572120965,400.81311442419053,5.684341886080802e-14,1202.4393432725815,-3.0060983581814473,0.400813114424193,-3.4069114726056404,1612.4711593285283,1609.0642478559228,60.90642478559227,1633.5757067533812,1.5004789062499728,ACTIVE,True
783,short,9,2.5,1.5,2,2024-06-17 11:40:00,484041,48404,28.62,486921,2024-06-18 11:40:00,SL,-1.5,1603.252457696772,12.5,0.002,200.4065572120965,200.4065572120965,200.4065572120965,601.219671636287,200.40655721209654,1002.0327860604849,-3.0060983581814473,0.400813114424193,-3.4069114726056404,1609.0642478559228,1605.6573363833172,60.56573363833173,1633.5757067533812,1.7090343749999668,ACTIVE,True
784,short,45,3.0,1.0,8,2024-06-17 11:55:00,484077,48407,143.94,486957,2024-06-18 11:55:00,SL,-1.0,1603.252457696772,12.5,0.002,200.4065572120965,200.4065572120965,200.4065572120965,801.6262288483834,400.81311442419315,801.6262288483885,-2.004065572120965,0.400813114424193,-2.404878686545158,1605.6573363833172,1603.2524576967721,60.32524576967722,1633.5757067533812,1.8562499999999629,ACTIVE,True
785,short,9,2.5,1.5,5,2024-06-17 22:35:00,485354,48535,0.13009,488234,2024-06-18 22:35:00,TP,2.5,1603.252457696772,12.5,0.002,200.4065572120965,200.4065572120965,200.4065572120965,1002.0327860604799,1.1368683772161603e-13,601.219671636292,5.010163930302412,0.400813114424193,4.609350815878219,1603.2524576967721,1607.8618085126504,60.78618085126504,1633.5757067533812,1.5740867187499568,ACTIVE,True
786,short,41,8.0,1.0,1,2024-06-17 23:15:00,485430,48543,0.4027,488310,2024-06-18 23:15:00,TP,8.0,1606.8597757265895,12.5,0.002,200.8574719658237,200.8574719658237,200.8574719658237,1002.03278606048,0.0,604.8269896661095,16.068597757265895,0.4017149439316474,15.666882813334247,1607.8618085126504,1623.5286913259847,62.35286913259848,1633.5757067533812,0.6150321277343304,ACTIVE,True
787,short,41,8.0,1.0,1,2024-06-17 23:20:00,485440,48544,0.403,488320,2024-06-18 23:20:00,TP,8.0,1606.8597757265895,12.5,0.002,200.8574719658237,200.8574719658237,200.8574719658237,1202.8902580263036,200.8574719658237,403.9695177002859,16.068597757265895,0.4017149439316474,15.666882813334247,1623.5286913259847,1639.195574139319,63.91955741393189,1639.195574139319,0.0,ACTIVE,True
788,short,41,8.0,1.0,1,2024-06-17 23:25:00,485450,48545,0.402,488330,2024-06-18 23:25:00,TP,8.0,1606.8597757265895,12.5,0.002,200.8574719658237,200.8574719658237,200.8574719658237,1403.7477299921272,401.7149439316474,203.1120457344623,16.068597757265895,0.4017149439316474,15.666882813334247,1639.195574139319,1654.8624569526532,65.48624569526534,1654.8624569526532,0.0,ACTIVE,True
789,short,41,8.0,1.0,1,2024-06-17 23:30:00,485460,48546,0.4025,488340,2024-06-18 23:30:00,TP,8.0,1606.8597757265895,12.5,0.002,200.8574719658237,2.254573768638693,2.254573768638693,1604.6052019579508,602.572415897471,2.254573768638693,0.18036590149109544,0.004509147537277386,0.17585675395381806,1654.8624569526532,1655.0383137066071,65.50383137066072,1655.0383137066071,0.0,ACTIVE,True
790,short,45,3.0,1.0,2,2024-06-18 03:00:00,485881,48588,26.29,488761,2024-06-19 03:00:00,SL,-1.0,1612.4711593285283,12.5,0.002,201.55889491606604,201.55889491606604,201.55889491606604,1406.453218514493,400.81311442419303,206.01794081403523,-2.0155889491606604,0.4031177898321321,-2.4187067389927925,1655.0383137066071,1652.6196069676143,65.26196069676145,1655.0383137066071,0.14614203906711287,ACTIVE,True
791,short,9,2.5,1.5,6,2024-06-18 03:05:00,485895,48589,5.706,488775,2024-06-19 03:05:00,SL,-1.5,1612.4711593285283,12.5,0.002,201.55889491606604,4.45904589796919,4.45904589796919,1608.012113430559,5.684341886080802e-14,4.45904589796919,-0.06688568846953785,0.00891809179593838,-0.07580378026547624,1652.6196069676143,1652.5438031873489,65.25438031873489,1655.0383137066071,0.15072222187240944,ACTIVE,True
792,short,17,3.5,2.0,6,2024-06-18 12:20:00,487005,48700,5.824,489885,2024-06-19 12:20:00,TP,3.5,1603.2524576967721,12.5,0.002,200.40655721209652,200.40655721209652,200.40655721209652,1011.2514876922389,4.459045897969247,592.0009700045332,7.014229502423379,0.40081311442419304,6.613416387999186,1652.5438031873489,1659.157219575348,65.91572195753481,1659.157219575348,0.0,ACTIVE,True
793,short,91,2.0,1.0,6,2024-06-19 02:05:00,488655,48865,5.87,491535,2024-06-20 02:05:00,SL,-1.0,1655.0383137066071,12.5,0.002,206.8797892133259,206.8797892133259,206.8797892133259,406.4244980261291,204.86560311006576,1248.6138156804782,-2.068797892133259,0.4137595784266518,-2.4825574705599105,1659.157219575348,1656.6746621047882,65.66746621047884,1659.157219575348,0.1496276206540128,ACTIVE,True
794,short,19,6.0,1.75,5,2024-06-19 15:20:00,490244,49024,0.12244,493124,2024-06-20 15:20:00,SL,-1.75,1659.157219575348,12.5,0.002,207.3946524469185,207.3946524469185,207.3946524469185,206.87978921332325,1.1368683772161603e-13,1452.277430362025,-3.6294064178210745,0.41478930489383703,-4.044195722714911,1656.6746621047882,1652.6304663820733,65.26304663820733,1659.157219575348,0.3933776206540123,ACTIVE,True
795,short,5,2.5,1.0,6,2024-06-20 13:10:00,492865,49286,5.806,495745,2024-06-21 13:10:00,TP,2.5,1656.6746621047882,12.5,0.002,207.08433276309853,207.08433276309853,207.08433276309853,207.3946524469159,8.526512829121202e-14,1449.2800096578724,5.177108319077464,0.4141686655261971,4.762939653551267,1652.6304663820733,1657.3934060356246,65.73934060356245,1659.157219575348,0.1063078000633932,ACTIVE,True
796,short,18,3.0,1.75,2,2024-06-20 13:10:00,492861,49286,27.93,495741,2024-06-21 13:10:00,TP,3.0,1656.6746621047882,12.5,0.002,207.08433276309853,207.08433276309853,207.08433276309853,414.47898521001446,8.526512829121202e-14,1242.195676894774,6.212529982892955,0.4141686655261971,5.7983613173667585,1657.3934060356246,1663.1917673529913,66.31917673529912,1663.1917673529913,0.0,ACTIVE,True
797,short,5,2.5,1.0,6,2024-06-20 13:30:00,492905,49290,5.741,495785,2024-06-21 13:30:00,TP,2.5,1656.6746621047882,12.5,0.002,207.08433276309853,207.08433276309853,207.08433276309853,621.563317973113,207.08433276309862,1035.1113441316752,5.177108319077464,0.4141686655261971,4.762939653551267,1663.1917673529913,1667.9547070065425,66.79547070065426,1667.9547070065425,0.0,ACTIVE,True
798,short,5,2.5,1.0,6,2024-06-20 13:35:00,492915,49291,5.761,495795,2024-06-21 13:35:00,TP,2.5,1656.6746621047882,12.5,0.002,207.08433276309853,207.08433276309853,207.08433276309853,828.6476507362115,414.1686655261972,828.0270113685767,5.177108319077464,0.4141686655261971,4.762939653551267,1667.9547070065425,1672.7176466600938,67.27176466600937,1672.7176466600938,0.0,ACTIVE,True
799,short,29,5.0,1.0,7,2024-06-20 15:25:00,493136,49313,3521.01,496016,2024-06-21 15:25:00,Time_288,0.5739830332773844,1652.6304663820733,12.5,0.002,206.57880829775917,206.57880829775917,206.57880829775917,828.3373310523915,5.684341886080802e-14,824.2931353296818,1.1857273099757513,0.41315761659551836,0.7725696933802328,1672.7176466600938,1673.4902163534741,67.34902163534741,1673.4902163534741,0.0,ACTIVE,True
800,short,45,3.0,1.0,7,2024-06-20 15:30:00,493146,49314,3525.72,496026,2024-06-21 15:30:00,Time_288,0.6767412046333706,1652.6304663820733,12.5,0.002,206.57880829775917,206.57880829775917,206.57880829775917,1034.9161393501506,206.57880829775922,617.7143270319227,1.3980039157915167,0.41315761659551836,0.9848462991959983,1673.4902163534741,1674.4750626526702,67.44750626526701,1674.4750626526702,0.0,ACTIVE,True
801,short,39,8.0,3.0,7,2024-06-20 15:35:00,493156,49315,3522.99,496036,2024-06-21 15:35:00,Time_288,1.2761886919917338,1652.6304663820733,12.5,0.002,206.57880829775917,206.57880829775917,206.57880829775917,1241.4949476479098,413.1576165955184,411.1355187341635,2.6363353915472842,0.41315761659551836,2.223177774951766,1674.4750626526702,1676.698240427622,67.6698240427622,1676.698240427622,0.0,ACTIVE,True
802,short,62,5.0,1.0,2,2024-06-20 15:50:00,493181,49318,27.29,496061,2024-06-21 15:50:00,SL,-1.0,1652.6304663820733,12.5,0.002,206.57880829775917,204.55671043640427,204.55671043640427,1448.073755945669,207.08433276309862,204.55671043640427,-2.045567104364043,0.40911342087280855,-2.4546805252368515,1676.698240427622,1674.2435599023852,67.42435599023852,1676.698240427622,0.14639966012076472,ACTIVE,True
803,short,21,3.5,1.0,10,2024-06-22 21:15:00,499599,49959,0.4875,502479,2024-06-23 21:15:00,Time_288,1.558974358974358,1674.2435599023852,12.5,0.002,209.28044498779815,209.28044498779815,209.28044498779815,-2.3874235921539366e-12,1.7053025658242404e-13,1674.2435599023875,3.2626284757072104,0.4185608899755963,2.8440675857316142,1674.2435599023852,1677.0876274881168,67.70876274881168,1677.0876274881168,0.0,ACTIVE,True
804,short,80,5.0,1.75,6,2024-06-23 02:35:00,500235,50023,5.756,503115,2024-06-24 02:35:00,Time_288,0.8512856150104305,1674.2435599023852,12.5,0.002,209.28044498779815,209.28044498779815,209.28044498779815,209.28044498779576,5.684341886080802e-14,1464.9631149145894,1.7815743232109431,0.4185608899755963,1.3630134332353467,1677.0876274881168,1678.4506409213523,67.84506409213522,1678.4506409213523,0.0,ACTIVE,True
805,short,63,6.0,2.5,10,2024-06-23 12:30:00,501429,50142,0.4859,504309,2024-06-24 12:30:00,Time_288,1.7287507717637411,1674.2435599023852,12.5,0.002,209.28044498779815,209.28044498779815,209.28044498779815,418.5608899755939,209.28044498779832,1255.6826699267913,3.617937307877152,0.4185608899755963,3.199376417901556,1678.4506409213523,1681.6500173392537,68.16500173392537,1681.6500173392537,0.0,ACTIVE,True
806,short,7,3.0,2.0,10,2024-06-23 13:05:00,501499,50149,0.486,504379,2024-06-24 13:05:00,TP,3.0,1674.2435599023852,12.5,0.002,209.28044498779815,209.28044498779815,209.28044498779815,627.841334963392,418.56088997559647,1046.4022249389932,6.2784133496339445,0.4185608899755963,5.859852459658348,1681.6500173392537,1687.5098697989122,68.75098697989121,1687.5098697989122,0.0,ACTIVE,True
807,short,7,3.0,2.0,10,2024-06-23 13:10:00,501509,50150,0.4857,504389,2024-06-24 13:10:00,TP,3.0,1674.2435599023852,12.5,0.002,209.28044498779815,209.28044498779815,209.28044498779815,837.1217799511901,627.8413349633946,837.1217799511951,6.2784133496339445,0.4185608899755963,5.859852459658348,1687.5098697989122,1693.3697222585706,69.33697222585707,1693.3697222585706,0.0,ACTIVE,True
808,short,31,2.5,2.0,10,2024-06-23 20:50:00,502429,50242,0.4804,505309,2024-06-24 20:50:00,TP,2.5,1674.2435599023852,12.5,0.002,209.28044498779815,209.28044498779815,209.28044498779815,1046.4022249389882,837.1217799511928,627.841334963397,5.232011124694954,0.4185608899755963,4.813450234719357,1693.3697222585706,1698.18317249329,69.81831724932898,1698.18317249329,0.0,ACTIVE,True
809,short,98,2.5,1.0,1,2024-06-23 20:50:00,502420,50242,0.3845,505300,2024-06-24 20:50:00,TP,2.5,1674.2435599023852,12.5,0.002,209.28044498779815,209.28044498779815,209.28044498779815,1255.6826699267863,0.0,418.5608899755989,5.232011124694954,0.4185608899755963,4.813450234719357,1698.18317249329,1702.9966227280092,70.29966227280093,1702.9966227280092,0.0,ACTIVE,True
810,short,31,2.5,2.0,10,2024-06-23 21:00:00,502449,50244,0.4798,505329,2024-06-24 21:00:00,TP,2.5,1674.2435599023852,12.5,0.002,209.28044498779815,209.28044498779815,209.28044498779815,1464.9631149145844,1046.402224938991,209.28044498780082,5.232011124694954,0.4185608899755963,4.813450234719357,1702.9966227280092,1707.8100729627286,70.78100729627286,1707.8100729627286,0.0,ACTIVE,True
811,short,8,5.0,3.0,1,2024-06-23 21:20:00,502480,50248,0.384,505360,2024-06-24 21:20:00,TP,5.0,1677.0876274881168,12.5,0.002,209.6359534360146,209.6359534360146,209.6359534360146,1464.9631149145844,209.28044498779815,212.12451257353246,10.48179767180073,0.4192719068720292,10.0625257649287,1707.8100729627286,1717.8725987276573,71.78725987276573,1717.8725987276573,0.0,ACTIVE,True
812,short,8,5.0,3.0,10,2024-06-23 21:20:00,502489,50248,0.4797,505369,2024-06-24 21:20:00,Time_288,1.4592453616843872,1677.0876274881168,12.5,0.002,209.6359534360146,2.4885591375177682,2.4885591375177682,1674.599068350599,1046.402224938991,2.4885591375177682,0.03631418378700103,0.004977118275035537,0.03133706551196549,1717.8725987276573,1717.9039357931692,71.79039357931691,1717.9039357931692,0.0,ACTIVE,True
813,short,28,5.0,1.5,7,2024-06-24 03:25:00,503216,50321,3411.18,506096,2024-06-25 03:25:00,TP,5.0,1678.4506409213523,12.5,0.002,209.80633011516903,209.80633011516903,209.80633011516903,1467.8071825003187,5.684341886080802e-14,210.64345842103353,10.490316505758452,0.41961266023033805,10.070703845528113,1717.9039357931692,1727.9746396386975,72.79746396386975,1727.9746396386975,0.0,ACTIVE,True
814,short,74,8.0,2.5,10,2024-06-24 22:55:00,505559,50555,0.4723,508439,2024-06-25 22:55:00,Time_288,-0.7198814312936723,1717.9039357931692,12.5,0.002,214.73799197414615,214.73799197414615,214.73799197414615,209.80633011516673,2.8421709430404007e-13,1508.0976056780025,-1.5458589301547745,0.42947598394829234,-1.9753349141030667,1727.9746396386975,1725.9993047245944,72.59993047245943,1727.9746396386975,0.11431504078764199,ACTIVE,True
815,short,87,5.0,3.0,6,2024-06-25 00:40:00,505765,50576,5.732,508645,2024-06-26 00:40:00,SL,-3.0,1717.9039357931692,12.5,0.002,214.73799197414615,214.73799197414615,214.73799197414615,424.5443220893129,5.684341886080802e-14,1293.3596137038562,-6.442139759224385,0.42947598394829234,-6.871615743172677,1725.9993047245944,1719.1276889814217,71.91276889814218,1727.9746396386975,0.5119838251286832,ACTIVE,True
816,short,31,2.5,2.0,3,2024-06-26 08:35:00,509592,50959,575.1,512472,2024-06-27 08:35:00,Time_288,1.0606850982437876,1719.1276889814217,12.5,0.002,214.8909611226777,214.8909611226777,214.8909611226777,-2.2168933355715126e-12,0.0,1719.127688981424,2.279316402101094,0.42978192224535544,1.8495344798557385,1719.1276889814217,1720.9772234612774,72.09772234612774,1727.9746396386975,0.4049490089092485,ACTIVE,True
817,short,31,2.5,2.0,3,2024-06-26 08:55:00,509632,50963,574.8,512512,2024-06-27 08:55:00,Time_288,0.7132915796798729,1719.1276889814217,12.5,0.002,214.8909611226777,214.8909611226777,214.8909611226777,214.8909611226755,214.8909611226777,1504.2367278587462,1.5327991311812093,0.42978192224535544,1.1030172089358539,1720.9772234612774,1722.0802406702132,72.20802406702131,1727.9746396386975,0.34111605768222797,ACTIVE,True
818,short,24,8.0,1.0,1,2024-06-26 16:45:00,510570,51057,0.3867,513450,2024-06-27 16:45:00,SL,-1.0,1719.1276889814217,12.5,0.002,214.8909611226777,214.8909611226777,214.8909611226777,429.7819222453532,2.842170943040401e-14,1289.3457667360685,-2.148909611226777,0.42978192224535544,-2.5786915334721323,1722.0802406702132,1719.501549136741,71.9501549136741,1727.9746396386975,0.4903480819445411,ACTIVE,True
819,short,9,2.5,1.5,6,2024-06-26 18:30:00,510785,51078,5.808,513665,2024-06-27 18:30:00,SL,-1.5,1719.1276889814217,12.5,0.002,214.8909611226777,214.8909611226777,214.8909611226777,644.6728833680309,5.684341886080802e-14,1074.4548056133908,-3.2233644168401656,0.42978192224535544,-3.653146339085521,1719.501549136741,1715.8484027976556,71.58484027976554,1727.9746396386975,0.7017601163161371,ACTIVE,True
820,short,65,2.5,1.25,1,2024-06-27 00:40:00,511520,51152,0.3854,514400,2024-06-28 00:40:00,SL,-1.25,1719.1276889814217,12.5,0.002,214.8909611226777,214.8909611226777,214.8909611226777,859.5638444907086,214.89096112267774,859.5638444907131,-2.6861370140334717,0.42978192224535544,-3.115918936278827,1715.8484027976556,1712.7324838613767,71.27324838613767,1727.9746396386975,0.8820821456330915,ACTIVE,True
821,short,80,5.0,1.75,6,2024-06-27 07:45:00,512375,51237,5.776,515255,2024-06-28 07:45:00,SL,-1.75,1719.1276889814217,12.5,0.002,214.8909611226777,214.8909611226777,214.8909611226777,1074.4548056133863,214.89096112267777,644.6728833680354,-3.7605918196468604,0.42978192224535544,-4.190373741892216,1712.7324838613767,1708.5421101194845,70.85421101194844,1727.9746396386975,1.124584185059342,ACTIVE,True
822,short,39,8.0,3.0,3,2024-06-27 07:50:00,512382,51238,569.2,515262,2024-06-28 07:50:00,Time_288,-1.2649332396345627,1719.1276889814217,12.5,0.002,214.8909611226777,214.8909611226777,214.8909611226777,1289.345766736064,429.7819222453554,429.7819222453577,-2.7182271962109357,0.42978192224535544,-3.148009118456291,1708.5421101194845,1705.3941010010283,70.53941010010283,1727.9746396386975,1.306763312359176,ACTIVE,True
823,short,85,3.5,1.0,5,2024-06-27 08:35:00,512474,51247,0.12121,515354,2024-06-28 08:35:00,SL,-1.0,1720.9772234612774,12.5,0.002,215.12215293265967,215.12215293265967,215.12215293265967,1289.345766736064,1.1368683772161603e-13,431.6314567252134,-2.151221529326597,0.43024430586531937,-2.581465835191916,1705.3941010010283,1702.8126351658364,70.28126351658364,1727.9746396386975,1.4561558888458124,ACTIVE,True
824,short,87,5.0,3.0,10,2024-06-27 14:40:00,513209,51320,0.4758,516089,2024-06-28 14:40:00,Time_288,-0.2732240437158519,1722.0802406702132,12.5,0.002,215.26003008377666,215.26003008377666,215.26003008377666,1289.576958546046,2.8421709430404007e-13,432.5032821241673,-0.5881421586988539,0.43052006016755334,-1.0186622188664072,1702.8126351658364,1701.79397294697,70.179397294697,1727.9746396386975,1.5151071139100547,ACTIVE,True
825,short,39,8.0,3.0,8,2024-06-28 06:50:00,515147,51514,145.11,518027,2024-06-29 06:50:00,Time_288,2.818551443732343,1712.7324838613767,12.5,0.002,214.0915604826721,214.0915604826721,214.0915604826721,860.1641052617895,1.7053025658242404e-13,852.5683785995873,6.034280768893457,0.4281831209653442,5.606097647928113,1701.79397294697,1707.4000705948981,70.74000705948981,1727.9746396386975,1.190675405288429,ACTIVE,True
826,short,29,5.0,1.0,1,2024-06-28 06:55:00,515150,51515,0.3884,518030,2024-06-29 06:55:00,SL,-1.0,1712.7324838613767,12.5,0.002,214.0915604826721,214.0915604826721,214.0915604826721,1074.2556657444616,0.0,638.4768181169152,-2.140915604826721,0.4281831209653442,-2.569098725792065,1707.4000705948981,1704.830971869106,70.4830971869106,1727.9746396386975,1.3393522820699855,ACTIVE,True
827,short,39,8.0,3.0,3,2024-06-28 09:35:00,515472,51547,576.0,518352,2024-06-29 09:35:00,Time_288,0.7291666666666746,1702.8126351658364,12.5,0.002,212.85157939572954,212.85157939572954,212.85157939572954,643.4431510491186,0.0,1059.3694841167178,1.5520427664272116,0.4257031587914591,1.1263396076357526,1704.830971869106,1705.9573114767418,70.59573114767417,1727.9746396386975,1.2741696351839562,ACTIVE,True
828,short,5,2.5,1.0,2,2024-06-28 16:00:00,516241,51624,28.37,519121,2024-06-29 16:00:00,SL,-1.0,1701.79397294697,12.5,0.002,212.72424661837124,212.72424661837124,212.72424661837124,641.0347003610715,5.684341886080802e-14,1060.7592725858985,-2.1272424661837124,0.4254484932367425,-2.5526909594204548,1705.9573114767418,1703.4046205173213,70.34046205173212,1727.9746396386975,1.4218969745130932,ACTIVE,True
829,short,5,2.5,1.0,2,2024-06-28 16:05:00,516251,51625,28.31,519131,2024-06-29 16:05:00,SL,-1.0,1701.79397294697,12.5,0.002,212.72424661837124,212.72424661837124,212.72424661837124,853.7589469794427,212.7242466183713,848.0350259675272,-2.1272424661837124,0.4254484932367425,-2.5526909594204548,1703.4046205173213,1700.8519295579008,70.08519295579008,1727.9746396386975,1.5696243138422301,ACTIVE,True
830,short,5,2.5,1.0,2,2024-06-28 16:10:00,516261,51626,28.46,519141,2024-06-29 16:10:00,TP,2.5,1701.79397294697,12.5,0.002,212.72424661837124,212.72424661837124,212.72424661837124,1066.483193597814,425.44849323674254,635.3107793491558,5.318106165459281,0.4254484932367425,4.892657672222539,1700.8519295579008,1705.7445872301234,70.57445872301233,1727.9746396386975,1.2864802467947154,ACTIVE,True
831,short,5,2.5,1.0,6,2024-06-28 16:40:00,516325,51632,6.287,519205,2024-06-29 16:40:00,TP,2.5,1701.79397294697,12.5,0.002,212.72424661837124,212.72424661837124,212.72424661837124,1279.2074402161852,5.684341886080802e-14,422.5865327307847,5.318106165459281,0.4254484932367425,4.892657672222539,1705.7445872301234,1710.637244902346,71.06372449023462,1727.9746396386975,1.003336179747201,ACTIVE,True
832,short,8,5.0,3.0,7,2024-06-28 20:00:00,516726,51672,3384.7,519606,2024-06-29 20:00:00,Time_288,0.043430732413501934,1701.79397294697,12.5,0.002,212.72424661837124,209.86228611241359,209.86228611241359,1491.9316868345563,5.684341886080802e-14,209.86228611241359,0.09114472791834018,0.4197245722248272,-0.328579844306487,1710.637244902346,1710.3086650580397,71.03086650580397,1727.9746396386975,1.022351496104803,ACTIVE,True
833,short,45,3.0,1.0,1,2024-06-29 16:00:00,519120,51912,0.3905,522000,2024-06-30 16:00:00,TP,3.0,1705.9573114767418,12.5,0.002,213.24466393459272,213.24466393459272,213.24466393459272,1060.7592725858963,0.0,645.1980388908455,6.3973399180377815,0.4264893278691855,5.970850590168596,1710.3086650580397,1716.2795156482082,71.62795156482082,1727.9746396386975,0.6768110898279502,ACTIVE,True
834,short,45,3.0,1.0,1,2024-06-29 16:05:00,519130,51913,0.3896,522010,2024-06-30 16:05:00,Time_288,0.9496919917864428,1703.4046205173213,12.5,0.002,212.92557756466516,212.92557756466516,212.92557756466516,1061.2796899021178,213.24466393459272,642.1249306152035,2.0221371585966557,0.4258511551293303,1.5962860034673254,1716.2795156482082,1717.8758016516756,71.78758016516755,1727.9746396386975,0.5844320718233121,ACTIVE,True
835,short,85,3.5,1.0,2,2024-06-29 17:25:00,519291,51929,27.83,522171,2024-06-30 17:25:00,SL,-1.0,1710.637244902346,12.5,0.002,213.82965561279326,213.82965561279326,213.82965561279326,636.0325276116694,1.1368683772161603e-13,1074.6047172906767,-2.1382965561279326,0.42765931122558654,-2.565955867353519,1717.8758016516756,1715.309845784322,71.53098457843221,1727.9746396386975,0.7329270675536916,ACTIVE,True
836,short,19,6.0,1.75,8,2024-06-30 05:35:00,520757,52075,137.8,523637,2024-07-01 05:35:00,SL,-1.75,1710.3086650580397,12.5,0.002,213.78858313225496,213.78858313225496,213.78858313225496,639.999897112049,1.7053025658242404e-13,1070.3087679459907,-3.741300204814462,0.4275771662645099,-4.168877371078972,1715.309845784322,1711.1409684132432,71.11409684132433,1727.9746396386975,0.9741850857819324,ACTIVE,True
837,short,39,8.0,3.0,8,2024-06-30 05:40:00,520767,52076,137.56,523647,2024-07-01 05:40:00,SL,-3.0,1710.3086650580397,12.5,0.002,213.78858313225496,213.78858313225496,213.78858313225496,853.788480244304,213.78858313225513,856.5201848137357,-6.413657493967649,0.4275771662645099,-6.841234660232159,1711.1409684132432,1704.299733753011,70.4299733753011,1727.9746396386975,1.3700956797975157,ACTIVE,True
838,short,39,8.0,3.0,8,2024-06-30 05:50:00,520787,52078,137.73,523667,2024-07-01 05:50:00,SL,-3.0,1710.3086650580397,12.5,0.002,213.78858313225496,213.78858313225496,213.78858313225496,1067.577063376559,427.5771662645101,642.7316016814807,-6.413657493967649,0.4275771662645099,-6.841234660232159,1704.299733753011,1697.4584990927788,69.74584990927788,1727.9746396386975,1.766006273813099,ACTIVE,True
839,short,39,8.0,3.0,8,2024-06-30 05:55:00,520797,52079,137.68,523677,2024-07-01 05:55:00,SL,-3.0,1710.3086650580397,12.5,0.002,213.78858313225496,213.78858313225496,213.78858313225496,1281.3656465088138,641.3657493967651,428.9430185492258,-6.413657493967649,0.4275771662645099,-6.841234660232159,1697.4584990927788,1690.6172644325466,69.06172644325466,1727.9746396386975,2.1619168678286824,ACTIVE,True
840,short,74,8.0,2.5,2,2024-06-30 08:55:00,521151,52115,28.35,524031,2024-07-01 08:55:00,SL,-2.5,1710.3086650580397,12.5,0.002,213.78858313225496,213.78858313225496,213.78858313225496,1495.1542296410687,213.82965561279337,215.15443541697095,-5.344714578306374,0.4275771662645099,-5.772291744570884,1690.6172644325466,1684.8449726879758,68.48449726879757,1727.9746396386975,2.4959664315293235,ACTIVE,True
841,short,74,8.0,2.5,1,2024-07-01 00:20:00,523000,52300,0.3938,525880,2024-07-02 00:20:00,SL,-2.5,1715.309845784322,12.5,0.002,214.41373072304026,214.41373072304026,214.41373072304026,1068.9429156612725,0.0,646.3669301230495,-5.360343268076007,0.4288274614460805,-5.7891707295220876,1684.8449726879758,1679.0558019584537,67.90558019584536,1727.9746396386975,2.83099280267633,ACTIVE,True
842,short,74,8.0,2.5,2,2024-07-01 00:25:00,523011,52301,29.5,525891,2024-07-02 00:25:00,Time_288,2.2372881355932206,1715.309845784322,12.5,0.002,214.41373072304026,214.41373072304026,214.41373072304026,1283.3566463843129,213.78858313225504,431.9531994000092,4.797052958549376,0.4288274614460805,4.368225497103295,1679.0558019584537,1683.424027455557,68.3424027455557,1727.9746396386975,2.578198265250901,ACTIVE,True
843,short,83,8.0,3.0,7,2024-07-01 02:55:00,523316,52331,3502.36,526196,2024-07-02 02:55:00,Time_288,1.471008120238924,1715.309845784322,12.5,0.002,214.41373072304026,214.41373072304026,214.41373072304026,1497.7703771073532,5.684341886080802e-14,217.5394686769689,3.154043389843143,0.4288274614460805,2.7252159283970623,1683.424027455557,1686.1492433839542,68.61492433839543,1727.9746396386975,2.4204866955390365,ACTIVE,True
844,short,83,8.0,3.0,7,2024-07-01 03:00:00,523326,52332,3504.27,526206,2024-07-02 03:00:00,Time_288,1.453655112191699,1715.309845784322,12.5,0.002,214.41373072304026,3.125737953928592,3.125737953928592,1712.1841078303935,214.41373072304032,3.125737953928592,0.045437449560999196,0.006251475907857185,0.03918597365314201,1686.1492433839542,1686.1884293576072,68.61884293576072,1727.9746396386975,2.4182189554487517,ACTIVE,True
845,short,85,3.5,1.0,5,2024-07-01 07:55:00,523914,52391,0.12642,526794,2024-07-02 07:55:00,Time_288,2.705268153773142,1690.6172644325466,12.5,0.002,211.32715805406832,211.32715805406832,211.32715805406832,860.1555132553025,1.1368683772161603e-13,830.4617511772441,5.716966307110544,0.42265431610813664,5.294311991002408,1686.1884293576072,1691.4827413486096,69.14827413486096,1727.9746396386975,2.111830663077207,ACTIVE,True
846,short,85,3.5,1.0,1,2024-07-01 13:50:00,524620,52462,0.3998,527500,2024-07-02 13:50:00,SL,-1.0,1684.8449726879758,12.5,0.002,210.60562158599697,210.60562158599697,210.60562158599697,857.6940881771158,214.41373072304026,827.15088451086,-2.1060562158599696,0.42121124317199393,-2.5272674590319637,1691.4827413486096,1688.9554738895777,68.89554738895775,1727.9746396386975,2.25808671342991,ACTIVE,True
847,short,60,2.5,2.5,4,2024-07-01 20:00:00,525363,52536,63275.99,528243,2024-07-02 20:00:00,Time_288,2.117706890085797,1684.8449726879758,12.5,0.002,210.60562158599697,210.60562158599697,210.60562158599697,1068.2997097631128,0.0,616.545262924863,4.460009759234679,0.42121124317199393,4.038798516062685,1688.9554738895777,1692.9942724056405,69.29942724056404,1727.9746396386975,2.0243565171981373,ACTIVE,True
848,short,4,6.0,2.5,7,2024-07-02 16:15:00,527796,52779,3411.42,530676,2024-07-03 16:15:00,Time_288,3.027185160431726,1688.9554738895777,12.5,0.002,211.1194342361972,211.1194342361972,211.1194342361972,210.60562158599487,5.684341886080802e-14,1478.3498523035828,6.390976183985578,0.42223886847239445,5.9687373155131835,1692.9942724056405,1698.9630097211536,69.89630097211537,1727.9746396386975,1.678938408703143,ACTIVE,True
849,short,45,3.0,1.0,7,2024-07-03 04:55:00,529316,52931,3361.24,532196,2024-07-04 04:55:00,TP,3.0,1692.9942724056405,12.5,0.002,211.62428405070506,211.62428405070506,211.62428405070506,211.1194342361951,211.11943423619726,1481.8748381694454,6.348728521521151,0.42324856810141015,5.925479953419741,1698.9630097211536,1704.8884896745733,70.48884896745733,1727.9746396386975,1.3360236565133414,ACTIVE,True
850,short,7,3.0,2.0,10,2024-07-03 05:00:00,529329,52932,0.4806,532209,2024-07-04 05:00:00,TP,3.0,1692.9942724056405,12.5,0.002,211.62428405070506,211.62428405070506,211.62428405070506,422.74371828690016,2.8421709430404007e-13,1270.2505541187402,6.348728521521151,0.42324856810141015,5.925479953419741,1704.8884896745733,1710.813969627993,71.08139696279929,1727.9746396386975,0.99310890432354,ACTIVE,True
851,short,29,5.0,1.0,7,2024-07-03 05:05:00,529336,52933,3364.97,532216,2024-07-04 05:05:00,TP,5.0,1692.9942724056405,12.5,0.002,211.62428405070506,211.62428405070506,211.62428405070506,634.3680023376053,422.7437182869023,1058.6262700680352,10.581214202535254,0.42324856810141015,10.157965634433843,1710.813969627993,1720.9719352624268,72.09719352624269,1727.9746396386975,0.40525504342673,ACTIVE,True
852,short,46,3.0,2.0,4,2024-07-03 05:15:00,529353,52935,60945.98,532233,2024-07-04 05:15:00,TP,3.0,1692.9942724056405,12.5,0.002,211.62428405070506,211.62428405070506,211.62428405070506,845.9922863883103,0.0,847.0019860173302,6.348728521521151,0.42324856810141015,5.925479953419741,1720.9719352624268,1726.8974152158464,72.68974152158465,1727.9746396386975,0.062340291236928615,ACTIVE,True
853,short,52,2.5,2.0,4,2024-07-03 05:35:00,529393,52939,60928.74,532273,2024-07-04 05:35:00,TP,2.5,1692.9942724056405,12.5,0.002,211.62428405070506,211.62428405070506,211.62428405070506,1057.6165704390153,211.62428405070506,635.3777019666252,5.290607101267627,0.42324856810141015,4.867358533166216,1726.8974152158464,1731.7647737490126,73.17647737490127,1731.7647737490126,0.0,ACTIVE,True
854,short,44,3.0,1.0,6,2024-07-03 08:35:00,529755,52975,6.279,532635,2024-07-04 08:35:00,TP,3.0,1692.9942724056405,12.5,0.002,211.62428405070506,211.62428405070506,211.62428405070506,1269.2408544897203,5.684341886080802e-14,423.7534179159202,6.348728521521151,0.42324856810141015,5.925479953419741,1731.7647737490126,1737.6902537024323,73.76902537024324,1737.6902537024323,0.0,ACTIVE,True
855,short,6,8.0,3.0,6,2024-07-03 08:40:00,529765,52976,6.266,532645,2024-07-04 08:40:00,TP,8.0,1692.9942724056405,12.5,0.002,211.62428405070506,211.62428405070506,211.62428405070506,1480.8651385404253,211.6242840507051,212.12913386521518,16.929942724056406,0.42324856810141015,16.506694155954996,1737.6902537024323,1754.1969478583874,75.41969478583874,1754.1969478583874,0.0,ACTIVE,True
856,short,2,4.0,1.25,6,2024-07-03 18:00:00,530885,53088,6.088,533765,2024-07-04 18:00:00,TP,4.0,1698.9630097211536,12.5,0.002,212.3703762151442,212.3703762151442,212.3703762151442,1481.369988354933,423.24856810141017,217.59302136622068,8.49481504860577,0.4247407524302884,8.07007429617548,1754.1969478583874,1762.267022154563,76.22670221545629,1762.267022154563,0.0,ACTIVE,True
857,short,2,4.0,1.25,6,2024-07-03 18:05:00,530895,53089,6.114,533775,2024-07-04 18:05:00,TP,4.0,1698.9630097211536,12.5,0.002,212.3703762151442,5.222645151076449,5.222645151076449,1693.7403645700772,635.6189443165543,5.222645151076449,0.20890580604305797,0.010445290302152898,0.19846051574090506,1762.267022154563,1762.4654826703038,76.24654826703039,1762.4654826703038,0.0,ACTIVE,True
858,short,52,2.5,2.0,9,2024-07-04 12:05:00,533058,53305,0.12669,535938,2024-07-05 12:05:00,TP,2.5,1754.1969478583874,12.5,0.002,219.27461848229842,219.27461848229842,219.27461848229842,217.59302136621852,5.684341886080802e-14,1536.6039264921687,5.481865462057461,0.43854923696459686,5.043316225092864,1762.4654826703038,1767.5087988953967,76.75087988953968,1767.5087988953967,0.0,ACTIVE,True
859,short,9,2.5,1.5,5,2024-07-04 14:30:00,533344,53334,0.10722,536224,2024-07-05 14:30:00,SL,-1.5,1754.1969478583874,12.5,0.002,219.27461848229842,219.27461848229842,219.27461848229842,436.86763984851694,1.1368683772161603e-13,1317.3293080098704,-3.289119277234476,0.43854923696459686,-3.727668514199073,1767.5087988953967,1763.7811303811977,76.37811303811976,1767.5087988953967,0.21089957325975242,ACTIVE,True
860,short,9,2.5,1.5,5,2024-07-04 14:35:00,533354,53335,0.108,536234,2024-07-05 14:35:00,SL,-1.5,1754.1969478583874,12.5,0.002,219.27461848229842,219.27461848229842,219.27461848229842,656.1422583308154,219.27461848229854,1098.054689527572,-3.289119277234476,0.43854923696459686,-3.727668514199073,1763.7811303811977,1760.0534618669988,76.00534618669987,1767.5087988953967,0.42179914651950484,ACTIVE,True
861,short,17,3.5,2.0,1,2024-07-04 17:25:00,533690,53369,0.3816,536570,2024-07-05 17:25:00,TP,3.5,1754.1969478583874,12.5,0.002,219.27461848229842,219.27461848229842,219.27461848229842,875.4168768131137,0.0,878.7800710452736,7.674611646880446,0.43854923696459686,7.236062409915849,1760.0534618669988,1767.2895242769146,76.72895242769147,1767.5087988953967,0.012405857250564591,ACTIVE,True
862,short,85,3.5,1.0,2,2024-07-04 19:55:00,533991,53399,25.46,536871,2024-07-05 19:55:00,TP,3.5,1762.4654826703038,12.5,0.002,220.30818533378797,220.30818533378797,220.30818533378797,877.0984739291914,8.526512829121202e-14,885.3670087411124,7.71078648668258,0.440616370667576,7.270170116015004,1767.2895242769146,1774.5596943929295,77.45596943929294,1774.5596943929295,0.0,ACTIVE,True
863,short,85,3.5,1.0,10,2024-07-04 20:00:00,534009,53400,0.4409,536889,2024-07-05 20:00:00,SL,-1.0,1762.4654826703038,12.5,0.002,220.30818533378797,220.30818533378797,220.30818533378797,1097.4066592629795,2.8421709430404007e-13,665.0588234073243,-2.20308185333788,0.440616370667576,-2.643698224005456,1774.5596943929295,1771.915996168924,77.19159961689242,1774.5596943929295,0.14897770034779512,ACTIVE,True
864,short,91,2.0,1.0,6,2024-07-04 22:15:00,534275,53427,5.768,537155,2024-07-05 22:15:00,TP,2.0,1762.4654826703038,12.5,0.002,220.30818533378797,220.30818533378797,220.30818533378797,1317.7148445967675,2.842170943040401e-14,444.75063807353627,4.40616370667576,0.440616370667576,3.965547336008184,1771.915996168924,1775.8815435049323,77.58815435049323,1775.8815435049323,0.0,ACTIVE,True
865,short,1,8.0,3.0,1,2024-07-04 23:10:00,534380,53438,0.3712,537260,2024-07-05 23:10:00,TP,8.0,1762.4654826703038,12.5,0.002,220.30818533378797,220.30818533378797,220.30818533378797,1538.0230299305556,219.27461848229842,224.4424527397482,17.62465482670304,0.440616370667576,17.184038456035463,1775.8815435049323,1793.0655819609678,79.30655819609677,1793.0655819609678,0.0,ACTIVE,True
866,short,1,8.0,3.0,1,2024-07-04 23:15:00,534390,53439,0.3696,537270,2024-07-05 23:15:00,TP,8.0,1762.4654826703038,12.5,0.002,220.30818533378797,4.134267405960145,4.134267405960145,1758.3312152643437,439.5828038160864,4.134267405960145,0.3307413924768116,0.00826853481192029,0.3224728576648913,1793.0655819609678,1793.3880548186328,79.33880548186328,1793.3880548186328,0.0,ACTIVE,True
867,short,74,8.0,2.5,10,2024-07-06 08:25:00,538379,53837,0.4331,541259,2024-07-07 08:25:00,SL,-2.5,1793.3880548186328,12.5,0.002,224.1735068523291,224.1735068523291,224.1735068523291,-1.6484591469634324e-12,2.8421709430404007e-13,1793.3880548186344,-5.604337671308228,0.4483470137046582,-6.052684685012886,1793.3880548186328,1787.3353701336198,78.73353701336198,1793.3880548186328,0.3375000000000059,ACTIVE,True
868,short,73,8.0,3.0,1,2024-07-07 01:20:00,540400,54040,0.3668,543280,2024-07-08 01:20:00,TP,8.0,1793.3880548186328,12.5,0.002,224.1735068523291,224.1735068523291,224.1735068523291,224.17350685232745,2.842170943040401e-14,1569.2145479663054,17.933880548186327,0.4483470137046582,17.485533534481668,1787.3353701336198,1804.8209036681014,80.48209036681013,1804.8209036681014,0.0,ACTIVE,True
869,short,1,8.0,3.0,2,2024-07-07 01:25:00,540411,54041,26.69,543291,2024-07-08 01:25:00,TP,8.0,1793.3880548186328,12.5,0.002,224.1735068523291,224.1735068523291,224.1735068523291,448.34701370465655,8.526512829121202e-14,1345.0410411139762,17.933880548186327,0.4483470137046582,17.485533534481668,1804.8209036681014,1822.306437202583,82.2306437202583,1822.306437202583,0.0,ACTIVE,True
870,short,5,2.5,1.0,1,2024-07-07 01:25:00,540410,54041,0.3673,543290,2024-07-08 01:25:00,SL,-1.0,1793.3880548186328,12.5,0.002,224.1735068523291,224.1735068523291,224.1735068523291,672.5205205569856,224.17350685232913,1120.867534261647,-2.241735068523291,0.4483470137046582,-2.690082082227949,1822.306437202583,1819.6163551203551,81.96163551203553,1822.306437202583,0.1476196334112435,ACTIVE,True
871,short,1,8.0,3.0,2,2024-07-07 01:30:00,540421,54042,26.72,543301,2024-07-08 01:30:00,TP,8.0,1793.3880548186328,12.5,0.002,224.1735068523291,224.1735068523291,224.1735068523291,896.6940274093147,224.17350685232918,896.6940274093181,17.933880548186327,0.4483470137046582,17.485533534481668,1819.6163551203551,1837.1018886548368,83.71018886548367,1837.1018886548368,0.0,ACTIVE,True
872,short,5,2.5,1.0,1,2024-07-07 01:30:00,540420,54042,0.3673,543300,2024-07-08 01:30:00,SL,-1.0,1793.3880548186328,12.5,0.002,224.1735068523291,224.1735068523291,224.1735068523291,1120.8675342616439,448.34701370465825,672.5205205569889,-2.241735068523291,0.4483470137046582,-2.690082082227949,1837.1018886548368,1834.4118065726088,83.4411806572609,1837.1018886548368,0.1464307504575959,ACTIVE,True
873,short,1,8.0,3.0,2,2024-07-07 01:35:00,540431,54043,26.65,543311,2024-07-08 01:35:00,Time_288,7.3921200750469,1793.3880548186328,12.5,0.002,224.1735068523291,224.1735068523291,224.1735068523291,1345.041041113973,448.34701370465825,448.34701370465973,16.571174802967658,0.4483470137046582,16.122827789263,1834.4118065726088,1850.534634361872,85.05346343618719,1850.534634361872,0.0,ACTIVE,True
874,short,5,2.5,1.0,1,2024-07-07 01:35:00,540430,54043,0.3665,543310,2024-07-08 01:35:00,SL,-1.0,1793.3880548186328,12.5,0.002,224.1735068523291,224.1735068523291,224.1735068523291,1569.2145479663022,672.5205205569873,224.17350685233055,-2.241735068523291,0.4483470137046582,-2.690082082227949,1850.534634361872,1847.844552279644,84.7844552279644,1850.534634361872,0.14536783220788402,ACTIVE,True
875,short,4,6.0,2.5,10,2024-07-07 09:15:00,541359,54135,0.4371,544239,2024-07-08 09:15:00,TP,6.0,1787.3353701336198,12.5,0.002,223.41692126670247,218.12082216731756,218.12082216731756,1569.2145479663022,2.8421709430404007e-13,218.12082216731756,13.087249330039052,0.43624164433463514,12.651007685704418,1847.844552279644,1860.4955599653483,86.04955599653483,1860.4955599653483,0.0,ACTIVE,True
876,short,36,8.0,2.5,9,2024-07-08 02:20:00,543408,54340,0.12372,546288,2024-07-09 02:20:00,SL,-2.5,1847.844552279644,12.5,0.002,230.9805690349555,230.9805690349555,230.9805690349555,218.12082216731594,5.684341886080802e-14,1629.723730112328,-5.7745142258738875,0.461961138069911,-6.236475363943798,1860.4955599653483,1854.2590846014045,85.42590846014045,1860.4955599653483,0.33520506569012914,ACTIVE,True
877,short,74,8.0,2.5,10,2024-07-08 10:05:00,544339,54433,0.4347,547219,2024-07-09 10:05:00,Time_288,-0.2760524499655014,1860.4955599653483,12.5,0.002,232.56194499566854,232.56194499566854,232.56194499566854,230.98056903495387,2.8421709430404007e-13,1629.5149909303946,-0.6419929468479647,0.4651238899913371,-1.1071168368393018,1854.2590846014045,1853.1519677645651,85.31519677645652,1860.4955599653483,0.3947116219358219,ACTIVE,True
878,short,74,8.0,2.5,2,2024-07-08 10:15:00,544351,54435,26.88,547231,2024-07-09 10:15:00,TP,8.0,1860.4955599653483,12.5,0.002,232.56194499566854,232.56194499566854,232.56194499566854,463.54251403062244,5.684341886080802e-14,1396.9530459347259,18.604955599653483,0.4651238899913371,18.139831709662147,1853.1519677645651,1871.2917994742272,87.12917994742273,1871.2917994742272,0.0,ACTIVE,True
879,short,74,8.0,2.5,2,2024-07-08 10:35:00,544391,54439,26.91,547271,2024-07-09 10:35:00,TP,8.0,1860.4955599653483,12.5,0.002,232.56194499566854,232.56194499566854,232.56194499566854,696.104459026291,232.5619449956686,1164.3911009390572,18.604955599653483,0.4651238899913371,18.139831709662147,1871.2917994742272,1889.4316311838893,88.94316311838892,1889.4316311838893,0.0,ACTIVE,True
880,short,17,3.5,2.0,5,2024-07-08 10:40:00,544404,54440,0.1092,547284,2024-07-09 10:40:00,TP,3.5,1860.4955599653483,12.5,0.002,232.56194499566854,232.56194499566854,232.56194499566854,928.6664040219596,1.1368683772161603e-13,931.8291559433887,8.1396680748484,0.4651238899913371,7.674544184857063,1889.4316311838893,1897.1061753687463,89.71061753687464,1897.1061753687463,0.0,ACTIVE,True
881,short,87,5.0,3.0,10,2024-07-08 12:10:00,544589,54458,0.4386,547469,2024-07-09 12:10:00,Time_288,0.934792521659825,1860.4955599653483,12.5,0.002,232.56194499566854,232.56194499566854,232.56194499566854,1161.228349017628,232.56194499566882,699.2672109477203,2.173971670046145,0.4651238899913371,1.708847780054808,1897.1061753687463,1898.8150231488012,89.88150231488012,1898.8150231488012,0.0,ACTIVE,True
882,short,16,3.0,1.0,8,2024-07-08 14:45:00,544897,54489,139.32,547777,2024-07-09 14:45:00,TP,3.0,1860.4955599653483,12.5,0.002,232.56194499566854,232.56194499566854,232.56194499566854,1393.7902940132965,1.7053025658242404e-13,466.70526595205183,6.976858349870056,0.4651238899913371,6.511734459878719,1898.8150231488012,1905.3267576086798,90.53267576086799,1905.3267576086798,0.0,ACTIVE,True
883,short,98,2.5,1.0,5,2024-07-08 14:50:00,544904,54490,0.10666,547784,2024-07-09 14:50:00,SL,-1.0,1860.4955599653483,12.5,0.002,232.56194499566854,232.56194499566854,232.56194499566854,1626.352239008965,232.56194499566865,234.14332095638338,-2.3256194499566853,0.4651238899913371,-2.7907433399480226,1905.3267576086798,1902.5360142687318,90.25360142687317,1905.3267576086798,0.1464705898242134,ACTIVE,True
884,short,98,2.5,1.0,8,2024-07-08 15:00:00,544927,54492,138.33,547807,2024-07-09 15:00:00,SL,-1.0,1860.4955599653483,12.5,0.002,232.56194499566854,1.5813759607149223,1.5813759607149223,1858.9141840046334,232.5619449956687,1.5813759607149223,-0.015813759607149223,0.0031627519214298444,-0.018976511528579067,1902.5360142687318,1902.5170377572033,90.25170377572034,1905.3267576086798,0.1474665613263589,ACTIVE,True
885,short,31,2.5,2.0,10,2024-07-09 16:00:00,547929,54792,0.4311,550809,2024-07-10 16:00:00,SL,-2.0,1902.5170377572033,12.5,0.002,237.8146297196504,237.8146297196504,237.8146297196504,-1.8758328224066645e-12,2.8421709430404007e-13,1902.5170377572051,-4.756292594393009,0.47562925943930084,-5.23192185383231,1902.5170377572033,1897.285115903371,89.7285115903371,1905.3267576086798,0.4220610282827119,ACTIVE,True
886,short,38,2.0,1.5,10,2024-07-09 16:40:00,548009,54800,0.4336,550889,2024-07-10 16:40:00,SL,-1.5,1902.5170377572033,12.5,0.002,237.8146297196504,237.8146297196504,237.8146297196504,237.81462971964854,237.8146297196507,1664.7024080375547,-3.567219445794756,0.47562925943930084,-4.042848705234057,1897.285115903371,1893.242267198137,89.32422671981368,1905.3267576086798,0.6342476618398938,ACTIVE,True
887,short,85,3.5,1.0,10,2024-07-10 05:35:00,549559,54955,0.438,552439,2024-07-11 05:35:00,SL,-1.0,1902.5170377572033,12.5,0.002,237.8146297196504,237.8146297196504,237.8146297196504,475.62925943929895,475.6292594393011,1426.8877783179043,-2.3781462971965044,0.47562925943930084,-2.853775556635805,1893.242267198137,1890.388491641501,89.03884916415011,1905.3267576086798,0.7840264619979045,ACTIVE,True
888,short,82,3.5,1.5,5,2024-07-10 06:00:00,549604,54960,0.1096,552484,2024-07-11 06:00:00,Time_288,1.1770072992700724,1902.5170377572033,12.5,0.002,237.8146297196504,237.8146297196504,237.8146297196504,713.4438891589493,1.1368683772161603e-13,1189.073148598254,2.7990955505323805,0.47562925943930084,2.3234662910930797,1890.388491641501,1892.7119579325943,89.27119579325942,1905.3267576086798,0.6620806444726591,ACTIVE,True
889,short,5,2.5,1.0,3,2024-07-10 14:55:00,550672,55067,522.8,553552,2024-07-11 14:55:00,SL,-1.0,1902.5170377572033,12.5,0.002,237.8146297196504,237.8146297196504,237.8146297196504,951.2585188785997,0.0,951.2585188786036,-2.3781462971965044,0.47562925943930084,-2.853775556635805,1892.7119579325943,1889.8581823759584,88.98581823759584,1905.3267576086798,0.8118594446306698,ACTIVE,True
890,short,5,2.5,1.0,3,2024-07-10 15:00:00,550682,55068,521.9,553562,2024-07-11 15:00:00,SL,-1.0,1902.5170377572033,12.5,0.002,237.8146297196504,237.8146297196504,237.8146297196504,1189.07314859825,237.8146297196504,713.4438891589532,-2.3781462971965044,0.47562925943930084,-2.853775556635805,1889.8581823759584,1887.0044068193226,88.70044068193226,1905.3267576086798,0.9616382447886805,ACTIVE,True
891,short,42,8.0,2.5,6,2024-07-11 17:45:00,553895,55389,5.999,556775,2024-07-12 17:45:00,Time_288,-0.9501583597266275,1887.0044068193226,12.5,0.002,235.87555085241533,235.87555085241533,235.87555085241533,-1.8758328224066645e-12,2.842170943040401e-14,1887.0044068193245,-2.241191264975457,0.47175110170483064,-2.7129423666802874,1887.0044068193226,1884.2914644526425,88.42914644526425,1905.3267576086798,1.1040254944216576,ACTIVE,True
892,short,85,3.5,1.0,2,2024-07-12 01:00:00,554761,55476,25.28,557641,2024-07-13 01:00:00,SL,-1.0,1887.0044068193226,12.5,0.002,235.87555085241533,235.87555085241533,235.87555085241533,235.87555085241345,5.684341886080802e-14,1651.1288559669092,-2.3587555085241534,0.47175110170483064,-2.830506610228984,1884.2914644526425,1881.4609578424136,88.14609578424135,1905.3267576086798,1.2525830370544702,ACTIVE,True
893,short,63,6.0,2.5,4,2024-07-12 21:35:00,557233,55723,57599.36,560113,2024-07-13 21:35:00,Time_288,-1.8310446504961138,1884.2914644526425,12.5,0.002,235.5364330565803,235.5364330565803,235.5364330565803,235.87555085241345,0.0,1648.415913600229,-4.312777257451874,0.4710728661131606,-4.783850123565034,1881.4609578424136,1876.6771077188484,87.66771077188484,1905.3267576086798,1.503660712023418,ACTIVE,True
894,short,87,5.0,3.0,1,2024-07-13 16:55:00,559550,55955,0.4319,562430,2024-07-14 16:55:00,SL,-3.0,1881.4609578424136,12.5,0.002,235.1826197303017,235.1826197303017,235.1826197303017,235.53643305657843,5.684341886080802e-14,1645.924524785835,-7.055478591909051,0.4703652394606034,-7.525843831369654,1876.6771077188484,1869.1512638874788,86.91512638874788,1905.3267576086798,1.8986503798752017,ACTIVE,True
895,short,74,8.0,2.5,1,2024-07-13 17:35:00,559630,55963,0.4351,562510,2024-07-14 17:35:00,SL,-2.5,1881.4609578424136,12.5,0.002,235.1826197303017,235.1826197303017,235.1826197303017,470.7190527868801,235.18261973030175,1410.7419050555334,-5.879565493257543,0.4703652394606034,-6.349930732718146,1869.1512638874788,1862.8013331547606,86.28013331547606,1905.3267576086798,2.2319229121251416,ACTIVE,True
896,short,60,2.5,2.5,2,2024-07-13 18:05:00,559691,55969,25.84,562571,2024-07-14 18:05:00,Time_288,0.1547987616099038,1881.4609578424136,12.5,0.002,235.1826197303017,235.1826197303017,235.1826197303017,705.9016725171819,5.684341886080802e-14,1175.5592853252317,0.3640597828642363,0.4703652394606034,-0.10630545659636709,1862.8013331547606,1862.6950276981643,86.26950276981643,1905.3267576086798,2.2375022940433276,ACTIVE,True
897,short,92,6.0,1.0,2,2024-07-13 18:10:00,559701,55970,25.74,562581,2024-07-14 18:10:00,SL,-1.0,1881.4609578424136,12.5,0.002,235.1826197303017,235.1826197303017,235.1826197303017,941.0842922474835,235.18261973030175,940.37666559493,-2.351826197303017,0.4703652394606034,-2.8221914367636205,1862.6950276981643,1859.8728362614006,85.98728362614006,1905.3267576086798,2.385623419487748,ACTIVE,True
898,short,85,3.5,1.0,1,2024-07-14 00:30:00,560460,56046,0.4385,563340,2024-07-15 00:30:00,Time_288,0.4789053591790173,1876.6771077188484,12.5,0.002,234.58463846485606,234.58463846485606,234.58463846485606,940.7304789212048,470.36523946060345,935.9466287976436,1.1234384054189182,0.4691692769297121,0.654269128489206,1859.8728362614006,1860.5271053898898,86.05271053898898,1905.3267576086798,2.3512844733790836,ACTIVE,True
899,short,6,8.0,3.0,9,2024-07-14 04:55:00,560998,56099,0.13896,563878,2024-07-15 04:55:00,Time_288,0.4893494530800331,1876.6771077188484,12.5,0.002,234.58463846485606,234.58463846485606,234.58463846485606,1175.3151173860608,5.684341886080802e-14,701.3619903327876,1.147938645337546,0.4691692769297121,0.6787693684078339,1860.5271053898898,1861.2058747582976,86.12058747582975,1905.3267576086798,2.315659645999886,ACTIVE,True
900,short,6,8.0,3.0,9,2024-07-14 05:00:00,561008,56100,0.1388,563888,2024-07-15 05:00:00,Time_288,0.46829971181557034,1876.6771077188484,12.5,0.002,234.58463846485606,234.58463846485606,234.58463846485606,1409.8997558509168,234.5846384648561,466.77735186793166,1.0985591858945185,0.4691692769297121,0.6293899089648064,1861.2058747582976,1861.8352646672624,86.18352646672625,1905.3267576086798,2.282626471692567,ACTIVE,True
901,short,6,8.0,3.0,9,2024-07-14 05:15:00,561038,56103,0.13875,563918,2024-07-15 05:15:00,Time_288,0.34594594594595185,1876.6771077188484,12.5,0.002,234.58463846485606,232.1927134030757,232.1927134030757,1644.4843943157728,469.16927692971217,232.1927134030757,0.8032612787998431,0.46438542680615136,0.33887585199369175,1861.8352646672624,1862.174140519256,86.2174140519256,1905.3267576086798,2.2648407637744694,ACTIVE,True
902,short,5,2.5,1.0,10,2024-07-15 20:20:00,565729,56572,0.5367,568609,2024-07-16 20:20:00,SL,-1.0,1862.174140519256,12.5,0.002,232.771767564907,232.771767564907,232.771767564907,-2.1316282072803006e-12,2.8421709430404007e-13,1862.1741405192581,-2.3277176756490703,0.465543535129814,-2.7932612107788843,1862.174140519256,1859.3808793084772,85.93808793084771,1905.3267576086798,2.411443502628805,ACTIVE,True
903,short,5,2.5,1.0,10,2024-07-15 20:25:00,565739,56573,0.5341,568619,2024-07-16 20:25:00,SL,-1.0,1862.174140519256,12.5,0.002,232.771767564907,232.771767564907,232.771767564907,232.77176756490488,232.7717675649073,1629.4023729543512,-2.3277176756490703,0.465543535129814,-2.7932612107788843,1859.3808793084772,1856.5876180976984,85.65876180976983,1905.3267576086798,2.558046241483141,ACTIVE,True
904,short,64,5.0,1.25,2,2024-07-16 21:20:00,568721,56872,28.31,571601,2024-07-17 21:20:00,SL,-1.25,1856.5876180976984,12.5,0.002,232.0734522622123,232.0734522622123,232.0734522622123,-2.1600499167107046e-12,5.684341886080802e-14,1856.5876180977007,-2.900918153277654,0.4641469045244246,-3.3650650578020787,1856.5876180976984,1853.2225530398964,85.32225530398965,1905.3267576086798,2.7346597826704477,ACTIVE,True
905,short,80,5.0,1.75,6,2024-07-17 08:55:00,570115,57011,6.437,572995,2024-07-18 08:55:00,Time_288,3.0604318782041333,1856.5876180976984,12.5,0.002,232.0734522622123,232.0734522622123,232.0734522622123,232.07345226221014,2.842170943040401e-14,1624.5141658354883,7.102449913881596,0.4641469045244246,6.6383030093571715,1853.2225530398964,1859.8608560492535,85.98608560492535,1905.3267576086798,2.3862521941637604,ACTIVE,True
906,short,8,5.0,3.0,3,2024-07-17 09:05:00,570132,57013,579.5,573012,2024-07-18 09:05:00,Time_288,1.1044003451251039,1856.5876180976984,12.5,0.002,232.0734522622123,232.0734522622123,232.0734522622123,464.14690452442244,0.0,1392.4407135732758,2.5630200077276157,0.4641469045244246,2.098873103203191,1859.8608560492535,1861.9597291524567,86.19597291524568,1905.3267576086798,2.2760940234026745,ACTIVE,True
907,short,67,3.5,2.5,1,2024-07-17 09:25:00,570170,57017,0.4472,573050,2024-07-18 09:25:00,Time_288,1.3864042933810339,1856.5876180976984,12.5,0.002,232.0734522622123,232.0734522622123,232.0734522622123,696.2203567866347,1.1368683772161603e-13,1160.3672613110637,3.2174763059608953,0.4641469045244246,2.7533294014364706,1861.9597291524567,1864.7130585538932,86.47130585538932,1905.3267576086798,2.131587083034496,ACTIVE,True
908,short,21,3.5,1.0,5,2024-07-17 09:40:00,570204,57020,0.12584,573084,2024-07-18 09:40:00,TP,3.5,1856.5876180976984,12.5,0.002,232.0734522622123,232.0734522622123,232.0734522622123,928.293809048847,1.1368683772161603e-13,928.2938090488514,8.122570829177432,0.4641469045244246,7.6584239246530075,1864.7130585538932,1872.3714824785463,87.23714824785462,1905.3267576086798,1.7296390237806083,ACTIVE,True
909,short,66,3.5,1.0,2,2024-07-17 12:30:00,570541,57054,28.23,573421,2024-07-18 12:30:00,SL,-1.0,1856.5876180976984,12.5,0.002,232.0734522622123,232.0734522622123,232.0734522622123,1160.3672613110593,232.07345226221236,696.2203567866391,-2.320734522622123,0.4641469045244246,-2.784881427146548,1872.3714824785463,1869.5866010513998,86.95866010513997,1905.3267576086798,1.8758019544183813,ACTIVE,True
910,short,14,3.0,1.75,2,2024-07-17 13:00:00,570601,57060,28.28,573481,2024-07-18 13:00:00,TP,3.0,1856.5876180976984,12.5,0.002,232.0734522622123,232.0734522622123,232.0734522622123,1392.4407135732718,464.14690452442466,464.14690452442665,6.962203567866369,0.4641469045244246,6.498056663341944,1869.5866010513998,1876.0846577147418,87.60846577147416,1905.3267576086798,1.5347551162635737,ACTIVE,True
911,short,86,3.5,3.0,5,2024-07-17 18:00:00,571204,57120,0.1217,574084,2024-07-18 18:00:00,TP,3.5,1856.5876180976984,12.5,0.002,232.0734522622123,232.0734522622123,232.0734522622123,1624.5141658354842,232.0734522622124,232.07345226221423,8.122570829177432,0.4641469045244246,7.6584239246530075,1876.0846577147418,1883.7430816393949,88.3743081639395,1905.3267576086798,1.1328070570096864,ACTIVE,True
912,short,17,3.5,2.0,6,2024-07-18 11:20:00,573285,57328,6.163,576165,2024-07-19 11:20:00,SL,-2.0,1872.3714824785463,12.5,0.002,234.0464353098183,234.0464353098183,234.0464353098183,696.2203567866347,2.842170943040401e-14,1176.1511256919116,-4.680928706196366,0.4680928706196366,-5.149021576816002,1883.7430816393949,1878.5940600625788,87.85940600625788,1905.3267576086798,1.4030505496942918,ACTIVE,True
913,short,29,5.0,1.0,1,2024-07-18 16:50:00,573940,57394,0.4273,576820,2024-07-19 16:50:00,SL,-1.0,1876.0846577147418,12.5,0.002,234.51058221434272,234.51058221434272,234.51058221434272,466.11988757202846,1.1368683772161603e-13,1409.9647701427134,-2.3451058221434273,0.46902116442868547,-2.814126986572113,1878.5940600625788,1875.7799330760067,87.57799330760068,1905.3267576086798,1.5507484170198953,ACTIVE,True
914,short,29,5.0,1.0,1,2024-07-18 16:55:00,573950,57395,0.4283,576830,2024-07-19 16:55:00,SL,-1.0,1876.0846577147418,12.5,0.002,234.51058221434272,234.51058221434272,234.51058221434272,700.6304697863711,234.51058221434283,1175.4541879283706,-2.3451058221434273,0.46902116442868547,-2.814126986572113,1875.7799330760067,1872.9658060894346,87.29658060894346,1905.3267576086798,1.6984462843454988,ACTIVE,True
915,short,42,8.0,2.5,6,2024-07-18 17:10:00,573985,57398,6.123,576865,2024-07-19 17:10:00,SL,-2.5,1876.0846577147418,12.5,0.002,234.51058221434272,234.51058221434272,234.51058221434272,935.1410520007139,234.04643530981832,940.9436057140279,-5.862764555358568,0.46902116442868547,-6.331785719787254,1872.9658060894346,1866.6340203696475,86.66340203696474,1905.3267576086798,2.030766485828104,ACTIVE,True
916,short,49,3.5,1.0,1,2024-07-18 19:05:00,574210,57421,0.4228,577090,2024-07-19 19:05:00,SL,-1.0,1883.7430816393949,12.5,0.002,235.46788520492436,235.46788520492436,235.46788520492436,937.5781819528444,469.02116442868555,946.1648996865505,-2.3546788520492434,0.47093577040984874,-2.825614622459092,1866.6340203696475,1863.8084057471883,86.38084057471885,1905.3267576086798,2.1790672752425935,ACTIVE,True
917,short,43,3.5,3.0,7,2024-07-18 23:50:00,574786,57478,3426.58,577666,2024-07-19 23:50:00,SL,-3.0,1883.7430816393949,12.5,0.002,235.46788520492436,235.46788520492436,235.46788520492436,1173.0460671577687,0.0,710.6970144816262,-7.06403655614773,0.47093577040984874,-7.534972326557579,1863.8084057471883,1856.2734334206307,85.62734334206309,1905.3267576086798,2.5745360470145573,ACTIVE,True
918,short,2,4.0,1.25,1,2024-07-19 01:10:00,574940,57494,0.417,577820,2024-07-20 01:10:00,SL,-1.25,1883.7430816393949,12.5,0.002,235.46788520492436,235.46788520492436,235.46788520492436,1408.513952362693,704.48904963361,475.22912927670177,-2.9433485650615547,0.47093577040984874,-3.4142843354714034,1856.2734334206307,1852.8591490851593,85.28591490851593,1905.3267576086798,2.753732834223727,ACTIVE,True
919,short,49,3.5,1.0,7,2024-07-19 01:20:00,574966,57496,3401.0,577846,2024-07-20 01:20:00,SL,-1.0,1883.7430816393949,12.5,0.002,235.46788520492436,235.46788520492436,235.46788520492436,1643.9818375676175,235.46788520492436,239.76124407177736,-2.3546788520492434,0.47093577040984874,-2.825614622459092,1852.8591490851593,1850.0335344627001,85.00335344627001,1905.3267576086798,2.9020336236382165,ACTIVE,True
920,short,7,3.0,2.0,10,2024-07-19 02:20:00,575089,57508,0.5503,577969,2024-07-20 02:20:00,SL,-2.0,1883.7430816393949,12.5,0.002,235.46788520492436,4.293358866852941,4.293358866852941,1879.449722772542,2.8421709430404007e-13,4.293358866852941,-0.08586717733705883,0.008586717733705881,-0.09445389507076471,1850.0335344627001,1849.9390805676294,84.99390805676295,1905.3267576086798,2.9069909830356817,ACTIVE,True
921,short,85,3.5,1.0,5,2024-07-20 10:00:00,578884,57888,0.12705,581764,2024-07-21 10:00:00,SL,-1.0,1849.9390805676294,12.5,0.002,231.24238507095367,231.24238507095367,231.24238507095367,-2.1032064978498966e-12,1.1368683772161603e-13,1849.9390805676314,-2.312423850709537,0.46248477014190736,-2.7749086208514444,1849.9390805676294,1847.164171946778,84.7164171946778,1905.3267576086798,3.0526304965611266,ACTIVE,True
922,short,4,6.0,2.5,1,2024-07-20 13:30:00,579300,57930,0.4294,582180,2024-07-21 13:30:00,Time_288,0.11644154634373556,1849.9390805676294,12.5,0.002,231.24238507095367,231.24238507095367,231.24238507095367,231.24238507095157,1.7053025658242404e-13,1618.6966954966779,0.26926220897875397,0.46248477014190736,-0.1932225611631534,1847.164171946778,1846.9709493856149,84.69709493856148,1905.3267576086798,3.0627716736789887,ACTIVE,True
923,short,5,2.5,1.0,5,2024-07-20 18:20:00,579884,57988,0.13363,582764,2024-07-21 18:20:00,SL,-1.0,1849.9390805676294,12.5,0.002,231.24238507095367,231.24238507095367,231.24238507095367,462.48477014190524,231.2423850709538,1387.454310425724,-2.312423850709537,0.46248477014190736,-2.7749086208514444,1846.9709493856149,1844.1960407647634,84.41960407647635,1905.3267576086798,3.2084111872044336,ACTIVE,True
924,short,85,3.5,1.0,5,2024-07-20 18:25:00,579894,57989,0.13343,582774,2024-07-21 18:25:00,SL,-1.0,1849.9390805676294,12.5,0.002,231.24238507095367,231.24238507095367,231.24238507095367,693.7271552128589,462.48477014190746,1156.2119253547705,-2.312423850709537,0.46248477014190736,-2.7749086208514444,1844.1960407647634,1841.421132143912,84.1421132143912,1905.3267576086798,3.354050700729879,ACTIVE,True
925,short,34,2.0,2.0,7,2024-07-20 23:30:00,580506,58050,3520.41,583386,2024-07-21 23:30:00,TP,2.0,1849.9390805676294,12.5,0.002,231.24238507095367,231.24238507095367,231.24238507095367,924.9695402838125,0.0,924.9695402838169,4.624847701419074,0.46248477014190736,4.162362931277166,1841.421132143912,1845.5834950751891,84.5583495075189,1905.3267576086798,3.1355914304417114,ACTIVE,True
926,short,82,3.5,1.5,2,2024-07-21 17:40:00,582681,58268,31.22,585561,2024-07-22 17:40:00,TP,3.5,1846.9709493856149,12.5,0.002,230.87136867320186,230.87136867320186,230.87136867320186,693.7271552128589,1.1368683772161603e-13,1153.243794172756,8.080497903562065,0.4617427373464037,7.618755166215662,1845.5834950751891,1853.2022502414047,85.32022502414047,1905.3267576086798,2.7357253635956416,ACTIVE,True
927,short,26,6.0,1.5,1,2024-07-22 02:20:00,583720,58372,0.4392,586600,2024-07-23 02:20:00,Time_288,2.800546448087427,1845.5834950751891,12.5,0.002,230.69793688439864,230.69793688439864,230.69793688439864,230.87136867319975,1.7053025658242404e-13,1614.7121264019893,6.460802877227,0.4613958737687973,5.999407003458202,1853.2022502414047,1859.2016572448629,85.92016572448628,1905.3267576086798,2.4208498715310767,ACTIVE,True
928,short,26,6.0,1.5,1,2024-07-22 02:25:00,583730,58373,0.4408,586610,2024-07-23 02:25:00,Time_288,3.1079854809437486,1845.5834950751891,12.5,0.002,230.69793688439864,230.69793688439864,230.69793688439864,461.5693055575984,230.6979368843988,1384.0141895175907,7.170058383203883,0.4613958737687973,6.708662509435086,1859.2016572448629,1865.910319754298,86.59103197542979,1905.3267576086798,2.0687495043554804,ACTIVE,True
929,short,97,2.5,1.0,9,2024-07-22 02:50:00,583788,58378,0.13625,586668,2024-07-23 02:50:00,TP,2.5,1845.5834950751891,12.5,0.002,230.69793688439864,230.69793688439864,230.69793688439864,692.267242441997,2.842170943040401e-14,1153.316252633192,5.767448422109966,0.4613958737687973,5.306052548341169,1865.910319754298,1871.216372302639,87.1216372302639,1905.3267576086798,1.7902643297180048,ACTIVE,True
930,short,97,2.5,1.0,9,2024-07-22 02:55:00,583798,58379,0.13625,586678,2024-07-23 02:55:00,TP,2.5,1845.5834950751891,12.5,0.002,230.69793688439864,230.69793688439864,230.69793688439864,922.9651793263956,230.69793688439867,922.6183157487935,5.767448422109966,0.4613958737687973,5.306052548341169,1871.216372302639,1876.52242485098,87.65224248509801,1905.3267576086798,1.511779155080529,ACTIVE,True
931,short,97,2.5,1.0,9,2024-07-22 03:00:00,583808,58380,0.13633,586688,2024-07-23 03:00:00,TP,2.5,1845.5834950751891,12.5,0.002,230.69793688439864,230.69793688439864,230.69793688439864,1153.6631162107942,461.3958737687973,691.9203788643949,5.767448422109966,0.4613958737687973,5.306052548341169,1876.52242485098,1881.8284773993212,88.18284773993213,1905.3267576086798,1.2332939804430534,ACTIVE,True
932,short,5,2.5,1.0,1,2024-07-22 14:20:00,585160,58516,0.4311,588040,2024-07-23 14:20:00,TP,2.5,1845.5834950751891,12.5,0.002,230.69793688439864,230.69793688439864,230.69793688439864,1384.3610530951928,461.39587376879746,461.22244197999635,5.767448422109966,0.4613958737687973,5.306052548341169,1881.8284773993212,1887.1345299476623,88.71345299476623,1905.3267576086798,0.9548088058055777,ACTIVE,True
933,short,5,2.5,1.0,1,2024-07-22 14:25:00,585170,58517,0.4312,588050,2024-07-23 14:25:00,TP,2.5,1845.5834950751891,12.5,0.002,230.69793688439864,230.52450509559776,230.52450509559776,1615.0589899795914,692.0938106531961,230.52450509559776,5.763112627389944,0.46104901019119554,5.3020636171987485,1887.1345299476623,1892.436593564861,89.24365935648608,1905.3267576086798,0.6765329879687925,ACTIVE,True
934,short,17,3.5,2.0,5,2024-07-22 19:30:00,585784,58578,0.14054,588664,2024-07-23 19:30:00,TP,3.5,1853.2022502414047,12.5,0.002,231.6502812801756,231.6502812801756,231.6502812801756,1614.7121264019872,1.1368683772161603e-13,238.4901238394175,8.107759844806147,0.4633005625603512,7.644459282245795,1892.436593564861,1900.0810528471068,90.00810528471068,1905.3267576086798,0.27531785509362094,ACTIVE,True
935,short,85,3.5,1.0,1,2024-07-22 20:35:00,585910,58591,0.4318,588790,2024-07-23 20:35:00,TP,3.5,1853.2022502414047,12.5,0.002,231.6502812801756,6.839842559241788,6.839842559241788,1846.362407682163,922.6183157487939,6.839842559241788,0.2393944895734626,0.013679685118483576,0.22571480445497902,1900.0810528471068,1900.3067676515618,90.03067676515619,1905.3267576086798,0.2634713409167915,ACTIVE,True
936,short,2,4.0,1.25,2,2024-07-23 04:40:00,586881,58688,31.52,589761,2024-07-24 04:40:00,TP,4.0,1881.8284773993212,12.5,0.002,235.22855967491515,235.22855967491515,235.22855967491515,699.7125658194118,1.1368683772161603e-13,1182.1159115799094,9.409142386996606,0.4704571193498303,8.938685267646775,1900.3067676515618,1909.2454529192087,90.92454529192086,1909.2454529192087,0.0,ACTIVE,True
937,short,2,4.0,1.25,2,2024-07-23 04:45:00,586891,58689,31.63,589771,2024-07-24 04:45:00,TP,4.0,1881.8284773993212,12.5,0.002,235.22855967491515,235.22855967491515,235.22855967491515,934.9411254943269,235.22855967491526,946.8873519049943,9.409142386996606,0.4704571193498303,8.938685267646775,1909.2454529192087,1918.1841381868555,91.81841381868556,1918.1841381868555,0.0,ACTIVE,True
938,short,9,2.5,1.5,2,2024-07-23 06:50:00,587141,58714,30.92,590021,2024-07-24 06:50:00,TP,2.5,1881.8284773993212,12.5,0.002,235.22855967491515,235.22855967491515,235.22855967491515,1170.169685169242,470.4571193498304,711.6587922300791,5.880713991872879,0.4704571193498303,5.410256872523049,1918.1841381868555,1923.5943950593785,92.35943950593786,1923.5943950593785,0.0,ACTIVE,True
939,short,36,8.0,2.5,8,2024-07-23 06:55:00,587157,58715,175.02,590037,2024-07-24 06:55:00,Time_288,0.6856359273226014,1881.8284773993212,12.5,0.002,235.22855967491515,235.22855967491515,235.22855967491515,1405.3982448441573,1.7053025658242404e-13,476.4302325551639,1.6128115164547032,0.4704571193498303,1.1423543971048729,1923.5943950593785,1924.7367494564833,92.47367494564833,1924.7367494564833,0.0,ACTIVE,True
940,short,39,8.0,3.0,5,2024-07-23 07:05:00,587174,58717,0.13371,590054,2024-07-24 07:05:00,Time_288,1.6752673696806462,1881.8284773993212,12.5,0.002,235.22855967491515,235.22855967491515,235.22855967491515,1640.6268045190725,231.6502812801757,241.20167288024868,3.9407073044036203,0.4704571193498303,3.47025018505379,1924.7367494564833,1928.206999641537,92.82069996415372,1928.206999641537,0.0,ACTIVE,True
941,short,66,3.5,1.0,9,2024-07-23 11:15:00,587678,58767,0.1322,590558,2024-07-24 11:15:00,SL,-1.0,1881.8284773993212,12.5,0.002,235.22855967491515,5.973113205333448,5.973113205333448,1875.8553641939877,5.684341886080802e-14,5.973113205333448,-0.059731132053334475,0.011946226410666895,-0.07167735846400138,1928.206999641537,1928.135322283073,92.81353222830731,1928.206999641537,0.003717306206096281,ACTIVE,True
942,short,85,3.5,1.0,1,2024-07-23 15:05:00,588130,58813,0.4197,591010,2024-07-24 15:05:00,TP,3.5,1892.436593564861,12.5,0.002,236.55457419560761,236.55457419560761,236.55457419560761,1420.6060354193248,6.839842559241902,471.8305581455361,8.279410096846266,0.47310914839121526,7.806300948455052,1928.135322283073,1935.9416232315282,93.5941623231528,1935.9416232315282,0.0,ACTIVE,True
943,short,16,3.0,1.0,2,2024-07-24 11:30:00,590581,59058,30.21,593461,2024-07-25 11:30:00,TP,3.0,1928.135322283073,12.5,0.002,241.01691528538413,241.01691528538413,241.01691528538413,236.55457419560568,1.7053025658242404e-13,1691.5807480874673,7.230507458561523,0.48203383057076826,6.748473627990755,1935.9416232315282,1942.690096859519,94.26900968595189,1942.690096859519,0.0,ACTIVE,True
944,short,29,5.0,1.0,2,2024-07-24 17:30:00,591301,59130,29.21,594181,2024-07-25 17:30:00,TP,5.0,1935.9416232315282,12.5,0.002,241.99270290394102,241.99270290394102,241.99270290394102,241.01691528538223,241.0169152853843,1694.9247079461459,12.099635145197052,0.4839854058078821,11.61564973938917,1942.690096859519,1954.3057465989082,95.43057465989082,1954.3057465989082,0.0,ACTIVE,True
945,short,59,3.0,1.75,6,2024-07-24 22:45:00,591935,59193,5.724,594815,2024-07-25 22:45:00,TP,3.0,1935.9416232315282,12.5,0.002,241.99270290394102,241.99270290394102,241.99270290394102,483.00961818932325,2.842170943040401e-14,1452.932005042205,7.25978108711823,0.4839854058078821,6.775795681310348,1954.3057465989082,1961.0815422802186,96.10815422802186,1961.0815422802186,0.0,ACTIVE,True
946,short,66,3.5,1.0,2,2024-07-24 23:10:00,591981,59198,28.39,594861,2024-07-25 23:10:00,TP,3.5,1935.9416232315282,12.5,0.002,241.99270290394102,241.99270290394102,241.99270290394102,725.0023210932643,483.00961818932535,1210.9393021382639,8.469744601637936,0.4839854058078821,7.985759195830054,1961.0815422802186,1969.0673014760487,96.90673014760488,1969.0673014760487,0.0,ACTIVE,True
947,short,39,8.0,3.0,7,2024-07-24 23:40:00,592046,59204,3331.54,594926,2024-07-25 23:40:00,Time_288,4.6594067608373315,1935.9416232315282,12.5,0.002,241.99270290394102,241.99270290394102,241.99270290394102,966.9950239972053,0.0,968.9465992343229,11.275424359839224,0.4839854058078821,10.791438954031342,1969.0673014760487,1979.85874043008,97.98587404300801,1979.85874043008,0.0,ACTIVE,True
948,short,38,2.0,1.5,4,2024-07-25 00:05:00,592093,59209,65434.02,594973,2024-07-26 00:05:00,TP,2.0,1935.9416232315282,12.5,0.002,241.99270290394102,241.99270290394102,241.99270290394102,1208.9877269011463,0.0,726.9538963303819,4.839854058078821,0.4839854058078821,4.355868652270939,1979.85874043008,1984.2146090823508,98.42146090823508,1984.2146090823508,0.0,ACTIVE,True
949,short,38,2.0,1.5,4,2024-07-25 00:10:00,592103,59210,65440.0,594983,2024-07-26 00:10:00,TP,2.0,1935.9416232315282,12.5,0.002,241.99270290394102,241.99270290394102,241.99270290394102,1450.9804298050874,241.99270290394102,484.9611934264408,4.839854058078821,0.4839854058078821,4.355868652270939,1984.2146090823508,1988.5704777346216,98.85704777346216,1988.5704777346216,0.0,ACTIVE,True
950,short,29,5.0,1.0,1,2024-07-25 03:05:00,592450,59245,0.3943,595330,2024-07-26 03:05:00,SL,-1.0,1935.9416232315282,12.5,0.002,241.99270290394102,241.99270290394102,241.99270290394102,1692.9731327090285,1.1368683772161603e-13,242.96849052249968,-2.4199270290394104,0.4839854058078821,-2.9039124348472924,1988.5704777346216,1985.6665652997742,98.56665652997742,1988.5704777346216,0.14603014916300608,ACTIVE,True
951,short,5,2.5,1.0,6,2024-07-25 14:00:00,593765,59376,5.695,596645,2024-07-26 14:00:00,TP,2.5,1942.690096859519,12.5,0.002,242.83626210743986,242.83626210743986,242.83626210743986,1693.9489203275855,241.99270290394105,248.74117653193343,6.070906552685997,0.4856725242148797,5.585234028471118,1985.6665652997742,1991.2517993282454,99.12517993282455,1991.2517993282454,0.0,ACTIVE,True
952,short,76,3.5,1.0,2,2024-07-25 23:45:00,594931,59493,27.24,597811,2024-07-26 23:45:00,SL,-1.0,1979.85874043008,12.5,0.002,247.48234255376,247.48234255376,247.48234255376,968.814370819261,1.7053025658242404e-13,1011.044369610819,-2.4748234255376,0.49496468510752,-2.96978811064512,1991.2517993282454,1988.2820112176003,98.82820112176003,1991.2517993282454,0.1491417665835635,ACTIVE,True
953,short,76,3.5,1.0,2,2024-07-25 23:55:00,594951,59495,27.23,597831,2024-07-26 23:55:00,SL,-1.0,1979.85874043008,12.5,0.002,247.48234255376,247.48234255376,247.48234255376,1216.296713373021,247.48234255376016,763.5620270570589,-2.4748234255376,0.49496468510752,-2.96978811064512,1988.2820112176003,1985.3122231069551,98.53122231069551,1991.2517993282454,0.298283533167127,ACTIVE,True
954,short,76,3.5,1.0,2,2024-07-26 00:00:00,594961,59496,27.2,597841,2024-07-27 00:00:00,SL,-1.0,1979.85874043008,12.5,0.002,247.48234255376,247.48234255376,247.48234255376,1463.779055926781,494.96468510752015,516.079684503299,-2.4748234255376,0.49496468510752,-2.96978811064512,1985.3122231069551,1982.34243499631,98.23424349963099,1991.2517993282454,0.44742529975069056,ACTIVE,True
955,short,81,6.0,1.5,2,2024-07-26 05:50:00,595661,59566,28.05,598541,2024-07-27 05:50:00,SL,-1.5,1985.6665652997742,12.5,0.002,248.20832066247178,248.20832066247178,248.20832066247178,985.2832897687177,742.4470276612801,1000.3832755310565,-3.7231248099370764,0.49641664132494356,-4.21954145126202,1982.34243499631,1978.1228935450479,97.81228935450478,1991.2517993282454,0.6593292615040749,ACTIVE,True
956,short,81,6.0,1.5,2,2024-07-26 06:00:00,595681,59568,28.07,598561,2024-07-27 06:00:00,SL,-1.5,1985.6665652997742,12.5,0.002,248.20832066247178,248.20832066247178,248.20832066247178,1233.4916104311894,990.6553483237519,752.1749548685848,-3.7231248099370764,0.49641664132494356,-4.21954145126202,1978.1228935450479,1973.9033520937858,97.39033520937859,1991.2517993282454,0.8712332232574593,ACTIVE,True
957,short,81,6.0,1.5,2,2024-07-26 06:05:00,595691,59569,28.18,598571,2024-07-27 06:05:00,SL,-1.5,1985.6665652997742,12.5,0.002,248.20832066247178,248.20832066247178,248.20832066247178,1481.6999310936612,1238.8636689862237,503.966634206113,-3.7231248099370764,0.49641664132494356,-4.21954145126202,1973.9033520937858,1969.6838106425237,96.96838106425236,1991.2517993282454,1.0831371850108436,ACTIVE,True
958,short,5,2.5,1.0,2,2024-07-26 10:25:00,596211,59621,27.93,599091,2024-07-27 10:25:00,SL,-1.0,1985.6665652997742,12.5,0.002,248.20832066247178,248.20832066247178,248.20832066247178,1729.908251756133,1487.0719896486955,255.75831354364118,-2.482083206624718,0.49641664132494356,-2.978499847949662,1969.6838106425237,1966.705310794574,96.6705310794574,1991.2517993282454,1.2327164521308789,ACTIVE,True
959,short,5,2.5,1.0,2,2024-07-26 10:30:00,596221,59622,27.97,599101,2024-07-27 10:30:00,SL,-1.0,1985.6665652997742,12.5,0.002,248.20832066247178,7.5499928811693735,7.5499928811693735,1978.1165724186048,1735.2803103111673,7.5499928811693735,-0.07549992881169373,0.015099985762338747,-0.09059991457403248,1966.705310794574,1966.6147108799998,96.66147108799998,1991.2517993282454,1.2372663495674903,ACTIVE,True
960,short,45,3.0,1.0,8,2024-07-28 06:30:00,601507,60150,181.98,604387,2024-07-29 06:30:00,SL,-1.0,1966.6147108799998,12.5,0.002,245.82683885999998,245.82683885999998,245.82683885999998,-1.9895196601282805e-12,1.7053025658242404e-13,1966.614710880002,-2.4582683886,0.49165367771999996,-2.94992206632,1966.6147108799998,1963.66478881368,96.366478881368,1991.2517993282454,1.3854104500431348,ACTIVE,True
961,short,56,2.5,1.25,4,2024-07-28 06:40:00,601523,60152,67484.01,604403,2024-07-29 06:40:00,SL,-1.25,1966.6147108799998,12.5,0.002,245.82683885999998,245.82683885999998,245.82683885999998,245.826838859998,0.0,1720.787872020002,-3.0728354857499998,0.49165367771999996,-3.5644891634699998,1963.66478881368,1960.10029965021,96.01002996502099,1991.2517993282454,1.564417904784541,ACTIVE,True
962,short,29,5.0,1.0,1,2024-07-28 16:00:00,602640,60264,0.4081,605520,2024-07-29 16:00:00,SL,-1.0,1966.6147108799998,12.5,0.002,245.82683885999998,245.82683885999998,245.82683885999998,491.653677719998,1.1368683772161603e-13,1474.961033160002,-2.4582683886,0.49165367771999996,-2.94992206632,1960.10029965021,1957.15037758389,95.71503775838902,1991.2517993282454,1.7125620052601855,ACTIVE,True
963,short,28,5.0,1.5,8,2024-07-29 07:35:00,604517,60451,192.43,607397,2024-07-30 07:35:00,TP,5.0,1960.10029965021,12.5,0.002,245.01253745627625,245.01253745627625,245.01253745627625,245.826838859998,1.7053025658242404e-13,1714.273460790212,12.250626872813813,0.4900250749125525,11.760601797901261,1957.15037758389,1968.9109793817913,96.89109793817914,1991.2517993282454,1.1219485126888933,ACTIVE,True
964,short,5,2.5,1.0,10,2024-07-29 07:45:00,604539,60453,0.6103,607419,2024-07-30 07:45:00,TP,2.5,1960.10029965021,12.5,0.002,245.01253745627625,245.01253745627625,245.01253745627625,490.83937631627424,2.8421709430404007e-13,1469.2609233339358,6.125313436406906,0.4900250749125525,5.635288361494354,1968.9109793817913,1974.5462677432856,97.45462677432857,1991.2517993282454,0.8389462141651514,ACTIVE,True
965,short,28,5.0,1.5,8,2024-07-29 08:25:00,604617,60461,191.89,607497,2024-07-30 08:25:00,TP,5.0,1960.10029965021,12.5,0.002,245.01253745627625,245.01253745627625,245.01253745627625,735.8519137725505,245.01253745627642,1224.2483858776595,12.250626872813813,0.4900250749125525,11.760601797901261,1974.5462677432856,1986.3068695411869,98.6306869541187,1991.2517993282454,0.24833272159385938,ACTIVE,True
966,short,4,6.0,2.5,8,2024-07-29 09:05:00,604697,60469,191.84,607577,2024-07-30 09:05:00,TP,6.0,1960.10029965021,12.5,0.002,245.01253745627625,245.01253745627625,245.01253745627625,980.8644512288267,490.02507491255267,979.2358484213833,14.700752247376574,0.4900250749125525,14.210727172464022,1986.3068695411869,2000.5175967136508,100.05175967136508,2000.5175967136508,0.0,ACTIVE,True
967,short,36,8.0,2.5,9,2024-07-29 13:30:00,605228,60522,0.1361,608108,2024-07-30 13:30:00,Time_288,0.7347538574577523,1960.10029965021,12.5,0.002,245.01253745627625,245.01253745627625,245.01253745627625,1225.876988685103,5.684341886080802e-14,734.223310965107,1.80023907021511,0.4900250749125525,1.3102139953025576,2000.5175967136508,2001.8278107089534,100.18278107089533,2001.8278107089534,0.0,ACTIVE,True
968,short,7,3.0,2.0,9,2024-07-29 13:40:00,605248,60524,0.1361,608128,2024-07-30 13:40:00,Time_288,0.9551800146950739,1960.10029965021,12.5,0.002,245.01253745627625,245.01253745627625,245.01253745627625,1470.8895261413793,245.0125374562763,489.2107735088307,2.340310791279633,0.4900250749125525,1.8502857163670805,2001.8278107089534,2003.6780964253205,100.36780964253205,2003.6780964253205,0.0,ACTIVE,True
969,short,65,2.5,1.25,1,2024-07-29 17:10:00,605660,60566,0.4124,608540,2024-07-30 17:10:00,TP,2.5,1957.15037758389,12.5,0.002,244.64379719798626,244.64379719798626,244.64379719798626,1470.0752247376556,1.1368683772161603e-13,487.07515284623446,6.116094929949657,0.4892875943959725,5.626807335553685,2003.6780964253205,2009.3049037608741,100.93049037608743,2009.3049037608741,0.0,ACTIVE,True
970,short,38,2.0,1.5,3,2024-07-29 18:25:00,605812,60581,577.5,608692,2024-07-30 18:25:00,Time_288,0.6233766233766272,1957.15037758389,12.5,0.002,244.64379719798626,242.4313556482482,242.4313556482482,1714.7190219356419,0.0,242.4313556482482,1.511260398846232,0.4848627112964964,1.0263976875497356,2009.3049037608741,2010.3313014484238,101.03313014484239,2010.3313014484238,0.0,ACTIVE,True
971,short,5,2.5,1.0,10,2024-07-30 09:45:00,607659,60765,0.6045,610539,2024-07-31 09:45:00,SL,-1.0,2000.5175967136508,12.5,0.002,250.06469958920636,250.06469958920636,250.06469958920636,977.100227758785,2.8421709430404007e-13,1023.4173689548659,-2.5006469958920636,0.5001293991784127,-3.0007763950704764,2010.3313014484238,2007.3305250533533,100.73305250533534,2010.3313014484238,0.1492677546685195,ACTIVE,True
972,short,5,2.5,1.0,8,2024-07-30 14:25:00,608217,60821,180.43,611097,2024-07-31 14:25:00,TP,2.5,2003.6780964253205,12.5,0.002,250.45976205316506,250.45976205316506,250.45976205316506,737.1398524354388,1.7053025658242404e-13,1266.5382439898817,6.261494051329127,0.5009195241063301,5.760574527222796,2007.3305250533533,2013.0910995805762,101.3091099580576,2013.0910995805762,0.0,ACTIVE,True
973,short,5,2.5,1.0,8,2024-07-30 14:30:00,608227,60822,181.01,611107,2024-07-31 14:30:00,TP,2.5,2003.6780964253205,12.5,0.002,250.45976205316506,250.45976205316506,250.45976205316506,987.5996144886038,250.45976205316524,1016.0784819367167,6.261494051329127,0.5009195241063301,5.760574527222796,2013.0910995805762,2018.851674107799,101.88516741077991,2018.851674107799,0.0,ACTIVE,True
974,short,5,2.5,1.0,8,2024-07-30 14:35:00,608237,60823,181.83,611117,2024-07-31 14:35:00,TP,2.5,2003.6780964253205,12.5,0.002,250.45976205316506,250.45976205316506,250.45976205316506,1238.0593765417689,500.9195241063303,765.6187198835516,6.261494051329127,0.5009195241063301,5.760574527222796,2018.851674107799,2024.6122486350218,102.46122486350218,2024.6122486350218,0.0,ACTIVE,True
975,short,4,6.0,2.5,7,2024-07-30 16:35:00,608476,60847,3322.06,611356,2024-07-31 16:35:00,Time_288,0.7754224788233736,2003.6780964253205,12.5,0.002,250.45976205316506,250.45976205316506,250.45976205316506,1488.519138594934,0.0,515.1589578303865,1.9421212953677758,0.5009195241063301,1.4412017712614458,2024.6122486350218,2026.0534504062832,102.60534504062831,2026.0534504062832,0.0,ACTIVE,True
976,short,42,8.0,2.5,5,2024-07-30 21:15:00,609034,60903,0.12468,611914,2024-07-31 21:15:00,Time_288,1.8206608918832166,2010.3313014484238,12.5,0.002,251.29141268105298,251.29141268105298,251.29141268105298,1251.9037478018647,8.526512829121202e-14,758.4275536465591,4.575164475344794,0.502582825362106,4.072581649982688,2026.0534504062832,2030.126032056266,103.01260320562662,2030.126032056266,0.0,ACTIVE,True
977,short,85,3.5,1.0,2,2024-07-31 01:35:00,609551,60955,26.43,612431,2024-08-01 01:35:00,SL,-1.0,2010.3313014484238,12.5,0.002,251.29141268105298,251.29141268105298,251.29141268105298,1503.1951604829178,2.8421709430404007e-13,507.136140965506,-2.51291412681053,0.502582825362106,-3.015496952172636,2030.126032056266,2027.1105351040933,102.71105351040934,2030.126032056266,0.1485374259803171,ACTIVE,True
978,short,52,2.5,2.0,9,2024-07-31 03:30:00,609788,60978,0.1311,612668,2024-08-01 03:30:00,Time_288,1.8306636155606297,2010.3313014484238,12.5,0.002,251.29141268105298,251.29141268105298,251.29141268105298,1754.4865731639707,5.684341886080802e-14,255.84472828445314,4.600300460980347,0.502582825362106,4.097717635618241,2027.1105351040933,2031.2082527397115,103.12082527397112,2031.2082527397115,0.0,ACTIVE,True
979,short,35,8.0,3.0,8,2024-07-31 07:30:00,610267,61026,183.2,613147,2024-08-01 07:30:00,TP,8.0,2010.3313014484238,12.5,0.002,251.29141268105298,4.553315603400279,4.553315603400279,2005.7779858450235,751.3792861594953,4.553315603400279,0.3642652482720223,0.009106631206800558,0.3551586170652217,2031.2082527397115,2031.5634113567767,103.15634113567769,2031.5634113567767,0.0,ACTIVE,True
980,short,65,2.5,1.25,5,2024-07-31 12:20:00,610844,61084,0.12557,613724,2024-08-01 12:20:00,SL,-1.25,2007.3305250533533,12.5,0.002,250.91631563166916,247.0639231941359,247.0639231941359,1760.2666018592174,251.29141268105306,247.0639231941359,-3.088299039926699,0.4941278463882718,-3.5824268863149706,2031.5634113567767,2027.9809844704616,102.79809844704614,2031.5634113567767,0.17633842322069165,ACTIVE,True
981,short,52,2.5,2.0,9,2024-07-31 17:25:00,611458,61145,0.13,614338,2024-08-01 17:25:00,Time_288,2.1538461538461515,2026.0534504062832,12.5,0.002,253.2566813007854,253.2566813007854,253.2566813007854,1005.4914768406928,251.29141268105303,1020.5619735655904,5.454759289555373,0.5065133626015708,4.948245926953802,2027.9809844704616,2032.9292303974155,103.29292303974155,2032.9292303974155,0.0,ACTIVE,True
982,short,52,2.5,2.0,9,2024-07-31 17:30:00,611468,61146,0.13,614348,2024-08-01 17:30:00,Time_288,2.1538461538461515,2026.0534504062832,12.5,0.002,253.2566813007854,253.2566813007854,253.2566813007854,1258.7481581414781,504.5480939818384,767.3052922648051,5.454759289555373,0.5065133626015708,4.948245926953802,2032.9292303974155,2037.8774763243694,103.78774763243692,2037.8774763243694,0.0,ACTIVE,True
983,short,52,2.5,2.0,9,2024-07-31 17:40:00,611488,61148,0.1301,614368,2024-08-01 17:40:00,Time_288,2.2290545734050626,2026.0534504062832,12.5,0.002,253.2566813007854,253.2566813007854,253.2566813007854,1512.0048394422636,757.8047752826238,514.0486109640196,5.645229636989042,0.5065133626015708,5.138716274387471,2037.8774763243694,2043.0161925987568,104.30161925987566,2043.0161925987568,0.0,ACTIVE,True
984,short,7,3.0,2.0,9,2024-07-31 17:55:00,611518,61151,0.13,614398,2024-08-01 17:55:00,Time_288,2.076923076923083,2026.0534504062832,12.5,0.002,253.2566813007854,253.2566813007854,253.2566813007854,1765.261520743049,1011.0614565834093,260.7919296632342,5.259946457785558,0.5065133626015708,4.753433095183987,2043.0161925987568,2047.7696256939407,104.77696256939409,2047.7696256939407,0.0,ACTIVE,True
985,short,5,2.5,1.0,3,2024-07-31 20:20:00,611802,61180,578.1,614682,2024-08-01 20:20:00,TP,2.5,2026.0534504062832,12.5,0.002,253.2566813007854,7.535248362448783,7.535248362448783,2018.5182020438344,0.0,7.535248362448783,0.18838120906121958,0.015070496724897567,0.173310712336322,2047.7696256939407,2047.942936406277,104.79429364062769,2047.942936406277,0.0,ACTIVE,True
986,short,19,6.0,1.75,3,2024-07-31 21:25:00,611932,61193,576.0,614812,2024-08-01 21:25:00,Time_288,0.6423611111111189,2030.126032056266,12.5,0.002,253.76575400703325,253.76575400703325,253.76575400703325,1774.7620377252301,7.535248362448783,255.36399433103588,1.6300925170590874,0.5075315080140665,1.1225610090450209,2047.942936406277,2049.065497415322,104.90654974153219,2049.065497415322,0.0,ACTIVE,True
987,short,29,5.0,1.0,3,2024-07-31 21:45:00,611972,61197,577.9,614852,2024-08-01 21:45:00,Time_288,0.8478975601315066,2030.126032056266,12.5,0.002,253.76575400703325,1.5982403240027452,1.5982403240027452,2028.5277917322633,261.30100236948203,1.5982403240027452,0.013551440712257164,0.0031964806480054902,0.010354960064251673,2049.065497415322,2049.0758523753866,104.90758523753865,2049.0758523753866,0.0,ACTIVE,True
988,short,6,8.0,3.0,8,2024-08-01 05:05:00,612857,61285,167.22,615737,2024-08-02 05:05:00,Time_288,1.5847386676234934,2031.2082527397115,12.5,0.002,253.90103159246394,253.90103159246394,253.90103159246394,1527.5432066941603,4.553315603400449,503.6650460455512,4.023667825140718,0.5078020631849279,3.5158657619557903,2049.0758523753866,2052.5917181373425,105.25917181373426,2052.5917181373425,0.0,ACTIVE,True
989,short,5,2.5,1.0,2,2024-08-01 15:30:00,614101,61410,24.59,616981,2024-08-02 15:30:00,SL,-1.0,2027.9809844704616,12.5,0.002,253.4976230588077,253.4976230588077,253.4976230588077,1529.826999489088,2.8421709430404007e-13,498.1539849813737,-2.534976230588077,0.5069952461176154,-3.0419714767056925,2052.5917181373425,2049.5497466606366,104.95497466606368,2052.5917181373425,0.14820148838300515,ACTIVE,True
990,short,5,2.5,1.0,2,2024-08-01 15:35:00,614111,61411,24.64,616991,2024-08-02 15:35:00,SL,-1.0,2027.9809844704616,12.5,0.002,253.4976230588077,244.65636192256602,244.65636192256602,1783.3246225478956,253.497623058808,244.65636192256602,-2.4465636192256603,0.489312723845132,-2.9358763430707926,2049.5497466606366,2046.613870317566,104.66138703175658,2052.5917181373425,0.29123413911078555,ACTIVE,True
991,short,19,6.0,1.75,3,2024-08-01 17:30:00,614342,61434,558.1,617222,2024-08-02 17:30:00,SL,-1.75,2032.9292303974155,12.5,0.002,254.11615379967694,254.11615379967694,254.11615379967694,1774.7243031696762,262.8992426934848,258.2049272277393,-4.447032691494347,0.5082323075993539,-4.955264999093701,2046.613870317566,2041.6586053184722,104.16586053184722,2052.5917181373425,0.5326491733481096,ACTIVE,True
992,short,62,5.0,1.0,2,2024-08-01 17:40:00,614361,61436,24.37,617241,2024-08-02 17:40:00,SL,-1.0,2037.8774763243694,12.5,0.002,254.73468454054617,254.73468454054617,254.73468454054617,1775.5837756685678,498.15398498137404,262.29370065580156,-2.5473468454054617,0.5094693690810923,-3.0568162144865543,2041.6586053184722,2038.6017891039855,103.86017891039856,2052.5917181373425,0.6815738809495108,ACTIVE,True
993,short,19,6.0,1.75,8,2024-08-01 17:55:00,614397,61439,162.24,617277,2024-08-02 17:55:00,SL,-1.75,2043.0161925987568,12.5,0.002,255.3770240748446,255.3770240748446,255.3770240748446,1777.0617789083285,253.9010315924641,265.9544136904283,-4.469097921309781,0.5107540481496892,-4.97985196945947,2038.6017891039855,2033.621937134526,103.36219371345261,2052.5917181373425,0.9241867652097381,ACTIVE,True
994,short,67,3.5,2.5,5,2024-08-01 19:25:00,614574,61457,0.1146,617454,2024-08-02 19:25:00,SL,-2.5,2047.7696256939407,12.5,0.002,255.9712032117426,255.9712032117426,255.9712032117426,1779.1821216823876,1.1368683772161603e-13,268.58750401155316,-6.399280080293565,0.5119424064234852,-6.91122248671705,2033.621937134526,2026.710714647809,102.6710714647809,2052.5917181373425,1.260893886535778,ACTIVE,True
995,short,83,8.0,3.0,7,2024-08-02 00:05:00,615136,61513,3202.31,618016,2024-08-03 00:05:00,Time_288,6.4178671021856095,2049.0758523753866,12.5,0.002,256.1344815469233,256.1344815469233,256.1344815469233,1772.2540822006454,0.0,276.82177017474123,16.438370628553663,0.5122689630938466,15.926101665459816,2026.710714647809,2042.6368163132688,104.26368163132689,2052.5917181373425,0.48499181479244174,ACTIVE,True
996,short,5,2.5,1.0,8,2024-08-02 12:35:00,616637,61663,163.49,619517,2024-08-03 12:35:00,SL,-1.0,2052.5917181373425,12.5,0.002,256.5739647671678,256.5739647671678,256.5739647671678,1774.4875321551049,255.37702407484477,278.1041859822376,-2.5657396476716783,0.5131479295343356,-3.078887577206014,2042.6368163132688,2039.5579287360629,103.9557928736063,2052.5917181373425,0.6349918147924378,ACTIVE,True
997,short,5,2.5,1.0,8,2024-08-02 12:40:00,616647,61664,162.56,619527,2024-08-03 12:40:00,SL,-1.0,2052.5917181373425,12.5,0.002,256.5739647671678,21.530221215069787,21.530221215069787,2031.0614969222727,511.9509888420126,21.530221215069787,-0.21530221215069786,0.043060442430139574,-0.25836265458083746,2039.5579287360629,2039.299566081482,103.92995660814819,2052.5917181373425,0.6475789577833164,ACTIVE,True
998,short,63,6.0,2.5,4,2024-08-02 16:20:00,617083,61708,63318.01,619963,2024-08-03 16:20:00,Time_288,4.292617534884624,2046.613870317566,12.5,0.002,255.82673378969574,255.82673378969574,255.82673378969574,1554.4377331559688,0.0,492.1761371615971,10.981663233579084,0.5116534675793915,10.470009765999693,2039.299566081482,2049.7695758474815,104.97695758474816,2052.5917181373425,0.13749165335334917,ACTIVE,True
999,short,23,2.5,2.0,4,2024-08-02 16:25:00,617093,61709,63092.02,619973,2024-08-03 16:25:00,TP,2.5,2046.613870317566,12.5,0.002,255.82673378969574,236.34940337190142,236.34940337190142,1810.2644669456645,255.82673378969574,236.34940337190142,5.908735084297536,0.4726988067438028,5.436036277553733,2049.7695758474815,2055.2056121250353,105.52056121250351,2055.2056121250353,0.0,ACTIVE,True
1000,short,52,2.5,2.0,9,2024-08-02 17:30:00,617228,61722,0.1237,620108,2024-08-03 17:30:00,Time_288,-1.0509296685529472,2041.6586053184722,12.5,0.002,255.20732566480902,249.16088880058328,249.16088880058328,1792.4977165178889,0.0,249.16088880058328,-2.6185057028355474,0.4983217776011666,-3.116827480436714,2055.2056121250353,2052.0887846445985,105.20887846445986,2055.2056121250353,0.15165526320327827,ACTIVE,True
1001,short,21,3.5,1.0,8,2024-08-02 21:40:00,617727,61772,154.51,620607,2024-08-03 21:40:00,TP,3.5,2026.710714647809,12.5,0.002,253.33883933097613,253.33883933097613,253.33883933097613,1275.5756934913388,278.1041859822377,751.1350211564702,8.866859376584165,0.5066776786619522,8.360181697922211,2052.0887846445985,2060.4489663425206,106.04489663425207,2060.4489663425206,0.0,ACTIVE,True
1002,short,21,3.5,1.0,6,2024-08-02 21:45:00,617735,61773,5.118,620615,2024-08-03 21:45:00,SL,-1.0,2026.710714647809,12.5,0.002,253.33883933097613,253.33883933097613,253.33883933097613,1528.9145328223149,0.0,497.79618182549416,-2.533388393309761,0.5066776786619522,-3.0400660719717134,2060.4489663425206,2057.408900270549,105.74089002705489,2060.4489663425206,0.14754386648886092,ACTIVE,True
1003,short,8,5.0,3.0,2,2024-08-02 22:45:00,617851,61785,23.56,620731,2024-08-03 22:45:00,TP,5.0,2026.710714647809,12.5,0.002,253.33883933097613,244.45734249451812,244.45734249451812,1782.253372153291,3.126388037344441e-13,244.45734249451812,12.222867124725907,0.48891468498903623,11.733952439736871,2057.408900270549,2069.142852710286,106.91428527102862,2069.142852710286,0.0,ACTIVE,True
1004,short,1,8.0,3.0,1,2024-08-03 16:00:00,619920,61992,0.3589,622800,2024-08-04 16:00:00,Time_288,3.538590136528278,2039.299566081482,12.5,0.002,254.91244576018525,254.91244576018525,254.91244576018525,1492.472047118648,1.1368683772161603e-13,546.8275189628339,9.020306662452912,0.5098248915203705,8.510481770932541,2069.142852710286,2077.6533344812187,107.7653334481219,2077.6533344812187,0.0,ACTIVE,True
1005,short,1,8.0,3.0,2,2024-08-03 16:00:00,619921,61992,23.29,622801,2024-08-04 16:00:00,Time_288,7.428080721339633,2039.299566081482,12.5,0.002,254.91244576018525,254.91244576018525,254.91244576018525,1747.3844928788333,244.45734249451843,291.9150732026487,18.93510223980767,0.5098248915203705,18.4252773482873,2077.6533344812187,2096.078611829506,109.6078611829506,2096.078611829506,0.0,ACTIVE,True
1006,short,1,8.0,3.0,6,2024-08-03 16:00:00,619925,61992,5.046,622805,2024-08-04 16:00:00,Time_288,6.916369401506146,2039.299566081482,12.5,0.002,254.91244576018525,37.00262744246356,37.00262744246356,2002.2969386390184,253.33883933097613,37.00262744246356,2.5592384021838663,0.07400525488492712,2.4852331472989393,2096.078611829506,2098.563844976805,109.8563844976805,2098.563844976805,0.0,ACTIVE,True
1007,short,1,8.0,3.0,6,2024-08-03 16:20:00,619965,61996,4.987,622845,2024-08-04 16:20:00,Time_288,5.795067174654094,2049.7695758474815,12.5,0.002,256.2211969809352,256.2211969809352,256.2211969809352,1783.4728322917863,290.3414667734397,266.29674355569523,14.848190480747983,0.5124423939618704,14.335748086786111,2098.563844976805,2112.899593063591,111.28995930635912,2112.899593063591,0.0,ACTIVE,True
1008,short,5,2.5,1.0,1,2024-08-03 16:20:00,619960,61996,0.3544,622840,2024-08-04 16:20:00,SL,-1.0,2049.7695758474815,12.5,0.002,256.2211969809352,10.075546574759983,10.075546574759983,2039.6940292727215,254.91244576018536,10.075546574759983,-0.10075546574759983,0.020151093149519968,-0.12090655889711979,2112.899593063591,2112.7786865046937,111.27786865046936,2112.899593063591,0.005722304992355254,ACTIVE,True
1009,short,1,8.0,3.0,6,2024-08-03 16:25:00,619975,61997,5.03,622855,2024-08-04 16:25:00,Time_288,6.54075546719683,2055.2056121250353,12.5,0.002,256.9007015156294,241.78543964945516,241.78543964945516,1813.42017247558,546.5626637543749,241.78543964945516,15.814594362757632,0.48357087929891035,15.331023483458722,2112.7786865046937,2128.1097099881526,112.81097099881525,2128.1097099881526,0.0,ACTIVE,True
1010,short,12,3.5,1.25,7,2024-08-03 18:25:00,620216,62021,2910.7,623096,2024-08-04 18:25:00,TP,3.5,2052.0887846445985,12.5,0.002,256.5110980805748,246.0440613201465,246.0440613201465,1806.044723324452,0.0,246.0440613201465,8.611542146205128,0.49208812264029306,8.119454023564835,2128.1097099881526,2136.2291640117173,113.62291640117172,2136.2291640117173,0.0,ACTIVE,True
1011,short,28,5.0,1.5,7,2024-08-03 23:05:00,620776,62077,2904.47,623656,2024-08-04 23:05:00,TP,5.0,2069.142852710286,12.5,0.002,258.6428565887858,258.6428565887858,258.6428565887858,1300.9537634881283,246.0440613201465,768.1890892221579,12.93214282943929,0.5172857131775715,12.414857116261718,2136.2291640117173,2148.644021127979,114.86440211279793,2148.644021127979,0.0,ACTIVE,True
1012,short,73,8.0,3.0,7,2024-08-03 23:20:00,620806,62080,2910.2,623686,2024-08-04 23:20:00,TP,8.0,2069.142852710286,12.5,0.002,258.6428565887858,258.6428565887858,258.6428565887858,1559.596620076914,504.6869179089323,509.54623263337226,20.69142852710286,0.5172857131775715,20.17414281392529,2148.644021127979,2168.8181639419045,116.88181639419044,2168.8181639419045,0.0,ACTIVE,True
1013,short,61,8.0,1.5,6,2024-08-04 08:55:00,621955,62195,4.973,624835,2024-08-05 08:55:00,TP,8.0,2069.142852710286,12.5,0.002,258.6428565887858,250.90337604458637,250.90337604458637,1818.2394766656998,535.0092640728539,250.90337604458637,20.07227008356691,0.5018067520891727,19.570463331477736,2168.8181639419045,2188.388627273382,118.8388627273382,2188.388627273382,0.0,ACTIVE,True
1014,short,36,8.0,2.5,9,2024-08-04 16:15:00,622838,62283,0.1269,625718,2024-08-05 16:15:00,Time_288,3.782505910165494,2098.563844976805,12.5,0.002,262.3204806221006,262.3204806221006,262.3204806221006,1522.3153337474523,0.0,576.2485112293525,9.922287683105486,0.5246409612442012,9.397646721861285,2188.388627273382,2197.7862739952434,119.77862739952431,2197.7862739952434,0.0,ACTIVE,True
1015,short,34,2.0,2.0,8,2024-08-04 18:05:00,623057,62305,136.61,625937,2024-08-05 18:05:00,SL,-2.0,2128.1097099881526,12.5,0.002,266.0137137485191,266.0137137485191,266.0137137485191,1276.5536311644025,1.4210854715202004e-13,851.5560788237501,-5.320274274970382,0.5320274274970381,-5.85230170246742,2197.7862739952434,2191.933972292776,119.19339722927762,2197.7862739952434,0.26628165676131144,ACTIVE,True
1016,short,48,5.0,2.5,7,2024-08-04 19:10:00,623186,62318,2732.66,626066,2024-08-05 19:10:00,TP,5.0,2136.2291640117173,12.5,0.002,267.02864550146467,267.02864550146467,267.02864550146467,1296.5232835927752,517.2857131775716,839.7058804189421,13.351432275073234,0.5340572910029293,12.817374984070305,2191.933972292776,2204.7513472768464,120.47513472768463,2204.7513472768464,0.0,ACTIVE,True
1017,short,67,3.5,2.5,7,2024-08-04 19:20:00,623206,62320,2758.63,626086,2024-08-05 19:20:00,TP,3.5,2136.2291640117173,12.5,0.002,267.02864550146467,267.02864550146467,267.02864550146467,1563.5519290942398,784.3143586790362,572.6772349174776,9.346002592551264,0.5340572910029293,8.811945301548334,2204.7513472768464,2213.563292578395,121.3563292578395,2213.563292578395,0.0,ACTIVE,True
1018,short,19,6.0,1.75,5,2024-08-05 02:55:00,624114,62411,0.09336,626994,2024-08-06 02:55:00,TP,6.0,2168.8181639419045,12.5,0.002,271.10227049273806,271.10227049273806,271.10227049273806,1313.2948614181328,1.1368683772161603e-13,855.5233025237717,16.26613622956428,0.5422045409854761,15.723931688578805,2213.563292578395,2229.2872242669737,122.92872242669736,2229.2872242669737,0.0,ACTIVE,True
1019,short,32,5.0,1.25,1,2024-08-05 02:55:00,624110,62411,0.3136,626990,2024-08-06 02:55:00,TP,5.0,2168.8181639419045,12.5,0.002,271.10227049273806,271.10227049273806,271.10227049273806,1584.397131910871,1.4210854715202004e-13,584.4210320310335,13.555113524636903,0.5422045409854761,13.012908983651426,2229.2872242669737,2242.300133250625,124.23001332506249,2242.300133250625,0.0,ACTIVE,True
1020,short,32,5.0,1.25,10,2024-08-05 02:55:00,624119,62411,0.4777,626999,2024-08-06 02:55:00,TP,5.0,2168.8181639419045,12.5,0.002,271.10227049273806,271.10227049273806,271.10227049273806,1855.499402403609,2.8421709430404007e-13,313.31876153829535,13.555113524636903,0.5422045409854761,13.012908983651426,2242.300133250625,2255.3130422342765,125.53130422342767,2255.3130422342765,0.0,ACTIVE,True
1021,short,19,6.0,1.75,7,2024-08-05 03:00:00,624126,62412,2316.04,627006,2024-08-06 03:00:00,TP,6.0,2168.8181639419045,12.5,0.002,271.10227049273806,42.21649104555718,42.21649104555718,2126.6016728963473,534.0572910029293,42.21649104555718,2.5329894627334304,0.08443298209111436,2.448556480642316,2255.3130422342765,2257.761598714919,125.77615987149188,2257.761598714919,0.0,ACTIVE,True
1022,short,91,2.0,1.0,6,2024-08-05 22:10:00,626425,62642,4.197,629305,2024-08-06 22:10:00,SL,-1.0,2213.563292578395,12.5,0.002,276.69541157229935,276.69541157229935,276.69541157229935,855.5233025237691,0.0,1358.0399900546258,-2.7669541157229935,0.5533908231445988,-3.320344938867592,2257.761598714919,2254.4412537760513,125.44412537760512,2257.761598714919,0.14706357574499357,ACTIVE,True
1023,short,87,5.0,3.0,10,2024-08-06 01:35:00,626839,62683,0.5063,629719,2024-08-07 01:35:00,Time_288,0.07900454276120007,2213.563292578395,12.5,0.002,276.69541157229935,276.69541157229935,276.69541157229935,1132.2187140960684,271.10227049273834,1081.3445784823264,0.21860194475391576,0.5533908231445988,-0.334788878390683,2254.4412537760513,2254.1064648976608,125.4106464897661,2257.761598714919,0.16189192957035367,ACTIVE,True
1024,short,31,2.5,2.0,2,2024-08-06 15:40:00,628521,62852,20.95,631401,2024-08-07 15:40:00,SL,-2.0,2257.761598714919,12.5,0.002,282.22019983936485,282.22019983936485,282.22019983936485,553.3908231445964,3.126388037344441e-13,1704.3707755703224,-5.644403996787297,0.5644403996787297,-6.208844396466026,2254.1064648976608,2247.8976205011945,124.78976205011945,2257.761598714919,0.4368919295703634,ACTIVE,True
1025,short,5,2.5,1.0,1,2024-08-07 04:45:00,630090,63009,0.337,632970,2024-08-08 04:45:00,SL,-1.0,2254.1064648976608,12.5,0.002,281.7633081122076,281.7633081122076,281.7633081122076,282.2201998393625,1.1368683772161603e-13,1971.8862650582982,-2.817633081122076,0.5635266162244152,-3.381159697346491,2247.8976205011945,2244.516460803848,124.45164608038479,2257.761598714919,0.586649091676006,ACTIVE,True
1026,short,44,3.0,1.0,6,2024-08-07 12:10:00,630985,63098,4.541,633865,2024-08-08 12:10:00,TP,3.0,2254.1064648976608,12.5,0.002,281.7633081122076,281.7633081122076,281.7633081122076,563.9835079515701,0.0,1690.1229569460907,8.452899243366227,0.5635266162244152,7.889372627141812,2244.516460803848,2252.40583343099,125.240583343099,2257.761598714919,0.2372157134295067,ACTIVE,True
1027,short,1,8.0,3.0,2,2024-08-07 12:15:00,630991,63099,21.05,633871,2024-08-08 12:15:00,Time_288,2.6603325415677066,2254.1064648976608,12.5,0.002,281.7633081122076,281.7633081122076,281.7633081122076,845.7468160637777,282.22019983936514,1408.359648833883,7.495840975906741,0.5635266162244152,6.932314359682326,2252.40583343099,2259.3381477906723,125.93381477906722,2259.3381477906723,0.0,ACTIVE,True
1028,short,44,3.0,1.0,6,2024-08-07 12:15:00,630995,63099,4.561,633875,2024-08-08 12:15:00,TP,3.0,2254.1064648976608,12.5,0.002,281.7633081122076,281.7633081122076,281.7633081122076,1127.5101241759853,281.7633081122076,1126.5963407216755,8.452899243366227,0.5635266162244152,7.889372627141812,2259.3381477906723,2267.227520417814,126.72275204178138,2267.227520417814,0.0,ACTIVE,True
1029,short,12,3.5,1.25,7,2024-08-07 19:20:00,631846,63184,2355.03,634726,2024-08-08 19:20:00,SL,-1.25,2247.8976205011945,12.5,0.002,280.9872025626493,280.9872025626493,280.9872025626493,1127.053232448828,0.0,1120.8443880523664,-3.5123400320331166,0.5619744051252986,-4.0743144371584155,2267.227520417814,2263.1532059806555,126.31532059806557,2267.227520417814,0.17970470102655423,ACTIVE,True
1030,short,62,5.0,1.0,3,2024-08-07 19:55:00,631912,63191,472.3,634792,2024-08-08 19:55:00,SL,-1.0,2247.8976205011945,12.5,0.002,280.9872025626493,280.9872025626493,280.9872025626493,1408.0404350114775,0.0,839.857185489717,-2.8098720256264933,0.5619744051252986,-3.371846430751792,2263.1532059806555,2259.7813595499038,125.97813595499039,2267.227520417814,0.3284258329105887,ACTIVE,True
1031,short,39,8.0,3.0,3,2024-08-07 20:05:00,631932,63193,471.5,634812,2024-08-08 20:05:00,SL,-3.0,2247.8976205011945,12.5,0.002,280.9872025626493,280.9872025626493,280.9872025626493,1689.0276375741269,280.9872025626493,558.8699829270677,-8.42961607687948,0.5619744051252986,-8.991590482004778,2259.7813595499038,2250.7897690678988,125.07897690678989,2267.227520417814,0.7250155179347008,ACTIVE,True
1032,short,95,2.5,1.0,7,2024-08-08 03:20:00,632806,63280,2452.0,635686,2024-08-09 03:20:00,SL,-1.0,2247.8976205011945,12.5,0.002,280.9872025626493,277.8827803644183,277.8827803644183,1970.0148401367762,280.9872025626493,277.8827803644183,-2.778827803644183,0.5557655607288366,-3.3345933643730197,2250.7897690678988,2247.4551757035256,124.74551757035255,2267.227520417814,0.8720935387483624,ACTIVE,True
1033,short,5,2.5,1.0,8,2024-08-08 08:05:00,633377,63337,153.93,636257,2024-08-09 08:05:00,SL,-1.0,2244.516460803848,12.5,0.002,280.564557600481,278.38214841486115,278.38214841486115,1966.134312388987,1.1368683772161603e-13,278.38214841486115,-2.7838214841486115,0.5567642968297223,-3.340585780978334,2247.4551757035256,2244.114589922547,124.4114589922547,2267.227520417814,1.0194358654841835,ACTIVE,True
1034,short,74,8.0,2.5,2,2024-08-08 17:10:00,634461,63446,21.99,637341,2024-08-09 17:10:00,SL,-2.5,2267.227520417814,12.5,0.002,283.40344005222676,283.40344005222676,283.40344005222676,1399.2265364672253,2.8421709430404007e-13,868.0009839505888,-7.085086001305669,0.5668068801044536,-7.651892881410123,2244.114589922547,2236.462697041137,123.64626970411368,2267.227520417814,1.3569358654841903,ACTIVE,True
1035,short,5,2.5,1.0,8,2024-08-08 17:45:00,634537,63453,157.14,637417,2024-08-09 17:45:00,SL,-1.0,2267.227520417814,12.5,0.002,283.40344005222676,283.40344005222676,283.40344005222676,1682.6299765194522,278.38214841486126,584.5975438983619,-2.8340344005222677,0.5668068801044536,-3.400841280626721,2236.462697041137,2233.0618557605103,123.30618557605102,2267.227520417814,1.5069358654841822,ACTIVE,True
1036,short,66,3.5,1.0,2,2024-08-08 17:45:00,634531,63453,21.85,637411,2024-08-09 17:45:00,SL,-1.0,2267.227520417814,12.5,0.002,283.40344005222676,283.40344005222676,283.40344005222676,1966.033416571679,283.40344005222704,301.194103846135,-2.8340344005222677,0.5668068801044536,-3.400841280626721,2233.0618557605103,2229.6610144798838,122.96610144798836,2267.227520417814,1.6569358654841744,ACTIVE,True
1037,short,66,3.5,1.0,2,2024-08-08 17:50:00,634541,63454,21.86,637421,2024-08-09 17:50:00,SL,-1.0,2267.227520417814,12.5,0.002,283.40344005222676,17.790663793908152,17.790663793908152,2249.436856623906,566.8068801044537,17.790663793908152,-0.1779066379390815,0.035581327587816305,-0.2134879655268978,2229.6610144798838,2229.447526514357,122.94475265143569,2267.227520417814,1.6663521222825872,ACTIVE,True
1038,short,78,2.5,2.0,7,2024-08-09 00:30:00,635346,63534,2693.01,638226,2024-08-10 00:30:00,TP,2.5,2250.7897690678988,12.5,0.002,281.34872113348735,281.34872113348735,281.34872113348735,1424.265912729866,277.88278036441835,826.5238563380328,7.033718028337184,0.5626974422669747,6.471020586070209,2229.447526514357,2235.918547100427,123.5918547100427,2267.227520417814,1.380936541896652,ACTIVE,True
1039,short,17,3.5,2.0,6,2024-08-09 01:55:00,635515,63551,4.862,638395,2024-08-10 01:55:00,Time_288,2.097902097902104,2250.7897690678988,12.5,0.002,281.34872113348735,281.34872113348735,281.34872113348735,1705.6146338633532,0.0,545.1751352045455,5.902420723080172,0.5626974422669747,5.339723280813197,2235.918547100427,2241.2582703812404,124.12582703812403,2267.227520417814,1.1454187902495065,ACTIVE,True
1040,short,1,8.0,3.0,2,2024-08-09 04:50:00,635861,63586,21.77,638741,2024-08-10 04:50:00,Time_288,1.423977951309135,2247.4551757035256,12.5,0.002,280.9318969629407,280.9318969629407,280.9318969629407,1709.0805746324222,584.5975438983619,538.3746010711034,4.000408270946773,0.5618637939258814,3.4385444770208915,2241.2582703812404,2244.6968148582614,124.46968148582616,2267.227520417814,0.9937558254144953,ACTIVE,True
1041,short,1,8.0,3.0,2,2024-08-09 04:55:00,635871,63587,21.72,638751,2024-08-10 04:55:00,Time_288,0.9668508287292694,2247.4551757035256,12.5,0.002,280.9318969629407,257.4427041081626,257.4427041081626,1990.012471595363,865.5294408613026,257.4427041081626,2.489086918172811,0.5148854082163252,1.9742015099564858,2244.6968148582614,2246.671016368218,124.6671016368218,2267.227520417814,0.906680245563004,ACTIVE,True
1042,short,66,3.5,1.0,9,2024-08-09 10:25:00,636538,63653,0.1268,639418,2024-08-10 10:25:00,SL,-1.0,2244.114589922547,12.5,0.002,280.5143237403184,275.0415626338827,275.0415626338827,1969.0730272886644,0.0,275.0415626338827,-2.750415626338827,0.5500831252677654,-3.3004987516065922,2246.671016368218,2243.3705176166113,124.33705176166114,2267.227520417814,1.0522544643779843,ACTIVE,True
1043,short,66,3.5,1.0,9,2024-08-10 07:30:00,639068,63906,0.1288,641948,2024-08-11 07:30:00,Time_288,-0.07763975155278648,2246.671016368218,12.5,0.002,280.8338770460272,280.8338770460272,280.8338770460272,275.0415626338804,275.0415626338827,1971.6294537343374,-0.21803872441459338,0.5616677540920545,-0.7797064785066479,2243.3705176166113,2242.5908111381045,124.25908111381045,2267.227520417814,1.0866447702244442,ACTIVE,True
1044,short,66,3.5,1.0,9,2024-08-10 07:35:00,639078,63907,0.1289,641958,2024-08-11 07:35:00,Time_288,-0.07757951900699515,2246.671016368218,12.5,0.002,280.8338770460272,280.8338770460272,280.8338770460272,555.8754396799077,555.87543967991,1690.7955766883101,-0.2178695710210041,0.5616677540920545,-0.7795373251130586,2242.5908111381045,2241.8112738129917,124.18112738129916,2267.227520417814,1.1210276152672398,ACTIVE,True
1045,short,66,3.5,1.0,9,2024-08-10 07:55:00,639118,63911,0.1288,641998,2024-08-11 07:55:00,Time_288,-0.07763975155278648,2246.671016368218,12.5,0.002,280.8338770460272,280.8338770460272,280.8338770460272,836.709316725935,836.7093167259372,1409.9616996422828,-0.21803872441459338,0.5616677540920545,-0.7797064785066479,2241.8112738129917,2241.031567334485,124.10315673344847,2267.227520417814,1.1554179211136997,ACTIVE,True
1046,short,66,3.5,1.0,9,2024-08-10 08:15:00,639158,63915,0.1287,642038,2024-08-11 08:15:00,Time_288,-0.07770007770006913,2246.671016368218,12.5,0.002,280.8338770460272,280.8338770460272,280.8338770460272,1117.5431937719623,1117.5431937719645,1129.1278225962556,-0.21820814067287977,0.5616677540920545,-0.7798758947649342,2241.031567334485,2240.2516914397197,124.025169143972,2267.227520417814,1.1898156993579154,ACTIVE,True
1047,short,66,3.5,1.0,9,2024-08-10 08:20:00,639168,63916,0.1287,642048,2024-08-11 08:20:00,Time_288,-0.07770007770006913,2246.671016368218,12.5,0.002,280.8338770460272,280.8338770460272,280.8338770460272,1398.3770708179895,1398.3770708179918,848.2939455502283,-0.21820814067287977,0.5616677540920545,-0.7798758947649342,2240.2516914397197,2239.4718155449546,123.94718155449547,2267.227520417814,1.2242134776021314,ACTIVE,True
1048,short,66,3.5,1.0,9,2024-08-10 08:25:00,639178,63917,0.1287,642058,2024-08-11 08:25:00,Time_288,-0.07770007770006913,2246.671016368218,12.5,0.002,280.8338770460272,280.8338770460272,280.8338770460272,1679.2109478640168,1679.210947864019,567.460068504201,-0.21820814067287977,0.5616677540920545,-0.7798758947649342,2239.4718155449546,2238.6919396501894,123.86919396501894,2267.227520417814,1.2586112558463474,ACTIVE,True
1049,short,66,3.5,1.0,9,2024-08-10 08:30:00,639188,63918,0.1287,642068,2024-08-11 08:30:00,Time_288,-0.07770007770006913,2246.671016368218,12.5,0.002,280.8338770460272,280.8338770460272,280.8338770460272,1960.044824910044,1960.0448249100464,286.6261914581737,-0.21820814067287977,0.5616677540920545,-0.7798758947649342,2238.6919396501894,2237.9120637554242,123.79120637554242,2267.227520417814,1.2930090340905633,ACTIVE,True
1050,short,66,3.5,1.0,9,2024-08-10 08:40:00,639208,63920,0.1286,642088,2024-08-11 08:40:00,Time_288,-0.1555209953343746,2246.671016368218,12.5,0.002,280.8338770460272,5.792314412146425,5.792314412146425,2240.8787019560714,2240.8787019560737,5.792314412146425,-0.009008265026666549,0.011584628824292849,-0.020592893850959398,2237.9120637554242,2237.8914708615735,123.78914708615736,2267.227520417814,1.2939173193713893,ACTIVE,True
1051,short,8,5.0,3.0,7,2024-08-10 17:50:00,640306,64030,2614.4,643186,2024-08-11 17:50:00,SL,-3.0,2243.3705176166113,12.5,0.002,280.4213147020764,271.7410638822762,271.7410638822762,1971.6294537343351,5.684341886080802e-14,271.7410638822762,-8.152231916468285,0.5434821277645524,-8.695714044232837,2237.8914708615735,2229.1957568173407,122.91957568173406,2267.227520417814,1.6774568612092675,ACTIVE,True
1052,short,2,4.0,1.25,1,2024-08-11 11:50:00,642460,64246,0.3476,645340,2024-08-12 11:50:00,TP,4.0,2237.8914708615735,12.5,0.002,279.7364338576967,279.7364338576967,279.7364338576967,271.741063882274,1.1368683772161603e-13,1966.1504069792995,11.189457354307867,0.5594728677153934,10.629984486592473,2229.1957568173407,2239.8257413039332,123.9825741303933,2267.227520417814,1.2086029684762782,ACTIVE,True
1053,short,22,3.5,1.25,1,2024-08-11 11:55:00,642470,64247,0.3475,645350,2024-08-12 11:55:00,TP,3.5,2237.8914708615735,12.5,0.002,279.7364338576967,279.7364338576967,279.7364338576967,551.4774977399707,279.7364338576968,1686.4139731216028,9.790775185019385,0.5594728677153934,9.23130231730399,2239.8257413039332,2249.0570436212374,124.90570436212374,2267.227520417814,0.8014403774186761,ACTIVE,True
1054,short,2,4.0,1.25,1,2024-08-11 12:00:00,642480,64248,0.3474,645360,2024-08-12 12:00:00,TP,4.0,2237.8914708615735,12.5,0.002,279.7364338576967,279.7364338576967,279.7364338576967,831.2139315976674,559.4728677153935,1406.677539263906,11.189457354307867,0.5594728677153934,10.629984486592473,2249.0570436212374,2259.68702810783,125.96870281078299,2267.227520417814,0.332586484685687,ACTIVE,True
1055,short,22,3.5,1.25,1,2024-08-11 12:05:00,642490,64249,0.3464,645370,2024-08-12 12:05:00,TP,3.5,2237.8914708615735,12.5,0.002,279.7364338576967,279.7364338576967,279.7364338576967,1110.9503654553641,839.2093015730902,1126.9411054062093,9.790775185019385,0.5594728677153934,9.23130231730399,2259.68702810783,2268.918330425134,126.89183304251341,2268.918330425134,0.0,ACTIVE,True
1056,short,22,3.5,1.25,1,2024-08-11 12:10:00,642500,64250,0.3447,645380,2024-08-12 12:10:00,TP,3.5,2237.8914708615735,12.5,0.002,279.7364338576967,279.7364338576967,279.7364338576967,1390.6867993130609,1118.945735430787,847.2046715485126,9.790775185019385,0.5594728677153934,9.23130231730399,2268.918330425134,2278.1496327424384,127.81496327424384,2278.1496327424384,0.0,ACTIVE,True
1057,short,17,3.5,2.0,6,2024-08-11 16:00:00,642965,64296,4.621,645845,2024-08-12 16:00:00,TP,3.5,2237.8914708615735,12.5,0.002,279.7364338576967,279.7364338576967,279.7364338576967,1670.4232331707576,0.0,567.4682376908158,9.790775185019385,0.5594728677153934,9.23130231730399,2278.1496327424384,2287.3809350597426,128.73809350597426,2287.3809350597426,0.0,ACTIVE,True
1058,short,39,8.0,3.0,8,2024-08-11 16:30:00,643027,64302,149.23,645907,2024-08-12 16:30:00,Time_288,1.5345439924948014,2237.8914708615735,12.5,0.002,279.7364338576967,279.7364338576967,279.7364338576967,1950.1596670284544,1.1368683772161603e-13,287.7318038331191,4.292678640582478,0.5594728677153934,3.733205772867085,2287.3809350597426,2291.11414083261,129.111414083261,2291.11414083261,0.0,ACTIVE,True
1059,short,60,2.5,2.5,3,2024-08-11 19:35:00,643392,64339,513.1,646272,2024-08-12 19:35:00,TP,2.5,2229.1957568173407,12.5,0.002,278.6494696021676,271.0407198134658,271.0407198134658,1958.155037003875,0.0,271.0407198134658,6.776017995336645,0.5420814396269316,6.233936555709713,2291.11414083261,2297.3480773883193,129.73480773883193,2297.3480773883193,0.0,ACTIVE,True
1060,short,17,3.5,2.0,1,2024-08-12 16:20:00,645880,64588,0.3401,648760,2024-08-13 16:20:00,Time_288,0.5880623346074688,2287.3809350597426,12.5,0.002,285.9226168824678,285.9226168824678,285.9226168824678,550.7771536711602,1.1368683772161603e-13,1736.6037813885823,1.681403216009809,0.5718452337649357,1.1095579822448731,2297.3480773883193,2298.4576353705643,129.84576353705643,2298.4576353705643,0.0,ACTIVE,True
1061,short,5,2.5,1.0,6,2024-08-12 17:05:00,645975,64597,4.622,648855,2024-08-13 17:05:00,TP,2.5,2291.11414083261,12.5,0.002,286.3892676040762,286.3892676040762,286.3892676040762,556.9633366959313,0.0,1734.1508041366785,7.159731690101906,0.5727785352081525,6.586953154893754,2298.4576353705643,2305.044588525458,130.50445885254584,2305.044588525458,0.0,ACTIVE,True
1062,short,63,6.0,2.5,4,2024-08-13 05:10:00,647423,64742,59184.01,650303,2024-08-14 05:10:00,SL,-2.5,2297.3480773883193,12.5,0.002,287.1685096735399,287.1685096735399,287.1685096735399,572.3118844865417,0.0,1725.0361929017777,-7.179212741838498,0.5743370193470798,-7.753549761185578,2305.044588525458,2297.2910387642723,129.72910387642722,2305.044588525458,0.3363730922943082,ACTIVE,True
1063,short,45,3.0,1.0,7,2024-08-13 05:15:00,647436,64743,2658.79,650316,2024-08-14 05:15:00,SL,-1.0,2297.3480773883193,12.5,0.002,287.1685096735399,287.1685096735399,287.1685096735399,859.4803941600816,5.684341886080802e-14,1437.8676832282376,-2.871685096735399,0.5743370193470798,-3.446022116082479,2297.2910387642723,2293.84501664819,129.38450166481897,2305.044588525458,0.4858722444251118,ACTIVE,True
1064,short,64,5.0,1.25,5,2024-08-13 05:15:00,647434,64743,0.10475,650314,2024-08-14 05:15:00,SL,-1.25,2297.3480773883193,12.5,0.002,287.1685096735399,287.1685096735399,287.1685096735399,1146.6489038336215,1.1368683772161603e-13,1150.6991735546978,-3.589606370919249,0.5743370193470798,-4.163943390266329,2293.84501664819,2289.6810732579233,128.96810732579232,2305.044588525458,0.6665170532498362,ACTIVE,True
1065,short,52,2.5,2.0,7,2024-08-13 05:25:00,647456,64745,2662.67,650336,2024-08-14 05:25:00,SL,-2.0,2297.3480773883193,12.5,0.002,287.1685096735399,287.1685096735399,287.1685096735399,1433.8174135071613,287.16850967354,863.530663881158,-5.743370193470798,0.5743370193470798,-6.3177072128178775,2289.6810732579233,2283.3633660451055,128.33633660451054,2305.044588525458,0.940598832156303,ACTIVE,True
1066,short,45,3.0,1.0,7,2024-08-13 05:40:00,647486,64748,2656.27,650366,2024-08-14 05:40:00,SL,-1.0,2297.3480773883193,12.5,0.002,287.1685096735399,287.1685096735399,287.1685096735399,1720.9859231807013,574.3370193470798,576.362154207618,-2.871685096735399,0.5743370193470798,-3.446022116082479,2283.3633660451055,2279.917343929023,127.99173439290227,2305.044588525458,1.0900979842871066,ACTIVE,True
1067,short,4,6.0,2.5,7,2024-08-13 05:55:00,647516,64751,2652.38,650396,2024-08-14 05:55:00,SL,-2.5,2297.3480773883193,12.5,0.002,287.1685096735399,287.1685096735399,287.1685096735399,2008.1544328542413,861.5055290206197,289.193644534078,-7.179212741838498,0.5743370193470798,-7.753549761185578,2279.917343929023,2272.1637941678373,127.21637941678372,2305.044588525458,1.4264710765814148,ACTIVE,True
1068,short,60,2.5,2.5,6,2024-08-13 10:15:00,648035,64803,4.423,650915,2024-08-14 10:15:00,SL,-2.5,2297.3480773883193,12.5,0.002,287.1685096735399,2.0251348605379462,2.0251348605379462,2295.3229425277814,286.3892676040762,2.0251348605379462,-0.05062837151344866,0.004050269721075892,-0.05467864123452455,2272.1637941678373,2272.1091155266026,127.21091155266025,2305.044588525458,1.428843206019034,ACTIVE,True
1069,short,66,3.5,1.0,8,2024-08-13 18:30:00,649027,64902,146.93,651907,2024-08-14 18:30:00,SL,-1.0,2305.044588525458,12.5,0.002,288.13057356568225,288.13057356568225,288.13057356568225,1725.0361929017754,1.1368683772161603e-13,580.0083956236826,-2.881305735656823,0.5762611471313646,-3.4575668827881874,2272.1091155266026,2268.6515486438143,126.86515486438141,2305.044588525458,1.5788432060190407,ACTIVE,True
1070,short,4,6.0,2.5,5,2024-08-13 21:00:00,649324,64932,0.10557,652204,2024-08-14 21:00:00,Time_288,2.567017145022264,2305.044588525458,12.5,0.002,288.13057356568225,288.13057356568225,288.13057356568225,2013.1667664674576,287.16850967354003,291.87782205800045,7.39636122348205,0.5762611471313646,6.820100076350686,2268.6515486438143,2275.471648720165,127.54716487201647,2305.044588525458,1.2829660628912603,ACTIVE,True
1071,short,85,3.5,1.0,5,2024-08-14 04:00:00,650164,65016,0.10581,653044,2024-08-15 04:00:00,SL,-1.0,2305.044588525458,12.5,0.002,288.13057356568225,3.747248492318249,3.747248492318249,2301.29734003314,575.2990832392222,3.747248492318249,-0.037472484923182496,0.007494496984636499,-0.044966981907819,2275.471648720165,2275.4266817382572,127.54266817382573,2305.044588525458,1.2849168703563971,ACTIVE,True
1072,short,19,6.0,1.75,5,2024-08-14 15:00:00,651484,65148,0.10351,654364,2024-08-15 15:00:00,Time_288,-0.6666022606511411,2272.1091155266026,12.5,0.002,284.01363944082533,284.01363944082533,284.01363944082533,580.0083956236801,291.87782205800056,1692.1007199029225,-1.8932413410701225,0.5680272788816507,-2.461268619951773,2275.4266817382572,2272.9654131183056,127.29654131183055,2305.044588525458,1.3916943544972182,ACTIVE,True
1073,short,29,5.0,1.0,1,2024-08-14 15:25:00,651530,65153,0.3349,654410,2024-08-15 15:25:00,SL,-1.0,2272.1091155266026,12.5,0.002,284.01363944082533,284.01363944082533,284.01363944082533,864.0220350645054,1.1368683772161603e-13,1408.0870804620972,-2.8401363944082534,0.5680272788816507,-3.408163673289904,2272.9654131183056,2269.5572494450157,126.95572494450155,2305.044588525458,1.5395510896881892,ACTIVE,True
1074,short,7,3.0,2.0,5,2024-08-14 15:40:00,651564,65156,0.10347,654444,2024-08-15 15:40:00,Time_288,-0.9181405238233232,2272.1091155266026,12.5,0.002,284.01363944082533,284.01363944082533,284.01363944082533,1148.0356745053307,575.891461498826,1124.073441021272,-2.6076443168916783,0.5680272788816507,-3.175671595773329,2269.5572494450157,2266.3815778492426,126.63815778492426,2305.044588525458,1.6773215958025456,ACTIVE,True
1075,short,39,8.0,3.0,7,2024-08-14 15:40:00,651566,65156,2672.97,654446,2024-08-15 15:40:00,Time_288,0.22521764179919646,2272.1091155266026,12.5,0.002,284.01363944082533,284.01363944082533,284.01363944082533,1432.049313946156,0.0,840.0598015804467,0.6396488211366994,0.5680272788816507,0.07162154225504869,2266.3815778492426,2266.4531993914975,126.64531993914974,2305.044588525458,1.6742144306478488,ACTIVE,True
1076,short,98,2.5,1.0,5,2024-08-14 22:45:00,652414,65241,0.1025,655294,2024-08-15 22:45:00,SL,-1.0,2275.471648720165,12.5,0.002,284.4339560900206,284.4339560900206,284.4339560900206,1139.8018062556168,571.774527373969,1135.669842464548,-2.844339560900206,0.5688679121800413,-3.4132074730802473,2266.4531993914975,2263.0399919184174,126.30399919184173,2305.044588525458,1.8222899815535054,ACTIVE,True
1077,short,52,2.5,2.0,4,2024-08-15 03:35:00,652993,65299,58470.01,655873,2024-08-16 03:35:00,SL,-2.0,2275.471648720165,12.5,0.002,284.4339560900206,284.4339560900206,284.4339560900206,1424.2357623456373,0.0,851.2358863745276,-5.688679121800412,0.5688679121800413,-6.257547033980453,2263.0399919184174,2256.782444884437,125.67824448844371,2305.044588525458,2.0937618248805454,ACTIVE,True
1078,short,63,6.0,2.5,4,2024-08-15 03:45:00,653013,65301,58469.98,655893,2024-08-16 03:45:00,Time_288,0.9928171687419767,2275.471648720165,12.5,0.002,284.4339560900206,284.4339560900206,284.4339560900206,1708.669718435658,284.4339560900206,566.8019302845069,2.8239091497937396,0.5688679121800413,2.2550412376136983,2256.782444884437,2259.0374861220507,125.90374861220508,2305.044588525458,1.9959311256897705,ACTIVE,True
1079,short,85,3.5,1.0,1,2024-08-15 13:00:00,654120,65412,0.335,657000,2024-08-16 13:00:00,TP,3.5,2275.4266817382572,12.5,0.002,284.42833521728215,284.42833521728215,284.42833521728215,1989.3564260333605,284.01363944082544,286.0702557048967,9.954991732604876,0.5688566704345643,9.386135062170311,2259.0374861220507,2268.4236211842212,126.84236211842213,2305.044588525458,1.5887314077799815,ACTIVE,True
1080,short,23,2.5,2.0,5,2024-08-15 19:50:00,654944,65494,0.09914,657824,2024-08-16 19:50:00,SL,-2.0,2266.4531993914975,12.5,0.002,283.3066499239372,283.3066499239372,283.3066499239372,1137.7302034873414,284.4339560900207,1128.722995904156,-5.666132998478743,0.5666132998478743,-6.232746298326617,2268.4236211842212,2262.1908748858946,126.21908748858948,2305.044588525458,1.8591273180957022,ACTIVE,True
1081,short,5,2.5,1.0,2,2024-08-15 19:55:00,654951,65495,20.05,657831,2024-08-16 19:55:00,SL,-1.0,2266.4531993914975,12.5,0.002,283.3066499239372,283.3066499239372,283.3066499239372,1421.0368534112786,2.8421709430404007e-13,845.4163459802189,-2.8330664992393717,0.5666132998478743,-3.399679799087246,2262.1908748858946,2258.7911950868074,125.87911950868076,2305.044588525458,2.0066159964497268,ACTIVE,True
1082,short,64,5.0,1.25,2,2024-08-15 20:00:00,654961,65496,19.99,657841,2024-08-16 20:00:00,SL,-1.25,2266.4531993914975,12.5,0.002,283.3066499239372,283.3066499239372,283.3066499239372,1704.3435033352157,283.30664992393747,562.1096960562818,-3.541333124049215,0.5666132998478743,-4.10794642389709,2258.7911950868074,2254.6832486629105,125.46832486629107,2305.044588525458,2.18483148279417,ACTIVE,True
1083,short,50,3.5,1.75,8,2024-08-15 20:05:00,654977,65497,139.18,657857,2024-08-16 20:05:00,SL,-1.75,2266.4531993914975,12.5,0.002,283.3066499239372,278.80304613234466,278.80304613234466,1987.6501532591528,1.1368683772161603e-13,278.80304613234466,-4.879053307316032,0.5576060922646894,-5.436659399580721,2254.6832486629105,2249.24658926333,124.924658926333,2305.044588525458,2.42069066862703,ACTIVE,True
1084,short,29,5.0,1.0,3,2024-08-18 02:30:00,661502,66150,538.2,664382,2024-08-19 02:30:00,Time_288,0.650315867707172,2249.24658926333,12.5,0.002,281.15582365791624,281.15582365791624,281.15582365791624,-3.0127011996228248e-12,0.0,2249.246589263333,1.8284009342302243,0.5623116473158325,1.2660892869143918,2249.24658926333,2250.5126785502443,125.05126785502445,2305.044588525458,2.3657637794372506,ACTIVE,True
1085,short,39,8.0,3.0,3,2024-08-18 02:35:00,661512,66151,538.9,664392,2024-08-19 02:35:00,Time_288,0.8721469660419247,2249.24658926333,12.5,0.002,281.15582365791624,281.15582365791624,281.15582365791624,281.15582365791323,281.15582365791624,1968.0907656054167,2.4520919858827,0.5623116473158325,1.8897803385668677,2250.5126785502443,2252.402458888811,125.24024588888109,2305.044588525458,2.2837792335428238,ACTIVE,True
1086,short,39,8.0,3.0,5,2024-08-18 19:05:00,663494,66349,0.10228,666374,2024-08-19 19:05:00,Time_288,1.398122800156434,2249.24658926333,12.5,0.002,281.15582365791624,281.15582365791624,281.15582365791624,562.3116473158295,5.684341886080802e-14,1686.9349419475004,3.9309036745289445,0.5623116473158325,3.3685920272131122,2252.402458888811,2255.7710509160243,125.5771050916024,2305.044588525458,2.1376392393760235,ACTIVE,True
1087,short,28,5.0,1.5,7,2024-08-18 20:55:00,663716,66371,2665.7,666596,2024-08-19 20:55:00,Time_288,1.8704280301609213,2249.24658926333,12.5,0.002,281.15582365791624,281.15582365791624,281.15582365791624,843.4674709737458,0.0,1405.7791182895842,5.258817334127476,0.5623116473158325,4.696505686811644,2255.7710509160243,2260.467556602836,126.04675566028361,2305.044588525458,1.9338902225374381,ACTIVE,True
1088,short,29,5.0,1.0,7,2024-08-19 01:20:00,664246,66424,2619.13,667126,2024-08-20 01:20:00,SL,-1.0,2249.24658926333,12.5,0.002,281.15582365791624,281.15582365791624,281.15582365791624,1124.623294631662,281.15582365791624,1124.623294631668,-2.8115582365791627,0.5623116473158325,-3.3738698838949954,2260.467556602836,2257.0936867189407,125.70936867189405,2305.044588525458,2.080259186534505,ACTIVE,True
1089,short,29,5.0,1.0,7,2024-08-19 01:25:00,664256,66425,2620.86,667136,2024-08-20 01:25:00,SL,-1.0,2249.24658926333,12.5,0.002,281.15582365791624,281.15582365791624,281.15582365791624,1405.7791182895783,562.3116473158325,843.4674709737517,-2.8115582365791627,0.5623116473158325,-3.3738698838949954,2257.0936867189407,2253.7198168350455,125.37198168350456,2305.044588525458,2.226628150531572,ACTIVE,True
1090,short,36,8.0,2.5,10,2024-08-19 01:25:00,664259,66425,0.5654,667139,2024-08-20 01:25:00,SL,-2.5,2249.24658926333,12.5,0.002,281.15582365791624,281.15582365791624,281.15582365791624,1686.9349419474945,2.2737367544323206e-13,562.3116473158354,-7.028895591447906,0.5623116473158325,-7.591207238763738,2253.7198168350455,2246.128609596282,124.61286095962821,2305.044588525458,2.5559583195249527,ACTIVE,True
1091,short,63,6.0,2.5,4,2024-08-19 11:20:00,665443,66544,58045.99,668323,2024-08-20 11:20:00,SL,-2.5,2252.402458888811,12.5,0.002,281.5503073611014,281.5503073611014,281.5503073611014,1405.7791182895783,0.0,846.6233405992327,-7.0387576840275345,0.5631006147222027,-7.601858298749737,2246.128609596282,2238.526751297532,123.8526751297532,2305.044588525458,2.885750564611753,ACTIVE,True
1092,short,4,6.0,2.5,8,2024-08-19 11:35:00,665477,66547,141.13,668357,2024-08-20 11:35:00,SL,-2.5,2252.402458888811,12.5,0.002,281.5503073611014,281.5503073611014,281.5503073611014,1687.3294256506797,1.1368683772161603e-13,565.0730332381313,-7.0387576840275345,0.5631006147222027,-7.601858298749737,2238.526751297532,2230.924892998782,123.0924892998782,2305.044588525458,3.215542809698553,ACTIVE,True
1093,short,4,6.0,2.5,1,2024-08-19 11:40:00,665480,66548,0.3293,668360,2024-08-20 11:40:00,SL,-2.5,2252.402458888811,12.5,0.002,281.5503073611014,281.5503073611014,281.5503073611014,1968.8797330117811,1.1368683772161603e-13,283.52272587702987,-7.0387576840275345,0.5631006147222027,-7.601858298749737,2230.924892998782,2223.323034700032,122.33230347000324,2305.044588525458,3.5453350547853537,ACTIVE,True
1094,short,4,6.0,2.5,4,2024-08-19 11:45:00,665493,66549,58248.46,668373,2024-08-20 11:45:00,SL,-2.5,2252.402458888811,12.5,0.002,281.5503073611014,1.9724185159284389,1.9724185159284389,2250.4300403728826,281.5503073611014,1.9724185159284389,-0.04931046289821098,0.003944837031856878,-0.053255299930067855,2223.323034700032,2223.269779400102,122.3269779400102,2305.044588525458,3.5476454352524103,ACTIVE,True
1095,short,66,3.5,1.0,2,2024-08-20 14:55:00,668751,66875,21.78,671631,2024-08-21 14:55:00,SL,-1.0,2223.269779400102,12.5,0.002,277.90872242501274,277.90872242501274,277.90872242501274,-2.8421709430404007e-12,3.410605131648481e-13,2223.2697794001047,-2.7790872242501274,0.5558174448500255,-3.334904669100153,2223.269779400102,2219.934874731002,121.99348747310017,2305.044588525458,3.6923239670995276,ACTIVE,True
1096,short,66,3.5,1.0,2,2024-08-20 15:00:00,668761,66876,21.58,671641,2024-08-21 15:00:00,SL,-1.0,2223.269779400102,12.5,0.002,277.90872242501274,277.90872242501274,277.90872242501274,277.9087224250099,277.9087224250131,1945.361056975092,-2.7790872242501274,0.5558174448500255,-3.334904669100153,2219.934874731002,2216.599970061902,121.6599970061902,2305.044588525458,3.837002498946646,ACTIVE,True
1097,short,7,3.0,2.0,5,2024-08-20 16:25:00,668934,66893,0.10284,671814,2024-08-21 16:25:00,SL,-2.0,2223.269779400102,12.5,0.002,277.90872242501274,277.90872242501274,277.90872242501274,555.8174448500226,5.684341886080802e-14,1667.4523345500793,-5.558174448500255,0.5558174448500255,-6.11399189335028,2216.599970061902,2210.4859781685514,121.04859781685514,2305.044588525458,4.102246473999708,ACTIVE,True
1098,short,59,3.0,1.75,10,2024-08-20 16:35:00,668959,66895,0.5948,671839,2024-08-21 16:35:00,Time_288,-0.16812373907195713,2223.269779400102,12.5,0.002,277.90872242501274,277.90872242501274,277.90872242501274,833.7261672750353,2.2737367544323206e-13,1389.5436121250666,-0.467230535348038,0.5558174448500255,-1.0230479801980634,2210.4859781685514,2209.4629301883533,120.94629301883532,2305.044588525458,4.146629475755543,ACTIVE,True
1099,short,45,3.0,1.0,7,2024-08-20 16:40:00,668966,66896,2577.37,671846,2024-08-21 16:40:00,SL,-1.0,2223.269779400102,12.5,0.002,277.90872242501274,277.90872242501274,277.90872242501274,1111.634889700048,0.0,1111.634889700054,-2.7790872242501274,0.5558174448500255,-3.334904669100153,2209.4629301883533,2206.1280255192532,120.6128025519253,2305.044588525458,4.2913080076026615,ACTIVE,True
1100,short,28,5.0,1.5,7,2024-08-20 16:50:00,668986,66898,2572.67,671866,2024-08-21 16:50:00,SL,-1.5,2223.269779400102,12.5,0.002,277.90872242501274,277.90872242501274,277.90872242501274,1389.5436121250607,277.90872242501274,833.7261672750412,-4.168630836375191,0.5558174448500255,-4.724448281225216,2206.1280255192532,2201.403577238028,120.14035772380281,2305.044588525458,4.496269261052752,ACTIVE,True
1101,short,39,8.0,3.0,7,2024-08-20 17:30:00,669066,66906,2576.95,671946,2024-08-21 17:30:00,Time_288,-1.7780709753778756,2223.269779400102,12.5,0.002,277.90872242501274,277.90872242501274,277.90872242501274,1667.4523345500734,555.8174448500255,555.8174448500286,-4.941414331482617,0.5558174448500255,-5.497231776332643,2201.403577238028,2195.9063454616953,119.59063454616951,2305.044588525458,4.734756264891981,ACTIVE,True
1102,short,29,5.0,1.0,7,2024-08-20 17:35:00,669076,66907,2577.8,671956,2024-08-21 17:35:00,SL,-1.0,2223.269779400102,12.5,0.002,277.90872242501274,277.90872242501274,277.90872242501274,1945.361056975086,833.7261672750383,277.90872242501587,-2.7790872242501274,0.5558174448500255,-3.334904669100153,2195.9063454616953,2192.5714407925952,119.25714407925953,2305.044588525458,4.879434796739099,ACTIVE,True
1103,short,74,8.0,2.5,10,2024-08-22 07:15:00,673599,67359,0.6015,676479,2024-08-23 07:15:00,Time_288,0.2992518703241935,2192.5714407925952,12.5,0.002,274.0714300990744,274.0714300990744,274.0714300990744,-2.8421709430404007e-12,2.2737367544323206e-13,2192.571440792598,0.8201638805957447,0.5481428601981488,0.2720210203975959,2192.5714407925952,2192.8434618129927,119.28434618129926,2305.044588525458,4.867633679235707,ACTIVE,True
1104,short,87,5.0,3.0,6,2024-08-23 01:30:00,675785,67578,4.708,678665,2024-08-24 01:30:00,SL,-3.0,2192.5714407925952,12.5,0.002,274.0714300990744,274.0714300990744,274.0714300990744,274.07143009907156,0.0,1918.5000106935236,-8.222142902972232,0.5481428601981488,-8.770285763170381,2192.8434618129927,2184.0731760498225,118.40731760498224,2305.044588525458,5.248115940048746,ACTIVE,True
1105,short,87,5.0,3.0,1,2024-08-23 09:15:00,676710,67671,0.3838,679590,2024-08-24 09:15:00,Time_288,-1.693590411672748,2192.8434618129927,12.5,0.002,274.1054327266241,274.1054327266241,274.1054327266241,274.07143009907156,1.1368683772161603e-13,1918.772031713921,-4.6422233265322,0.5482108654532482,-5.190434191985448,2184.0731760498225,2178.882741857837,117.88827418578371,2305.044588525458,5.473293110929664,ACTIVE,True
1106,short,28,5.0,1.5,7,2024-08-23 23:20:00,678406,67840,2767.42,681286,2024-08-24 23:20:00,SL,-1.5,2192.8434618129927,12.5,0.002,274.1054327266241,274.1054327266241,274.1054327266241,548.1768628256957,1.1368683772161603e-13,1644.666598987297,-4.111581490899361,0.5482108654532482,-4.659792356352609,2178.882741857837,2174.2229495014844,117.42229495014844,2305.044588525458,5.675449389361291,ACTIVE,True
1107,short,43,3.5,3.0,7,2024-08-23 23:25:00,678416,67841,2767.24,681296,2024-08-24 23:25:00,Time_288,0.3317384831095184,2192.8434618129927,12.5,0.002,274.1054327266241,274.1054327266241,274.1054327266241,822.2822955523197,274.1054327266242,1370.561166260673,0.9093132046480842,0.5482108654532482,0.36110233919483603,2174.2229495014844,2174.5840518406794,117.45840518406796,2305.044588525458,5.65978364731914,ACTIVE,True
1108,short,38,2.0,1.5,4,2024-08-24 12:40:00,680003,68000,64171.5,682883,2024-08-25 12:40:00,Time_288,0.39503517916832237,2178.882741857837,12.5,0.002,272.36034273222964,272.36034273222964,272.36034273222964,548.2108654532453,0.0,1630.6718764045918,1.0759191678957203,0.5447206854644593,0.531198482431261,2174.5840518406794,2175.1152503231106,117.51152503231106,2305.044588525458,5.636738605801268,ACTIVE,True
1109,short,38,2.0,1.5,4,2024-08-24 12:45:00,680013,68001,64157.98,682893,2024-08-25 12:45:00,Time_288,0.3486549919433285,2178.882741857837,12.5,0.002,272.36034273222964,272.36034273222964,272.36034273222964,820.5712081854749,272.36034273222964,1358.3115336723622,0.9495979310098771,0.5447206854644593,0.4048772455454178,2175.1152503231106,2175.520127568656,117.55201275686558,2305.044588525458,5.619173772237493,ACTIVE,True
1110,short,65,2.5,1.25,7,2024-08-24 14:30:00,680226,68022,2761.0,683106,2024-08-25 14:30:00,SL,-1.25,2178.882741857837,12.5,0.002,272.36034273222964,272.36034273222964,272.36034273222964,1092.9315509177045,548.2108654532483,1085.9511909401326,-3.4045042841528708,0.5447206854644593,-3.94922496961733,2175.520127568656,2171.5709025990386,117.15709025990387,2305.044588525458,5.7905034284739285,ACTIVE,True
1111,short,29,5.0,1.0,3,2024-08-24 23:15:00,681272,68127,579.3,684152,2024-08-25 23:15:00,Time_288,0.3970308993612903,2178.882741857837,12.5,0.002,272.36034273222964,272.36034273222964,272.36034273222964,1365.291893649934,0.0,813.590848207903,1.0813547182532641,0.5447206854644593,0.5366340327888048,2171.5709025990386,2172.1075366318273,117.21075366318274,2305.044588525458,5.767222575883916,ACTIVE,True
1112,short,29,5.0,1.0,3,2024-08-24 23:20:00,681282,68128,579.2,684162,2024-08-25 23:20:00,Time_288,0.39709944751382387,2178.882741857837,12.5,0.002,272.36034273222964,272.36034273222964,272.36034273222964,1637.6522363821637,272.36034273222964,541.2305054756735,1.0815414162364412,0.5447206854644593,0.5368207307719819,2172.1075366318273,2172.6443573625993,117.26443573625991,2305.044588525458,5.7439336237549945,ACTIVE,True
1113,short,29,5.0,1.0,3,2024-08-24 23:25:00,681292,68129,579.6,684172,2024-08-25 23:25:00,Time_288,0.4313319530710835,2174.2229495014844,12.5,0.002,271.77786868768555,271.77786868768555,271.77786868768555,1635.9071463877692,544.7206854644593,538.3158031137152,1.1722647890255589,0.5435557373753711,0.6287090516501878,2172.6443573625993,2173.2730664142496,117.32730664142497,2305.044588525458,5.716658270610851,ACTIVE,True
1114,short,56,2.5,1.25,7,2024-08-24 23:25:00,681296,68129,2758.05,684176,2024-08-25 23:25:00,Time_288,-0.3709142328819281,2174.5840518406794,12.5,0.002,271.8230064800849,271.8230064800849,271.8230064800849,1633.5795823488309,272.36034273222975,541.0044694918486,-1.0082302192822008,0.5436460129601699,-1.5518762322423707,2173.2730664142496,2171.7211901820074,117.17211901820073,2305.044588525458,5.7839834859219765,ACTIVE,True
1115,short,52,2.5,2.0,7,2024-08-24 23:30:00,681306,68130,2761.37,684186,2024-08-25 23:30:00,Time_288,-0.15282269308351487,2174.5840518406794,12.5,0.002,271.8230064800849,269.18146301176375,269.18146301176375,1905.4025888289157,544.1833492123146,269.18146301176375,-0.4113703610561828,0.5383629260235275,-0.9497332870797104,2171.7211901820074,2170.7714568949277,117.0771456894928,2305.044588525458,5.825185868375115,ACTIVE,True
1116,short,17,3.5,2.0,6,2024-08-26 00:50:00,684345,68434,4.833,687225,2024-08-27 00:50:00,TP,3.5,2170.7714568949277,12.5,0.002,271.34643211186597,271.34643211186597,271.34643211186597,-2.7284841053187847e-12,0.0,2170.7714568949305,9.49712512391531,0.542692864223732,8.954432259691579,2170.7714568949277,2179.7258891546194,117.97258891546191,2305.044588525458,5.43671476008216,ACTIVE,True
1117,short,38,2.0,1.5,2,2024-08-26 03:15:00,684631,68463,26.66,687511,2024-08-27 03:15:00,SL,-1.5,2170.7714568949277,12.5,0.002,271.34643211186597,271.34643211186597,271.34643211186597,271.34643211186324,3.410605131648481e-13,1899.4250247830646,-4.070196481677989,0.542692864223732,-4.6128893459017215,2179.7258891546194,2175.1129998087176,117.51129998087175,2305.044588525458,5.6368362401118635,ACTIVE,True
1118,short,65,2.5,1.25,10,2024-08-26 03:15:00,684639,68463,0.5978,687519,2024-08-27 03:15:00,TP,2.5,2170.7714568949277,12.5,0.002,271.34643211186597,271.34643211186597,271.34643211186597,542.6928642237292,2.2737367544323206e-13,1628.0785926711985,6.78366080279665,0.542692864223732,6.2409679385729175,2175.1129998087176,2181.3539677472904,118.13539677472905,2305.044588525458,5.366083649483447,ACTIVE,True
1119,short,4,6.0,2.5,10,2024-08-26 03:40:00,684689,68468,0.5964,687569,2024-08-27 03:40:00,Time_288,0.6539235412474873,2170.7714568949277,12.5,0.002,271.34643211186597,271.34643211186597,271.34643211186597,814.0392963355952,271.3464321118662,1356.7321605593324,1.7743981979146228,0.542692864223732,1.2317053336908907,2181.3539677472904,2182.5856730809815,118.25856730809816,2305.044588525458,5.312648443074753,ACTIVE,True
1120,short,42,8.0,2.5,7,2024-08-26 03:40:00,684686,68468,2741.98,687566,2024-08-27 03:40:00,Time_288,2.243269462213445,2170.7714568949277,12.5,0.002,271.34643211186597,271.34643211186597,271.34643211186597,1085.3857284474611,1.1368683772161603e-13,1085.3857284474666,6.087031648371227,0.542692864223732,5.544338784147494,2182.5856730809815,2188.130011865129,118.8130011865129,2305.044588525458,5.072117790793787,ACTIVE,True
1121,short,7,3.0,2.0,3,2024-08-26 03:50:00,684702,68470,569.9,687582,2024-08-27 03:50:00,TP,3.0,2170.7714568949277,12.5,0.002,271.34643211186597,271.34643211186597,271.34643211186597,1356.732160559327,5.684341886080802e-14,814.0392963356007,8.140392963355978,0.542692864223732,7.597700099132246,2188.130011865129,2195.7277119642613,119.5727711964261,2305.044588525458,4.742505941333091,ACTIVE,True
1122,short,34,2.0,2.0,7,2024-08-26 04:05:00,684736,68473,2747.74,687616,2024-08-27 04:05:00,TP,2.0,2170.7714568949277,12.5,0.002,271.34643211186597,271.34643211186597,271.34643211186597,1628.0785926711928,271.3464321118661,542.6928642237349,5.4269286422373195,0.542692864223732,4.884235778013587,2195.7277119642613,2200.611947742275,120.06119477422747,2305.044588525458,4.530612609536935,ACTIVE,True
1123,short,17,3.5,2.0,1,2024-08-26 08:45:00,685290,68529,0.3792,688170,2024-08-27 08:45:00,TP,3.5,2170.7714568949277,12.5,0.002,271.34643211186597,271.34643211186597,271.34643211186597,1899.4250247830587,1.1368683772161603e-13,271.34643211186903,9.49712512391531,0.542692864223732,8.954432259691579,2200.611947742275,2209.5663800019665,120.95663800019665,2305.044588525458,4.142141501243978,ACTIVE,True
1124,short,6,8.0,3.0,6,2024-08-27 11:00:00,688445,68844,4.518,691325,2024-08-28 11:00:00,Time_288,3.098716246126598,2209.5663800019665,12.5,0.002,276.1957975002458,276.1957975002458,276.1957975002458,-2.7284841053187847e-12,0.0,2209.5663800019693,8.558524048259038,0.5523915950004916,8.006132453258546,2209.5663800019665,2217.572512455225,121.7572512455225,2305.044588525458,3.7948105865574204,ACTIVE,True
1125,short,19,6.0,1.75,5,2024-08-27 11:15:00,688474,68847,0.10429,691354,2024-08-28 11:15:00,TP,6.0,2209.5663800019665,12.5,0.002,276.1957975002458,276.1957975002458,276.1957975002458,276.1957975002431,5.684341886080802e-14,1933.3705825017234,16.57174785001475,0.5523915950004916,16.01935625501426,2217.572512455225,2233.5918687102394,123.35918687102394,2305.044588525458,3.0998411124414345,ACTIVE,True
1126,short,29,5.0,1.0,5,2024-08-27 11:20:00,688484,68848,0.10447,691364,2024-08-28 11:20:00,TP,5.0,2209.5663800019665,12.5,0.002,276.1957975002458,276.1957975002458,276.1957975002458,552.3915950004889,276.1957975002459,1657.1747850014776,13.809789875012292,0.5523915950004916,13.2573982800118,2233.5918687102394,2246.849266990251,124.68492669902514,2305.044588525458,2.5246939614488992,ACTIVE,True
1127,short,4,6.0,2.5,4,2024-08-27 12:00:00,688563,68856,62322.01,691443,2024-08-28 12:00:00,TP,6.0,2209.5663800019665,12.5,0.002,276.1957975002458,276.1957975002458,276.1957975002458,828.5873925007347,0.0,1380.9789875012318,16.57174785001475,0.5523915950004916,16.01935625501426,2246.849266990251,2262.8686232452656,126.28686232452657,2305.044588525458,1.8297244873329128,ACTIVE,True
1128,short,32,5.0,1.25,7,2024-08-27 13:35:00,688756,68875,2611.62,691636,2024-08-28 13:35:00,TP,5.0,2209.5663800019665,12.5,0.002,276.1957975002458,276.1957975002458,276.1957975002458,1104.7831900009805,1.1368683772161603e-13,1104.783190000986,13.809789875012292,0.5523915950004916,13.2573982800118,2262.8686232452656,2276.1260215252773,127.61260215252773,2305.044588525458,1.2545773363403772,ACTIVE,True
1129,short,28,5.0,1.5,7,2024-08-27 14:30:00,688866,68886,2598.51,691746,2024-08-28 14:30:00,TP,5.0,2209.5663800019665,12.5,0.002,276.1957975002458,276.1957975002458,276.1957975002458,1380.9789875012264,276.19579750024593,828.5873925007402,13.809789875012292,0.5523915950004916,13.2573982800118,2276.1260215252773,2289.383419805289,128.93834198052892,2305.044588525458,0.6794301853478418,ACTIVE,True
1130,short,43,3.5,3.0,7,2024-08-27 14:35:00,688876,68887,2602.49,691756,2024-08-28 14:35:00,TP,3.5,2209.5663800019665,12.5,0.002,276.1957975002458,276.1957975002458,276.1957975002458,1657.1747850014722,552.3915950004917,552.3915950004944,9.666852912508604,0.5523915950004916,9.114461317508113,2289.383419805289,2298.497881122797,129.84978811227973,2305.044588525458,0.28401651904048225,ACTIVE,True
1131,short,8,5.0,3.0,7,2024-08-27 14:40:00,688886,68888,2599.0,691766,2024-08-28 14:40:00,TP,5.0,2209.5663800019665,12.5,0.002,276.1957975002458,276.1957975002458,276.1957975002458,1933.370582501718,828.5873925007376,276.19579750024855,13.809789875012292,0.5523915950004916,13.2573982800118,2298.497881122797,2311.755279402809,131.17552794028086,2311.755279402809,0.0,ACTIVE,True
1132,short,45,3.0,1.0,2,2024-08-29 20:10:00,695301,69530,23.2,698181,2024-08-30 20:10:00,SL,-1.0,2311.755279402809,12.5,0.002,288.9694099253511,288.9694099253511,288.9694099253511,-2.7284841053187847e-12,3.410605131648481e-13,2311.7552794028115,-2.889694099253511,0.5779388198507022,-3.4676329191042132,2311.755279402809,2308.2876464837045,130.82876464837042,2311.755279402809,0.1500000000000033,ACTIVE,True
1133,short,45,3.0,1.0,2,2024-08-29 20:15:00,695311,69531,23.2,698191,2024-08-30 20:15:00,SL,-1.0,2311.755279402809,12.5,0.002,288.9694099253511,288.9694099253511,288.9694099253511,288.9694099253484,288.96940992535144,2022.7858694774604,-2.889694099253511,0.5779388198507022,-3.4676329191042132,2308.2876464837045,2304.8200135646002,130.48200135646005,2311.755279402809,0.3000000000000066,ACTIVE,True
1134,short,7,3.0,2.0,8,2024-08-29 20:20:00,695327,69532,139.55,698207,2024-08-30 20:20:00,TP,3.0,2311.755279402809,12.5,0.002,288.9694099253511,288.9694099253511,288.9694099253511,577.9388198506995,1.1368683772161603e-13,1733.8164595521093,8.669082297760532,0.5779388198507022,8.09114347790983,2304.8200135646002,2312.9111570425102,131.291115704251,2312.9111570425102,0.0,ACTIVE,True
1135,short,29,5.0,1.0,5,2024-08-29 20:20:00,695324,69532,0.09901,698204,2024-08-30 20:20:00,SL,-1.0,2311.755279402809,12.5,0.002,288.9694099253511,288.9694099253511,288.9694099253511,866.9082297760506,0.0,1444.8470496267582,-2.889694099253511,0.5779388198507022,-3.4676329191042132,2312.9111570425102,2309.443524123406,130.9443524123406,2312.9111570425102,0.14992503748126265,ACTIVE,True
1136,short,45,3.0,1.0,2,2024-08-29 20:20:00,695321,69532,23.11,698201,2024-08-30 20:20:00,SL,-1.0,2311.755279402809,12.5,0.002,288.9694099253511,288.9694099253511,288.9694099253511,1155.8776397014017,577.9388198507025,1155.8776397014071,-2.889694099253511,0.5779388198507022,-3.4676329191042132,2309.443524123406,2305.9758912043017,130.59758912043014,2312.9111570425102,0.2998500749625253,ACTIVE,True
1137,short,38,2.0,1.5,8,2024-08-29 23:05:00,695657,69565,140.25,698537,2024-08-30 23:05:00,TP,2.0,2311.755279402809,12.5,0.002,288.9694099253511,288.9694099253511,288.9694099253511,1444.8470496267528,288.9694099253512,866.908229776056,5.779388198507022,0.5779388198507022,5.20144937865632,2305.9758912043017,2311.177340582958,131.1177340582958,2312.9111570425102,0.07496251874063133,ACTIVE,True
1138,short,38,2.0,1.5,4,2024-08-30 04:20:00,696283,69628,59109.99,699163,2024-08-31 04:20:00,TP,2.0,2311.755279402809,12.5,0.002,288.9694099253511,288.9694099253511,288.9694099253511,1733.8164595521039,0.0,577.9388198507049,5.779388198507022,0.5779388198507022,5.20144937865632,2311.177340582958,2316.3787899616145,131.63787899616148,2316.3787899616145,0.0,ACTIVE,True
1139,short,38,2.0,1.5,10,2024-08-30 06:45:00,696579,69657,0.5625,699459,2024-08-31 06:45:00,TP,2.0,2311.755279402809,12.5,0.002,288.9694099253511,288.9694099253511,288.9694099253511,2022.785869477455,2.2737367544323206e-13,288.96940992535383,5.779388198507022,0.5779388198507022,5.20144937865632,2316.3787899616145,2321.580239340271,132.1580239340271,2321.580239340271,0.0,ACTIVE,True
1140,short,66,3.5,1.0,9,2024-08-31 00:25:00,698698,69869,0.1594,701520,2024-08-31 23:55:00,Time_288,1.1919698870765276,2311.177340582958,12.5,0.002,288.89716757286976,288.89716757286976,288.89716757286976,577.9388198506995,1.1368683772161603e-13,1733.2385207322586,3.4435672420856225,0.5777943351457395,2.865772906939883,2321.580239340271,2324.446012247211,132.44460122472108,2324.446012247211,0.0,ACTIVE,True
1141,short,66,3.5,1.0,9,2024-08-31 00:30:00,698708,69870,0.1597,701520,2024-08-31 23:55:00,Time_288,1.4402003757044435,2311.177340582958,12.5,0.002,288.89716757286976,288.89716757286976,288.89716757286976,866.8359874235692,288.8971675728699,1444.3413531593887,4.160698092783965,0.5777943351457395,3.582903757638226,2324.446012247211,2328.028916004849,132.8028916004849,2328.028916004849,0.0,ACTIVE,True
1142,short,66,3.5,1.0,9,2024-08-31 00:35:00,698718,69871,0.1595,701520,2024-08-31 23:55:00,Time_288,1.1912225705329234,2311.177340582958,12.5,0.002,288.89716757286976,288.89716757286976,288.89716757286976,1155.733154996439,577.7943351457396,1155.444185586519,3.441408265758346,0.5777943351457395,2.8636139306126065,2328.028916004849,2330.892529935462,133.08925299354618,2330.892529935462,0.0,ACTIVE,True
1143,short,66,3.5,1.0,9,2024-08-31 00:40:00,698728,69872,0.1595,701520,2024-08-31 23:55:00,Time_288,1.1912225705329234,2311.177340582958,12.5,0.002,288.89716757286976,288.89716757286976,288.89716757286976,1444.6303225693086,866.6915027186094,866.5470180136494,3.441408265758346,0.5777943351457395,2.8636139306126065,2330.892529935462,2333.7561438660746,133.37561438660748,2333.7561438660746,0.0,ACTIVE,True
1144,short,66,3.5,1.0,9,2024-08-31 00:45:00,698738,69873,0.1598,701520,2024-08-31 23:55:00,Time_288,1.3767209011264128,2311.177340582958,12.5,0.002,288.89716757286976,288.89716757286976,288.89716757286976,1733.5274901421785,1155.588670291479,577.6498504407796,3.9773076887378953,0.5777943351457395,3.399513353592156,2333.7561438660746,2337.155657219667,133.71556572196667,2337.155657219667,0.0,ACTIVE,True
1145,short,9,2.5,1.5,2,2024-08-31 19:05:00,700931,70093,22.62,701520,2024-08-31 23:55:00,TP,2.5,2321.580239340271,12.5,0.002,290.19752991753387,290.19752991753387,290.19752991753387,1444.4858378643462,3.410605131648481e-13,877.0944014759248,7.254938247938347,0.5803950598350678,6.6745431881032795,2337.155657219667,2343.83020040777,134.383020040777,2343.83020040777,0.0,ACTIVE,True
